id,url,description,license,accessed,sha256,how_to_get
wsf_evolution,https://download.geoservice.dlr.de/WSF_EVO/,"World Settlement Footprint Evolution v1 (DLR; Marconcini et al.): год появления застройки 1985–2015, 30 м; 24 тайла 2°×2° (22–34° в.д., 50–58° с.ш.) → доля застройки ячейки на конец 1990, 2000, 2015 (основной ряд исхода B)",CC BY 4.0 (DLR),2026-10-04,,растры не вендорятся (пофайловые URL и sha256 — sources/registry_files.csv); загрузка: python3 code/fetch.py --source wsf_evolution; производная — колонки wsf_* в sources/raw/cells.csv.gz
ghsl_built_s_r2023a,https://human-settlement.emergency.copernicus.eu/ghs_buS2023.php,"GHS-BUILT-S R2023A: застроенная поверхность, 1 км, Молльвейде (ESRI:54009), эпохи 1975/1990/2000/2015/2020, тайлы R3/R4 × C20/C21 (проверка исхода B; 1975→1990 — до распада СССР)","CC BY 4.0 (European Commission, Joint Research Centre)",2026-10-04,,растры не вендорятся (sources/registry_files.csv); python3 code/fetch.py --source ghsl_built_s_r2023a; производная — колонки built_*
ghsl_pop_r2023a,https://human-settlement.emergency.copernicus.eu/ghs_pop2023.php,"GHS-POP R2023A: население, 1 км, эпохи 1990/2000/2020 — ТОЛЬКО контроль (входные единицы по сторонам несопоставимы: BY 129 районов против PL ~2 500 гмин)","CC BY 4.0 (European Commission, Joint Research Centre)",2026-10-04,,растры не вендорятся (sources/registry_files.csv); python3 code/fetch.py --source ghsl_pop_r2023a; производная — колонки pop_*
li_ntl_v10,https://doi.org/10.6084/m9.figshare.9828827.v10,"Li X., Zhou Y., Zhao M., Zhao X. Harmonization of DMSP and VIIRS nighttime light data from 1992–2024 at the global scale (Figshare 9828827, версия 10): calDMSP 1992/2000/2004/2012, simVIIRS 2014/2019/2024 (исход L)",CC BY 4.0,2026-10-04,,растры не вендорятся (sources/registry_files.csv); python3 code/fetch.py --source li_ntl_v10; производная — колонки li_*
vnl_v21_zenodo,https://zenodo.org/records/17294744,"EOG VIIRS VNL v2.1, годовые композиты average, 500 м (зеркало OpenGeoHub на Zenodo), 2014/2019/2024 (исход I и уровни); читались по сети (/vsicurl) без локальной копии",CC BY 4.0 (зеркало); EOG VNL — свободное использование с цитированием,2026-10-04,,sha256 не фиксировался (чтение по сети); контрольные суммы md5 — в метаданных записи Zenodo; python3 code/fetch.py --source vnl_v21_zenodo; производная — колонки vnl_*
glad_cropland,https://glad.umd.edu/dataset/croplands,"GLAD Global cropland extent 30 м (Potapov P. et al. 2022. Global maps of cropland extent and change show accelerated cropland expansion in the twenty-first century. Nature Food 3: 19–28), 2003 и 2019, тайлы 60N_020E и 60N_030E (исход C)",открытый доступ с цитированием Potapov et al. (2022); условия — на странице набора GLAD UMD,2026-10-04,,растры не вендорятся (sources/registry_files.csv); python3 code/fetch.py --source glad_cropland; производная — колонки crop_*
geonames_cities15000,https://download.geonames.org/export/dump/cities15000.zip,GeoNames: населённые пункты от 15 тыс. жителей; в расчёте — центры городов от 50 тыс. жителей по обе стороны границы, из одного источника (исключение городских ядер 5 км; отклонение от пререгистрации, где для Беларуси указан data.json),CC BY 4.0 (GeoNames),2026-10-04,4d91d34a56966f1b6c7ae192e171bd721b47f7b86848955679ed20bd032d4aba,"вложена выжимка sources/raw/cities50k.json (93 города: имя, координаты, население, страна); полный архив: python3 code/fetch.py --source geonames_cities15000"
geoboundaries_adm0,https://www.geoboundaries.org/,"geoBoundaries gbOpen ADM0 (упрощённые) для POL, LTU, LVA, RUS, UKR: определяют участок границы снаружи Беларуси","по странам (см. properties в файле): POL — Other - Humanitarian (Wiki Commons Media); LTU, RUS, UKR — ODbL 1.0 (OpenStreetMap); LVA — CC BY 4.0 (Geoportal of Latvia)",2026-10-04,8b36026fa9ad7dfc8d5e3c5ad5aba4e08d01900ea0dbab6da9bc7933f897f97f,вложено: sources/raw/neighbors_adm0.geojson
bymaps_border,https://by-population-maps.vercel.app/data/geo/adm1.geojson,Граница Беларуси проекта BY Maps (объединение областей adm1.geojson; первоисточник — geoBoundaries gbOpen BLR ADM1): от неё считается знаковое расстояние d,CC BY 3.0 (geoBoundaries) / CC BY 4.0 (обработка BY Maps),2026-10-04,,не вендорится (нужен только для пересборки таблицы ячеек); файл лежит в репозитории проекта: web/public/data/geo/adm1.geojson
bymaps_cells,https://github.com/sergeionlyart/BY_maps/blob/master/etl/seam_extract.py,"Таблица ячеек 1 км в полосе ±52 км (производная BY Maps): 234 491 строка, расстояния до границы, участок, расстояния до городов и ЧАЭС, застройка, население, огни, пашня",CC BY 4.0 (производная BY Maps; права исходных наборов сохраняются),2026-10-04,9cd83b3aa5a1d1a28a959924bf10eb19123cca92a04178cb4751fe3e4f82dc82,"вложено: sources/raw/cells.csv.gz; пересборка из растров — code/extract/seam_extract.py (в репозитории проекта: SEAM_RAW=<папка загрузок> python -m etl.seam_extract; нужны numpy, rasterio, shapely)"
bymaps_units,https://github.com/sergeionlyart/BY_maps/tree/master/data/raw/seam/units,"Официальная численность населения административных единиц приграничья (сборка BY Maps 2026-10-04, H5): районы BY, гмины PL, самоуправления LT, новады LV, районы RU и UA; только официальные значения, без досчёта и интерполяции",официальная статистика стран — со ссылкой на источники (строки ниже); сборка CC BY 4.0,2026-10-04,,"вложено: sources/raw/units/units_population.csv, units_geo.csv, twins.csv, checks.csv (sha256 — checks/checksums.sha256); сырые ответы API и их sha256 — data/raw/seam/units/raw/ репозитория проекта"
bymaps_data_json,https://by-population-maps.vercel.app/data/data.json,"Ряды районов Беларуси проекта: переписи 1989, 1999, 2009, 2019 и оценка Белстата на 2026 (компиляция pop-stat.mashke.org; 1989 — Демоскоп); для 11 районов с городом областного подчинения — вариант без города (#admin)",CC BY 4.0 (обработка BY Maps); первоисточник — официальная статистика,2026-10-04,,строки country = BY в sources/raw/units/units_population.csv
gus_bdl,https://bdl.stat.gov.pl/api/v1/data/by-variable/60641,"GUS, Bank Danych Lokalnych: население гмин Подляского и Люблинского воеводств (var 60641, 1995–2025; NSP-1988 — var 196130)","открытые данные GUS, со ссылкой на источник",2026-10-04,,строки country = PL
osp_lt,https://osp-rs.stat.gov.lt/rest_json/data/S3R167_M3010214,"Статистика Литвы (OSP), SDMX: население самоуправлений на 1 января, 1996–2026","открытые данные OSP, со ссылкой на источник",2026-10-04,,строки country = LT
csp_lv,https://data.stat.gov.lv/api/v1/en/OSP_PUB/POP/IR/A_IR/IRS030,"Статистика Латвии (CSP), IRS030: население новадов Латгалии (деление 2009 г.), 1990–2022","открытые данные CSP, со ссылкой на источник",2026-10-04,,строки country = LV
demoscope_1989,http://demoscope.ru/weekly/ssp/sng89_reg1.php,"Демоскоп Weekly: итоги переписи 1989 по районам (ЛитССР, ЛатССР, приграничные области РСФСР и УССР; также rus89_reg1.php)",публикация ИД НИУ ВШЭ; первичные данные — перепись 1989,2026-10-04,,строки с source = Demoscope:*
rosstat,https://rosstat.gov.ru/,"Росстат: переписи 2002 (т. 1, табл. 4), 2010 (т. 1, табл. 11), 2021 (т. 1, табл. 5) и БД ПМО (показатель 8112027, 1 января 2025) — приграничные районы",официальная статистика,2026-10-04,,строки country = RU с source = Rosstat:*
ukrstat,https://ukrstat.gov.ua/,Перепись Украины 2001 (1989 и 2001 в границах 2001 г.) и Госстат Украины: наличное население на 1 января 2009 и 2020,официальная статистика; издания Госстата — CC BY 4.0,2026-10-04,,строки country = UA с source = Ukrcensus2001:* / Ukrstat:*
wikidata_coords,https://query.wikidata.org/sparql,"Координаты единиц LT, LV, RU, UA и единиц переписи 1989 — для привязки к полосе (центроиды гмин PL — GUGiK PRG, районов BY — adm2.geojson проекта)",CC0 (Wikidata); открытые данные PZGiK (PRG),2026-10-04,,sources/raw/units/units_geo.csv (столбец coord_source)
