source_id,file,url,size_bytes,sha256,accessed
geonames_cities15000,misc/cities15000.zip,https://download.geonames.org/export/dump/cities15000.zip,3360048,4d91d34a56966f1b6c7ae192e171bd721b47f7b86848955679ed20bd032d4aba,2026-10-04
ghsl_built_s_r2023a,ghsl/GHS_BUILT_S_E1975_GLOBE_R2023A_54009_1000_V1_0_R3_C20.zip,https://jeodpp.jrc.ec.europa.eu/ftp/jrc-opendata/GHSL/GHS_BUILT_S_GLOBE_R2023A/GHS_BUILT_S_E1975_GLOBE_R2023A_54009_1000/V1-0/tiles/GHS_BUILT_S_E1975_GLOBE_R2023A_54009_1000_V1_0_R3_C20.zip,2674540,8997bf58cd7b864ef85fc31c2376c6b362b1cc6668ab30c1624e930b3414bf97,2026-10-04
ghsl_built_s_r2023a,ghsl/GHS_BUILT_S_E1975_GLOBE_R2023A_54009_1000_V1_0_R3_C21.zip,https://jeodpp.jrc.ec.europa.eu/ftp/jrc-opendata/GHSL/GHS_BUILT_S_GLOBE_R2023A/GHS_BUILT_S_E1975_GLOBE_R2023A_54009_1000/V1-0/tiles/GHS_BUILT_S_E1975_GLOBE_R2023A_54009_1000_V1_0_R3_C21.zip,2101578,cf2bbbc5d6ae059a68ef05a795abe197622720a750939819f8748dc4f9fea35e,2026-10-04
ghsl_built_s_r2023a,ghsl/GHS_BUILT_S_E1975_GLOBE_R2023A_54009_1000_V1_0_R4_C20.zip,https://jeodpp.jrc.ec.europa.eu/ftp/jrc-opendata/GHSL/GHS_BUILT_S_GLOBE_R2023A/GHS_BUILT_S_E1975_GLOBE_R2023A_54009_1000/V1-0/tiles/GHS_BUILT_S_E1975_GLOBE_R2023A_54009_1000_V1_0_R4_C20.zip,3068888,f61ac0f2258efd82c54b8fa934d11431b77342f66858f6425e35c5725c624ac7,2026-10-04
ghsl_built_s_r2023a,ghsl/GHS_BUILT_S_E1975_GLOBE_R2023A_54009_1000_V1_0_R4_C21.zip,https://jeodpp.jrc.ec.europa.eu/ftp/jrc-opendata/GHSL/GHS_BUILT_S_GLOBE_R2023A/GHS_BUILT_S_E1975_GLOBE_R2023A_54009_1000/V1-0/tiles/GHS_BUILT_S_E1975_GLOBE_R2023A_54009_1000_V1_0_R4_C21.zip,2283670,37ee5d6845faf9e13d8e49503d202483ce64928c09bf603f5f189844cab9a358,2026-10-04
ghsl_built_s_r2023a,ghsl/GHS_BUILT_S_E1990_GLOBE_R2023A_54009_1000_V1_0_R3_C20.zip,https://jeodpp.jrc.ec.europa.eu/ftp/jrc-opendata/GHSL/GHS_BUILT_S_GLOBE_R2023A/GHS_BUILT_S_E1990_GLOBE_R2023A_54009_1000/V1-0/tiles/GHS_BUILT_S_E1990_GLOBE_R2023A_54009_1000_V1_0_R3_C20.zip,2709402,cbcf5be830c81c2b70c79fe6b33d6fe28518435b1d89a9c5bf7b6d55e69522aa,2026-10-04
ghsl_built_s_r2023a,ghsl/GHS_BUILT_S_E1990_GLOBE_R2023A_54009_1000_V1_0_R3_C21.zip,https://jeodpp.jrc.ec.europa.eu/ftp/jrc-opendata/GHSL/GHS_BUILT_S_GLOBE_R2023A/GHS_BUILT_S_E1990_GLOBE_R2023A_54009_1000/V1-0/tiles/GHS_BUILT_S_E1990_GLOBE_R2023A_54009_1000_V1_0_R3_C21.zip,2120914,af27a626fee23df75637304bf62943642f0002d0043eb125e1c1b33f6c427f7f,2026-10-04
ghsl_built_s_r2023a,ghsl/GHS_BUILT_S_E1990_GLOBE_R2023A_54009_1000_V1_0_R4_C20.zip,https://jeodpp.jrc.ec.europa.eu/ftp/jrc-opendata/GHSL/GHS_BUILT_S_GLOBE_R2023A/GHS_BUILT_S_E1990_GLOBE_R2023A_54009_1000/V1-0/tiles/GHS_BUILT_S_E1990_GLOBE_R2023A_54009_1000_V1_0_R4_C20.zip,3109603,b9c1ce65479bb217b158733b6898ed3741433d02487076ce13676f26b38e825a,2026-10-04
ghsl_built_s_r2023a,ghsl/GHS_BUILT_S_E1990_GLOBE_R2023A_54009_1000_V1_0_R4_C21.zip,https://jeodpp.jrc.ec.europa.eu/ftp/jrc-opendata/GHSL/GHS_BUILT_S_GLOBE_R2023A/GHS_BUILT_S_E1990_GLOBE_R2023A_54009_1000/V1-0/tiles/GHS_BUILT_S_E1990_GLOBE_R2023A_54009_1000_V1_0_R4_C21.zip,2307283,5bf15eabbb210a6359b4dafc4762f6b6acee4ffaf9bab4a53711bc1d1655d3a9,2026-10-04
ghsl_built_s_r2023a,ghsl/GHS_BUILT_S_E2000_GLOBE_R2023A_54009_1000_V1_0_R3_C20.zip,https://jeodpp.jrc.ec.europa.eu/ftp/jrc-opendata/GHSL/GHS_BUILT_S_GLOBE_R2023A/GHS_BUILT_S_E2000_GLOBE_R2023A_54009_1000/V1-0/tiles/GHS_BUILT_S_E2000_GLOBE_R2023A_54009_1000_V1_0_R3_C20.zip,2722144,bb0ea5012c4ac4f0ea2b9e43bb38d12c2de1549eab686795adae927e70100ab8,2026-10-04
ghsl_built_s_r2023a,ghsl/GHS_BUILT_S_E2000_GLOBE_R2023A_54009_1000_V1_0_R3_C21.zip,https://jeodpp.jrc.ec.europa.eu/ftp/jrc-opendata/GHSL/GHS_BUILT_S_GLOBE_R2023A/GHS_BUILT_S_E2000_GLOBE_R2023A_54009_1000/V1-0/tiles/GHS_BUILT_S_E2000_GLOBE_R2023A_54009_1000_V1_0_R3_C21.zip,2132317,ff7731a77bca5223485c85303834dd29fbe5cd0a456695dca185c12ea64d3452,2026-10-04
ghsl_built_s_r2023a,ghsl/GHS_BUILT_S_E2000_GLOBE_R2023A_54009_1000_V1_0_R4_C20.zip,https://jeodpp.jrc.ec.europa.eu/ftp/jrc-opendata/GHSL/GHS_BUILT_S_GLOBE_R2023A/GHS_BUILT_S_E2000_GLOBE_R2023A_54009_1000/V1-0/tiles/GHS_BUILT_S_E2000_GLOBE_R2023A_54009_1000_V1_0_R4_C20.zip,3128667,c0d780f27e433a2af3ad89b988d56f67abd8558e43e9e90bf284b32a06e6d1c8,2026-10-04
ghsl_built_s_r2023a,ghsl/GHS_BUILT_S_E2000_GLOBE_R2023A_54009_1000_V1_0_R4_C21.zip,https://jeodpp.jrc.ec.europa.eu/ftp/jrc-opendata/GHSL/GHS_BUILT_S_GLOBE_R2023A/GHS_BUILT_S_E2000_GLOBE_R2023A_54009_1000/V1-0/tiles/GHS_BUILT_S_E2000_GLOBE_R2023A_54009_1000_V1_0_R4_C21.zip,2319797,88992956d24cc8db6fa9c2d1e8da8d38b0e2e306b29236c263da8c0c1625955e,2026-10-04
ghsl_built_s_r2023a,ghsl/GHS_BUILT_S_E2015_GLOBE_R2023A_54009_1000_V1_0_R3_C20.zip,https://jeodpp.jrc.ec.europa.eu/ftp/jrc-opendata/GHSL/GHS_BUILT_S_GLOBE_R2023A/GHS_BUILT_S_E2015_GLOBE_R2023A_54009_1000/V1-0/tiles/GHS_BUILT_S_E2015_GLOBE_R2023A_54009_1000_V1_0_R3_C20.zip,2743625,a28355c6df9a757130b18c7a7d544106527fbf9d45e91b530da96e5bfe162b96,2026-10-04
ghsl_built_s_r2023a,ghsl/GHS_BUILT_S_E2015_GLOBE_R2023A_54009_1000_V1_0_R3_C21.zip,https://jeodpp.jrc.ec.europa.eu/ftp/jrc-opendata/GHSL/GHS_BUILT_S_GLOBE_R2023A/GHS_BUILT_S_E2015_GLOBE_R2023A_54009_1000/V1-0/tiles/GHS_BUILT_S_E2015_GLOBE_R2023A_54009_1000_V1_0_R3_C21.zip,2147429,eeac9426fd95b164a31ba2fb4b46496599a1c2c8585581f20d4fbbab1c9378cc,2026-10-04
ghsl_built_s_r2023a,ghsl/GHS_BUILT_S_E2015_GLOBE_R2023A_54009_1000_V1_0_R4_C20.zip,https://jeodpp.jrc.ec.europa.eu/ftp/jrc-opendata/GHSL/GHS_BUILT_S_GLOBE_R2023A/GHS_BUILT_S_E2015_GLOBE_R2023A_54009_1000/V1-0/tiles/GHS_BUILT_S_E2015_GLOBE_R2023A_54009_1000_V1_0_R4_C20.zip,3163410,d453b01deef50c02ed69ca5086057b7995719973b0c09cfa1b2a3448fe54ce9d,2026-10-04
ghsl_built_s_r2023a,ghsl/GHS_BUILT_S_E2015_GLOBE_R2023A_54009_1000_V1_0_R4_C21.zip,https://jeodpp.jrc.ec.europa.eu/ftp/jrc-opendata/GHSL/GHS_BUILT_S_GLOBE_R2023A/GHS_BUILT_S_E2015_GLOBE_R2023A_54009_1000/V1-0/tiles/GHS_BUILT_S_E2015_GLOBE_R2023A_54009_1000_V1_0_R4_C21.zip,2340783,2c5b6e0b2d890db7a602ab8af5009a721b3a1254dfb9fa5232be67c473d32731,2026-10-04
ghsl_built_s_r2023a,ghsl/GHS_BUILT_S_E2020_GLOBE_R2023A_54009_1000_V1_0_R3_C20.zip,https://jeodpp.jrc.ec.europa.eu/ftp/jrc-opendata/GHSL/GHS_BUILT_S_GLOBE_R2023A/GHS_BUILT_S_E2020_GLOBE_R2023A_54009_1000/V1-0/tiles/GHS_BUILT_S_E2020_GLOBE_R2023A_54009_1000_V1_0_R3_C20.zip,2750475,aa2e77b47857b0cb3af05d9b8703ce8b954c4c091fabc419d21090846b3f60dd,2026-10-04
ghsl_built_s_r2023a,ghsl/GHS_BUILT_S_E2020_GLOBE_R2023A_54009_1000_V1_0_R3_C21.zip,https://jeodpp.jrc.ec.europa.eu/ftp/jrc-opendata/GHSL/GHS_BUILT_S_GLOBE_R2023A/GHS_BUILT_S_E2020_GLOBE_R2023A_54009_1000/V1-0/tiles/GHS_BUILT_S_E2020_GLOBE_R2023A_54009_1000_V1_0_R3_C21.zip,2152016,77da2a5affb08a6dc28038341fc8c87277e8a9bcac2afddb6016b40db1e568e7,2026-10-04
ghsl_built_s_r2023a,ghsl/GHS_BUILT_S_E2020_GLOBE_R2023A_54009_1000_V1_0_R4_C20.zip,https://jeodpp.jrc.ec.europa.eu/ftp/jrc-opendata/GHSL/GHS_BUILT_S_GLOBE_R2023A/GHS_BUILT_S_E2020_GLOBE_R2023A_54009_1000/V1-0/tiles/GHS_BUILT_S_E2020_GLOBE_R2023A_54009_1000_V1_0_R4_C20.zip,3171657,c56f5a5208715754331ee536c9ad21b58d9b977ee9ac141e608507322c68499e,2026-10-04
ghsl_built_s_r2023a,ghsl/GHS_BUILT_S_E2020_GLOBE_R2023A_54009_1000_V1_0_R4_C21.zip,https://jeodpp.jrc.ec.europa.eu/ftp/jrc-opendata/GHSL/GHS_BUILT_S_GLOBE_R2023A/GHS_BUILT_S_E2020_GLOBE_R2023A_54009_1000/V1-0/tiles/GHS_BUILT_S_E2020_GLOBE_R2023A_54009_1000_V1_0_R4_C21.zip,2345726,f26edd9414d4f9afc45ecc0e81a5c1050b75b7d61494c99b0286ad9fb353cc09,2026-10-04
ghsl_pop_r2023a,ghsl/GHS_POP_E1990_GLOBE_R2023A_54009_1000_V1_0_R3_C20.zip,https://jeodpp.jrc.ec.europa.eu/ftp/jrc-opendata/GHSL/GHS_POP_GLOBE_R2023A/GHS_POP_E1990_GLOBE_R2023A_54009_1000/V1-0/tiles/GHS_POP_E1990_GLOBE_R2023A_54009_1000_V1_0_R3_C20.zip,4662804,492b0e794d2f4abfbd0e2a9050dbdce09bced95ff8243c2c351f265f8abd6c2e,2026-10-04
ghsl_pop_r2023a,ghsl/GHS_POP_E1990_GLOBE_R2023A_54009_1000_V1_0_R3_C21.zip,https://jeodpp.jrc.ec.europa.eu/ftp/jrc-opendata/GHSL/GHS_POP_GLOBE_R2023A/GHS_POP_E1990_GLOBE_R2023A_54009_1000/V1-0/tiles/GHS_POP_E1990_GLOBE_R2023A_54009_1000_V1_0_R3_C21.zip,3199024,ded41f3626ab7d331864b63d327bf6b1cef099dd9e497d0c3fe4cd36c817a9f0,2026-10-04
ghsl_pop_r2023a,ghsl/GHS_POP_E1990_GLOBE_R2023A_54009_1000_V1_0_R4_C20.zip,https://jeodpp.jrc.ec.europa.eu/ftp/jrc-opendata/GHSL/GHS_POP_GLOBE_R2023A/GHS_POP_E1990_GLOBE_R2023A_54009_1000/V1-0/tiles/GHS_POP_E1990_GLOBE_R2023A_54009_1000_V1_0_R4_C20.zip,5492768,b5ca07a52c462b46961888e2d0523898bb7bbe7f2dc6cc22aebf97d118ccd508,2026-10-04
ghsl_pop_r2023a,ghsl/GHS_POP_E1990_GLOBE_R2023A_54009_1000_V1_0_R4_C21.zip,https://jeodpp.jrc.ec.europa.eu/ftp/jrc-opendata/GHSL/GHS_POP_GLOBE_R2023A/GHS_POP_E1990_GLOBE_R2023A_54009_1000/V1-0/tiles/GHS_POP_E1990_GLOBE_R2023A_54009_1000_V1_0_R4_C21.zip,3631304,87c6c7e7e6566c506585323c6c5ead022fd451e440da558f06be2ea7186049b9,2026-10-04
ghsl_pop_r2023a,ghsl/GHS_POP_E2000_GLOBE_R2023A_54009_1000_V1_0_R3_C20.zip,https://jeodpp.jrc.ec.europa.eu/ftp/jrc-opendata/GHSL/GHS_POP_GLOBE_R2023A/GHS_POP_E2000_GLOBE_R2023A_54009_1000/V1-0/tiles/GHS_POP_E2000_GLOBE_R2023A_54009_1000_V1_0_R3_C20.zip,4697872,a4b416ba5704e466d75f206dc9b3f666dcc1f54a8cf2d2f3eec63758cbf92f77,2026-10-04
ghsl_pop_r2023a,ghsl/GHS_POP_E2000_GLOBE_R2023A_54009_1000_V1_0_R3_C21.zip,https://jeodpp.jrc.ec.europa.eu/ftp/jrc-opendata/GHSL/GHS_POP_GLOBE_R2023A/GHS_POP_E2000_GLOBE_R2023A_54009_1000/V1-0/tiles/GHS_POP_E2000_GLOBE_R2023A_54009_1000_V1_0_R3_C21.zip,3223279,7ca9467e9867ac4ca9f9f4df2a068e300950fb9b5bb65e56e9da5b2e059113db,2026-10-04
ghsl_pop_r2023a,ghsl/GHS_POP_E2000_GLOBE_R2023A_54009_1000_V1_0_R4_C20.zip,https://jeodpp.jrc.ec.europa.eu/ftp/jrc-opendata/GHSL/GHS_POP_GLOBE_R2023A/GHS_POP_E2000_GLOBE_R2023A_54009_1000/V1-0/tiles/GHS_POP_E2000_GLOBE_R2023A_54009_1000_V1_0_R4_C20.zip,5538731,72df9598592c2b502c5aaea0e1d932aeaa16d881afcd5a569852e0723c8a3e3c,2026-10-04
ghsl_pop_r2023a,ghsl/GHS_POP_E2000_GLOBE_R2023A_54009_1000_V1_0_R4_C21.zip,https://jeodpp.jrc.ec.europa.eu/ftp/jrc-opendata/GHSL/GHS_POP_GLOBE_R2023A/GHS_POP_E2000_GLOBE_R2023A_54009_1000/V1-0/tiles/GHS_POP_E2000_GLOBE_R2023A_54009_1000_V1_0_R4_C21.zip,3659929,364890bfd5a608f69edc5d6c5a6d60e3797d38dead6ebeef81cd1d0cf166fafd,2026-10-04
ghsl_pop_r2023a,ghsl/GHS_POP_E2020_GLOBE_R2023A_54009_1000_V1_0_R3_C20.zip,https://jeodpp.jrc.ec.europa.eu/ftp/jrc-opendata/GHSL/GHS_POP_GLOBE_R2023A/GHS_POP_E2020_GLOBE_R2023A_54009_1000/V1-0/tiles/GHS_POP_E2020_GLOBE_R2023A_54009_1000_V1_0_R3_C20.zip,4776778,10857cb04fc5103998f4602b0fbdcf82f63fa2c82901ca0c2d7265ca1fcfa1be,2026-10-04
ghsl_pop_r2023a,ghsl/GHS_POP_E2020_GLOBE_R2023A_54009_1000_V1_0_R3_C21.zip,https://jeodpp.jrc.ec.europa.eu/ftp/jrc-opendata/GHSL/GHS_POP_GLOBE_R2023A/GHS_POP_E2020_GLOBE_R2023A_54009_1000/V1-0/tiles/GHS_POP_E2020_GLOBE_R2023A_54009_1000_V1_0_R3_C21.zip,3270316,3ee11f2c3ef871b11bcc0751205550dc61c7090ae74d2a91d78d78f1311354ae,2026-10-04
ghsl_pop_r2023a,ghsl/GHS_POP_E2020_GLOBE_R2023A_54009_1000_V1_0_R4_C20.zip,https://jeodpp.jrc.ec.europa.eu/ftp/jrc-opendata/GHSL/GHS_POP_GLOBE_R2023A/GHS_POP_E2020_GLOBE_R2023A_54009_1000/V1-0/tiles/GHS_POP_E2020_GLOBE_R2023A_54009_1000_V1_0_R4_C20.zip,5666437,f5c8ead1f558595edcd5a7753d587dd539d0dfdb691ceca8cd41b8b9caf5b9f4,2026-10-04
ghsl_pop_r2023a,ghsl/GHS_POP_E2020_GLOBE_R2023A_54009_1000_V1_0_R4_C21.zip,https://jeodpp.jrc.ec.europa.eu/ftp/jrc-opendata/GHSL/GHS_POP_GLOBE_R2023A/GHS_POP_E2020_GLOBE_R2023A_54009_1000/V1-0/tiles/GHS_POP_E2020_GLOBE_R2023A_54009_1000_V1_0_R4_C21.zip,3731967,df75baf6c0b2455b9baef5b2fe2883fecb2140f9f26d94afb5f1b144ea620ab5,2026-10-04
glad_cropland,glad/cropland_2003_60N_020E.tif,https://storage.googleapis.com/earthenginepartners-hansen/cropland/2003/60N_020E.tif,49345681,db4419b9ad3502280e17a3ddeeefe64a8f6d5d4757f0f2ef6fad1549041b5c3c,2026-10-04
glad_cropland,glad/cropland_2003_60N_030E.tif,https://storage.googleapis.com/earthenginepartners-hansen/cropland/2003/60N_030E.tif,46388464,d52a408cd4957b8265802ca289cdaef3db81aa3a833b03588920d09208269077,2026-10-04
glad_cropland,glad/cropland_2019_60N_020E.tif,https://storage.googleapis.com/earthenginepartners-hansen/cropland/2019/60N_020E.tif,49131607,52295d5ec86ff53877c265441bd36cc76d8505bc670b16a8801bb8eba5dc39af,2026-10-04
glad_cropland,glad/cropland_2019_60N_030E.tif,https://storage.googleapis.com/earthenginepartners-hansen/cropland/2019/60N_030E.tif,42619060,57364460e51b9395f67d9186d40242742602e2fd9b5e395fac550d8e9e148202,2026-10-04
li_ntl_v10,li/Harmonized_DN_NTL_1992_calDMSP.tif,https://ndownloader.figshare.com/files/17626052,30262018,0769de05f9b8db661fb498ccd4fd52ab7c2f510e8822bd05a5ec4888375e1136,2026-10-04
li_ntl_v10,li/Harmonized_DN_NTL_2000_calDMSP.tif,https://ndownloader.figshare.com/files/17626085,34407498,277c83af924d874605ab74eb5185d86a83bb64471584c7eb8f8f7a3cf790759a,2026-10-04
li_ntl_v10,li/Harmonized_DN_NTL_2004_calDMSP.tif,https://ndownloader.figshare.com/files/17626097,34974162,376af27e6a3cd730876db71f0b89826ca2205eb95338ed7c1af2fb768a9ed9d1,2026-10-04
li_ntl_v10,li/Harmonized_DN_NTL_2012_calDMSP.tif,https://ndownloader.figshare.com/files/17626031,38196812,c8cc3244a3ab26bd17e987c8c1e3501430f5542b201b9b12e4911be4ee2fa1f4,2026-10-04
li_ntl_v10,li/Harmonized_DN_NTL_2014_simVIIRS.tif,https://ndownloader.figshare.com/files/57065276,22251228,f785e5093e6a133f012589200de741c935f1039da0b157ef5e4ade8e9b866694,2026-10-04
li_ntl_v10,li/Harmonized_DN_NTL_2019_simVIIRS.tif,https://ndownloader.figshare.com/files/57065285,25530587,20bf7432ee02268791621ae700b291949e4a3b4ae641446aadc7525c2047b42e,2026-10-04
li_ntl_v10,li/Harmonized_DN_NTL_2024_simVIIRS.tif,https://ndownloader.figshare.com/files/57065306,31746836,a7fc013c99a2e4cca4fa0472198b2ce53f97a87d070ab499dbb4c2933bc8a31d,2026-10-04
vnl_v21_zenodo,vnl/nightlights.average_viirs.v21_m_500m_s_20140101_20141231_go_epsg4326_v20250904.tif,https://zenodo.org/api/records/17294744/files/nightlights.average_viirs.v21_m_500m_s_20140101_20141231_go_epsg4326_v20250904.tif/content,,,2026-10-04
vnl_v21_zenodo,vnl/nightlights.average_viirs.v21_m_500m_s_20190101_20191231_go_epsg4326_v20250904.tif,https://zenodo.org/api/records/17294744/files/nightlights.average_viirs.v21_m_500m_s_20190101_20191231_go_epsg4326_v20250904.tif/content,,,2026-10-04
vnl_v21_zenodo,vnl/nightlights.average_viirs.v21_m_500m_s_20240101_20241231_go_epsg4326_v20250904.tif,https://zenodo.org/api/records/17294744/files/nightlights.average_viirs.v21_m_500m_s_20240101_20241231_go_epsg4326_v20250904.tif/content,,,2026-10-04
wsf_evolution,wsf/WSFevolution_v1_22_50.tif,https://download.geoservice.dlr.de/WSF_EVO/files/WSFevolution_v1_22_50/WSFevolution_v1_22_50.tif,4456106,c1c7c2c0abc2e7be0c80ec9e6c0fbcd723b1d19e17e3ed4d69dd6dcf898c64bc,2026-10-04
wsf_evolution,wsf/WSFevolution_v1_22_52.tif,https://download.geoservice.dlr.de/WSF_EVO/files/WSFevolution_v1_22_52/WSFevolution_v1_22_52.tif,3617575,cc6aa8ececee3279bb8f12a9550edc3f50b2fa7bc974c1a0a77e75e350dd13f6,2026-10-04
wsf_evolution,wsf/WSFevolution_v1_22_54.tif,https://download.geoservice.dlr.de/WSF_EVO/files/WSFevolution_v1_22_54/WSFevolution_v1_22_54.tif,2616303,b4c412210afc8c08af053e9a35094eeac37901e8bfce4802aab018d26b02ddce,2026-10-04
wsf_evolution,wsf/WSFevolution_v1_22_56.tif,https://download.geoservice.dlr.de/WSF_EVO/files/WSFevolution_v1_22_56/WSFevolution_v1_22_56.tif,1516462,70f17759e08197bb0fdb4b499d9649ce1c64de826e207c11b5de639444812aa5,2026-10-04
wsf_evolution,wsf/WSFevolution_v1_24_50.tif,https://download.geoservice.dlr.de/WSF_EVO/files/WSFevolution_v1_24_50/WSFevolution_v1_24_50.tif,3052589,4ef98802da6a9bf4428bf35962450cc90444299ba5a09916c6eeeb1978eccd7b,2026-10-04
wsf_evolution,wsf/WSFevolution_v1_24_52.tif,https://download.geoservice.dlr.de/WSF_EVO/files/WSFevolution_v1_24_52/WSFevolution_v1_24_52.tif,2647807,8ad3e6554b4a74af7f046b641cb8efb51b6ebacb7f05f435b7671f94887ba4e0,2026-10-04
wsf_evolution,wsf/WSFevolution_v1_24_54.tif,https://download.geoservice.dlr.de/WSF_EVO/files/WSFevolution_v1_24_54/WSFevolution_v1_24_54.tif,2643661,d8d4d7fc131671c3f5d5abe183454142cb4afa210fc454d103129fcbd42b8ff3,2026-10-04
wsf_evolution,wsf/WSFevolution_v1_24_56.tif,https://download.geoservice.dlr.de/WSF_EVO/files/WSFevolution_v1_24_56/WSFevolution_v1_24_56.tif,1999645,090982820e9ac90ee046a28a6952684cf97cb261899ced9675dba880c28b4cdb,2026-10-04
wsf_evolution,wsf/WSFevolution_v1_26_50.tif,https://download.geoservice.dlr.de/WSF_EVO/files/WSFevolution_v1_26_50/WSFevolution_v1_26_50.tif,2751550,d828083c74819872f94e9dc4cfcab8da581d3dca414d917a517e7a96cec445ae,2026-10-04
wsf_evolution,wsf/WSFevolution_v1_26_52.tif,https://download.geoservice.dlr.de/WSF_EVO/files/WSFevolution_v1_26_52/WSFevolution_v1_26_52.tif,3360790,37aebcf99ddc21424f1a34308a23384902e997558fc765294c66913b28a03ceb,2026-10-04
wsf_evolution,wsf/WSFevolution_v1_26_54.tif,https://download.geoservice.dlr.de/WSF_EVO/files/WSFevolution_v1_26_54/WSFevolution_v1_26_54.tif,2179541,06717e311f2ef8695e009853ef33477e70eff22dd4a6c548fbb2846b8f040869,2026-10-04
wsf_evolution,wsf/WSFevolution_v1_26_56.tif,https://download.geoservice.dlr.de/WSF_EVO/files/WSFevolution_v1_26_56/WSFevolution_v1_26_56.tif,1245086,060e72915399813a16bcee8c43cb5802b5f1d42c1be2b814992d5ce3f537763a,2026-10-04
wsf_evolution,wsf/WSFevolution_v1_28_50.tif,https://download.geoservice.dlr.de/WSF_EVO/files/WSFevolution_v1_28_50/WSFevolution_v1_28_50.tif,2563514,51747745a49c26dcb7ffef95588010217fceb4e0dc55c27292a044950352674d,2026-10-04
wsf_evolution,wsf/WSFevolution_v1_28_52.tif,https://download.geoservice.dlr.de/WSF_EVO/files/WSFevolution_v1_28_52/WSFevolution_v1_28_52.tif,2218596,4a56dae05f3c048501a7b1e3eb835ebb58d23517768755d8ec4b01f23679de99,2026-10-04
wsf_evolution,wsf/WSFevolution_v1_28_54.tif,https://download.geoservice.dlr.de/WSF_EVO/files/WSFevolution_v1_28_54/WSFevolution_v1_28_54.tif,1910890,551a183b90f391284d580258693a0f3f1881ba697e6c83aae399b2798840efb6,2026-10-04
wsf_evolution,wsf/WSFevolution_v1_28_56.tif,https://download.geoservice.dlr.de/WSF_EVO/files/WSFevolution_v1_28_56/WSFevolution_v1_28_56.tif,1376621,721fd4af9e1d37d87b844f7dc53798bc7f268ced07c1fb0e348a2b4a4e88c8c7,2026-10-04
wsf_evolution,wsf/WSFevolution_v1_30_50.tif,https://download.geoservice.dlr.de/WSF_EVO/files/WSFevolution_v1_30_50/WSFevolution_v1_30_50.tif,4294677,45fc57ee4f6c38bb97fd8e12926aff8beead370fc74579e0684596471fb1f6eb,2026-10-04
wsf_evolution,wsf/WSFevolution_v1_30_52.tif,https://download.geoservice.dlr.de/WSF_EVO/files/WSFevolution_v1_30_52/WSFevolution_v1_30_52.tif,2631670,25ace8534977cf68d39aad85d40e17f804996e059a8f60295e91d104e11f16a4,2026-10-04
wsf_evolution,wsf/WSFevolution_v1_30_54.tif,https://download.geoservice.dlr.de/WSF_EVO/files/WSFevolution_v1_30_54/WSFevolution_v1_30_54.tif,1980026,5f22433be376214ec12b3d2484d858d9dbfc434236e661f6223991f8d7a7e9b6,2026-10-04
wsf_evolution,wsf/WSFevolution_v1_30_56.tif,https://download.geoservice.dlr.de/WSF_EVO/files/WSFevolution_v1_30_56/WSFevolution_v1_30_56.tif,1046536,6dcf8caa504f8e7f6bd526623f75493d1c99b507e0aafebc0641ed6ddb2a49db,2026-10-04
wsf_evolution,wsf/WSFevolution_v1_32_50.tif,https://download.geoservice.dlr.de/WSF_EVO/files/WSFevolution_v1_32_50/WSFevolution_v1_32_50.tif,3015341,a6c78d06b5517160e9ab6bd03edba7e8d0640a98877e4bcb8a42d3697c24de33,2026-10-04
wsf_evolution,wsf/WSFevolution_v1_32_52.tif,https://download.geoservice.dlr.de/WSF_EVO/files/WSFevolution_v1_32_52/WSFevolution_v1_32_52.tif,2070079,2721113b92a1bd8df45a1c61c7356ebcfe7f129e0988958ef6d615b0d013d015,2026-10-04
wsf_evolution,wsf/WSFevolution_v1_32_54.tif,https://download.geoservice.dlr.de/WSF_EVO/files/WSFevolution_v1_32_54/WSFevolution_v1_32_54.tif,1281453,69c079b57e49fb03e591e7426907a15c028cea252090df16087d58db0ec6c5a9,2026-10-04
wsf_evolution,wsf/WSFevolution_v1_32_56.tif,https://download.geoservice.dlr.de/WSF_EVO/files/WSFevolution_v1_32_56/WSFevolution_v1_32_56.tif,1086995,d2be833596e2c5bec54d5f5cf443e1669e6c9f9352b8ff9a18c13bb453f2dd0d,2026-10-04
