outcome,label,family,seg,spec,added,tau,se,p,sig,n_by,n_nb,clusters,mean_by,mean_nb
B_9015,"Рост застройки WSF, 1990→2015, Δln",B,PL,main,0,-0.13654,0.11234,0.22420,0,6196,8449,46,0.72545,0.61774
B_9015,"Рост застройки WSF, 1990→2015, Δln",B,PL,h15,0,-0.14666,0.14748,0.32002,0,3695,4666,29,0.72545,0.61774
B_9015,"Рост застройки WSF, 1990→2015, Δln",B,PL,h50,0,-0.15285,0.10888,0.16037,0,10658,18876,73,0.72545,0.61774
B_9015,"Рост застройки WSF, 1990→2015, Δln",B,PL,uniform,0,-0.16432,0.11506,0.15326,0,6196,8450,46,0.72545,0.61774
B_9015,"Рост застройки WSF, 1990→2015, Δln",B,PL,with_cities,0,-0.12928,0.11125,0.24519,0,6352,8524,46,0.72257,0.61774
B_9015,"Рост застройки WSF, 1990→2015, Δln",B,PL,fe_subseg,1,-0.12840,0.11300,0.25582,0,6196,8449,46,0.72545,0.61774
B_9015,"Рост застройки WSF, 1990→2015, Δln",B,PL,placebo_by,1,-0.10626,0.11459,0.35380,0,3634,6348,33,,
B_9015,"Рост застройки WSF, 1990→2015, Δln",B,PL,placebo_nb,1,0.02680,0.09102,0.76839,0,9420,9322,49,,
B_9000,"Рост застройки WSF, 1990→2000, Δln",B,PL,main,0,-0.07317,0.06825,0.28370,0,6196,8449,46,0.31037,0.26859
B_9000,"Рост застройки WSF, 1990→2000, Δln",B,PL,h15,0,-0.04737,0.10450,0.65035,0,3695,4666,29,0.31037,0.26859
B_9000,"Рост застройки WSF, 1990→2000, Δln",B,PL,h50,0,-0.07831,0.05530,0.15678,0,10658,18876,73,0.31037,0.26859
B_9000,"Рост застройки WSF, 1990→2000, Δln",B,PL,uniform,0,-0.08935,0.06106,0.14340,0,6196,8450,46,0.31037,0.26859
B_9000,"Рост застройки WSF, 1990→2000, Δln",B,PL,with_cities,0,-0.07230,0.06731,0.28273,0,6352,8524,46,0.31194,0.26859
B_9000,"Рост застройки WSF, 1990→2000, Δln",B,PL,fe_subseg,1,-0.06951,0.06799,0.30661,0,6196,8449,46,0.31037,0.26859
B_9000,"Рост застройки WSF, 1990→2000, Δln",B,PL,placebo_by,1,-0.05487,0.06189,0.37534,0,3634,6348,33,,
B_9000,"Рост застройки WSF, 1990→2000, Δln",B,PL,placebo_nb,1,-0.00636,0.04883,0.89642,0,9420,9322,49,,
B_0015,"Рост застройки WSF, 2000→2015, Δln",B,PL,main,0,-0.06337,0.07234,0.38102,0,6196,8449,46,0.41507,0.34915
B_0015,"Рост застройки WSF, 2000→2015, Δln",B,PL,h15,0,-0.09929,0.07938,0.21101,0,3695,4666,29,0.41507,0.34915
B_0015,"Рост застройки WSF, 2000→2015, Δln",B,PL,h50,0,-0.07454,0.07461,0.31778,0,10658,18876,73,0.41507,0.34915
B_0015,"Рост застройки WSF, 2000→2015, Δln",B,PL,uniform,0,-0.07497,0.08174,0.35903,0,6196,8450,46,0.41507,0.34915
B_0015,"Рост застройки WSF, 2000→2015, Δln",B,PL,with_cities,0,-0.05698,0.07206,0.42916,0,6352,8524,46,0.41064,0.34915
B_0015,"Рост застройки WSF, 2000→2015, Δln",B,PL,fe_subseg,1,-0.05889,0.07323,0.42124,0,6196,8449,46,0.41507,0.34915
B_0015,"Рост застройки WSF, 2000→2015, Δln",B,PL,placebo_by,1,-0.05139,0.06891,0.45581,0,3634,6348,33,,
B_0015,"Рост застройки WSF, 2000→2015, Δln",B,PL,placebo_nb,1,0.03316,0.05877,0.57260,0,9420,9322,49,,
G_7590,"Рост застройки GHSL, 1975→1990, Δln (до 1991)",B,PL,main,0,-0.02120,0.01939,0.27425,0,6196,8449,46,0.17047,0.17224
G_7590,"Рост застройки GHSL, 1975→1990, Δln (до 1991)",B,PL,h15,0,-0.00902,0.01907,0.63624,0,3695,4666,29,0.17047,0.17224
G_7590,"Рост застройки GHSL, 1975→1990, Δln (до 1991)",B,PL,h50,0,-0.01241,0.02103,0.55528,0,10658,18876,73,0.17047,0.17224
G_7590,"Рост застройки GHSL, 1975→1990, Δln (до 1991)",B,PL,uniform,0,-0.01775,0.02269,0.43388,0,6196,8450,46,0.17047,0.17224
G_7590,"Рост застройки GHSL, 1975→1990, Δln (до 1991)",B,PL,with_cities,0,-0.01990,0.01909,0.29711,0,6352,8524,46,0.17016,0.17224
G_7590,"Рост застройки GHSL, 1975→1990, Δln (до 1991)",B,PL,fe_subseg,1,-0.01902,0.01743,0.27525,0,6196,8449,46,0.17047,0.17224
G_7590,"Рост застройки GHSL, 1975→1990, Δln (до 1991)",B,PL,placebo_by,1,-0.00902,0.01416,0.52408,0,3634,6348,33,,
G_7590,"Рост застройки GHSL, 1975→1990, Δln (до 1991)",B,PL,placebo_nb,1,0.03216,0.01748,0.06573,0,9420,9322,49,,
G_9015,"Рост застройки GHSL, 1990→2015, Δln",B,PL,main,0,-0.05105,0.03328,0.12503,0,6196,8449,46,0.20827,0.16647
G_9015,"Рост застройки GHSL, 1990→2015, Δln",B,PL,h15,0,-0.01485,0.02954,0.61517,0,3695,4666,29,0.20827,0.16647
G_9015,"Рост застройки GHSL, 1990→2015, Δln",B,PL,h50,0,-0.06536,0.03827,0.08762,0,10658,18876,73,0.20827,0.16647
G_9015,"Рост застройки GHSL, 1990→2015, Δln",B,PL,uniform,0,-0.06528,0.04043,0.10640,0,6196,8450,46,0.20827,0.16647
G_9015,"Рост застройки GHSL, 1990→2015, Δln",B,PL,with_cities,0,-0.06418,0.03990,0.10777,0,6352,8524,46,0.22077,0.16647
G_9015,"Рост застройки GHSL, 1990→2015, Δln",B,PL,fe_subseg,1,-0.04997,0.03294,0.12921,0,6196,8449,46,0.20827,0.16647
G_9015,"Рост застройки GHSL, 1990→2015, Δln",B,PL,placebo_by,1,-0.04119,0.03492,0.23823,0,3634,6348,33,,
G_9015,"Рост застройки GHSL, 1990→2015, Δln",B,PL,placebo_nb,1,0.03845,0.02094,0.06637,0,9420,9322,49,,
L_9212,"Огни DMSP, 1992→2012, Δln(1+DN)",L,PL,main,0,0.24847,0.16477,0.13155,0,6196,8449,46,0.96117,1.33608
L_9212,"Огни DMSP, 1992→2012, Δln(1+DN)",L,PL,h15,0,0.25840,0.18850,0.17041,0,3695,4666,29,0.96117,1.33608
L_9212,"Огни DMSP, 1992→2012, Δln(1+DN)",L,PL,h50,0,0.31885,0.17248,0.06452,0,10658,18876,73,0.96117,1.33608
L_9212,"Огни DMSP, 1992→2012, Δln(1+DN)",L,PL,uniform,0,0.31925,0.17411,0.06671,0,6196,8450,46,0.96117,1.33608
L_9212,"Огни DMSP, 1992→2012, Δln(1+DN)",L,PL,with_cities,0,0.27165,0.16684,0.10349,0,6352,8524,46,0.94530,1.33608
L_9212,"Огни DMSP, 1992→2012, Δln(1+DN)",L,PL,fe_subseg,1,0.24286,0.16657,0.14482,0,6196,8449,46,0.96117,1.33608
L_9212,"Огни DMSP, 1992→2012, Δln(1+DN)",L,PL,placebo_by,1,0.12573,0.14157,0.37447,0,3634,6348,33,,
L_9212,"Огни DMSP, 1992→2012, Δln(1+DN)",L,PL,placebo_nb,1,0.04048,0.09857,0.68132,0,9420,9322,49,,
L_9212,"Огни DMSP, 1992→2012, Δln(1+DN)",L,PL,donut10,1,0.35134,0.38525,0.36179,0,3829,5619,45,0.79504,1.40322
L_9204,"Огни DMSP, 1992→2004, Δln(1+DN)",L,PL,main,0,0.55268,0.10812,0.00000,1,6196,8449,46,-0.00434,0.52487
L_9204,"Огни DMSP, 1992→2004, Δln(1+DN)",L,PL,h15,0,0.74532,0.15398,0.00000,1,3695,4666,29,-0.00434,0.52487
L_9204,"Огни DMSP, 1992→2004, Δln(1+DN)",L,PL,h50,0,0.44253,0.09310,0.00000,1,10658,18876,73,-0.00434,0.52487
L_9204,"Огни DMSP, 1992→2004, Δln(1+DN)",L,PL,uniform,0,0.52277,0.09203,0.00000,1,6196,8450,46,-0.00434,0.52487
L_9204,"Огни DMSP, 1992→2004, Δln(1+DN)",L,PL,with_cities,0,0.54803,0.10861,0.00000,1,6352,8524,46,-0.00013,0.52487
L_9204,"Огни DMSP, 1992→2004, Δln(1+DN)",L,PL,fe_subseg,1,0.54163,0.10342,0.00000,1,6196,8449,46,-0.00434,0.52487
L_9204,"Огни DMSP, 1992→2004, Δln(1+DN)",L,PL,placebo_by,1,-0.26293,0.08806,0.00283,1,3634,6348,33,,
L_9204,"Огни DMSP, 1992→2004, Δln(1+DN)",L,PL,placebo_nb,1,0.03301,0.09435,0.72642,0,9420,9322,49,,
L_9204,"Огни DMSP, 1992→2004, Δln(1+DN)",L,PL,donut10,1,0.15514,0.26952,0.56488,0,3829,5619,45,-0.05946,0.46147
L_0412,"Огни DMSP, 2004→2012, Δln(1+DN)",L,PL,main,0,-0.30421,0.16506,0.06532,0,6196,8449,46,0.96551,0.81121
L_0412,"Огни DMSP, 2004→2012, Δln(1+DN)",L,PL,h15,0,-0.48691,0.17858,0.00640,1,3695,4666,29,0.96551,0.81121
L_0412,"Огни DMSP, 2004→2012, Δln(1+DN)",L,PL,h50,0,-0.12368,0.16648,0.45752,0,10658,18876,73,0.96551,0.81121
L_0412,"Огни DMSP, 2004→2012, Δln(1+DN)",L,PL,uniform,0,-0.20352,0.15936,0.20155,0,6196,8450,46,0.96551,0.81121
L_0412,"Огни DMSP, 2004→2012, Δln(1+DN)",L,PL,with_cities,0,-0.27638,0.17026,0.10452,0,6352,8524,46,0.94543,0.81121
L_0412,"Огни DMSP, 2004→2012, Δln(1+DN)",L,PL,fe_subseg,1,-0.29877,0.16529,0.07068,0,6196,8449,46,0.96551,0.81121
L_0412,"Огни DMSP, 2004→2012, Δln(1+DN)",L,PL,placebo_by,1,0.38867,0.14285,0.00651,1,3634,6348,33,,
L_0412,"Огни DMSP, 2004→2012, Δln(1+DN)",L,PL,placebo_nb,1,0.00747,0.10787,0.94482,0,9420,9322,49,,
L_0412,"Огни DMSP, 2004→2012, Δln(1+DN)",L,PL,donut10,1,0.19620,0.26947,0.46656,0,3829,5619,45,0.85450,0.94176
L_1419,"Огни (VIIRS-ряд Li), 2014→2019, Δln(1+DN)",L,PL,main,0,-0.05259,0.09009,0.55934,0,6196,8449,46,0.13291,0.15846
L_1419,"Огни (VIIRS-ряд Li), 2014→2019, Δln(1+DN)",L,PL,h15,0,-0.06145,0.09795,0.53043,0,3695,4666,29,0.13291,0.15846
L_1419,"Огни (VIIRS-ряд Li), 2014→2019, Δln(1+DN)",L,PL,h50,0,0.01791,0.06790,0.79193,0,10658,18876,73,0.13291,0.15846
L_1419,"Огни (VIIRS-ряд Li), 2014→2019, Δln(1+DN)",L,PL,uniform,0,-0.02908,0.08196,0.72270,0,6196,8450,46,0.13291,0.15846
L_1419,"Огни (VIIRS-ряд Li), 2014→2019, Δln(1+DN)",L,PL,with_cities,0,-0.04597,0.08858,0.60377,0,6352,8524,46,0.12746,0.15846
L_1419,"Огни (VIIRS-ряд Li), 2014→2019, Δln(1+DN)",L,PL,fe_subseg,1,-0.04953,0.08928,0.57905,0,6196,8449,46,0.13291,0.15846
L_1419,"Огни (VIIRS-ряд Li), 2014→2019, Δln(1+DN)",L,PL,placebo_by,1,-0.12750,0.07589,0.09294,0,3634,6348,33,,
L_1419,"Огни (VIIRS-ряд Li), 2014→2019, Δln(1+DN)",L,PL,placebo_nb,1,0.00988,0.07808,0.89929,0,9420,9322,49,,
L_1924,"Огни (VIIRS-ряд Li), 2019→2024, Δln(1+DN)",L,PL,main,0,0.03097,0.11351,0.78498,0,6196,8449,46,0.26892,0.23513
L_1924,"Огни (VIIRS-ряд Li), 2019→2024, Δln(1+DN)",L,PL,h15,0,0.13378,0.12201,0.27288,0,3695,4666,29,0.26892,0.23513
L_1924,"Огни (VIIRS-ряд Li), 2019→2024, Δln(1+DN)",L,PL,h50,0,-0.01089,0.09801,0.91154,0,10658,18876,73,0.26892,0.23513
L_1924,"Огни (VIIRS-ряд Li), 2019→2024, Δln(1+DN)",L,PL,uniform,0,0.00493,0.12445,0.96838,0,6196,8450,46,0.26892,0.23513
L_1924,"Огни (VIIRS-ряд Li), 2019→2024, Δln(1+DN)",L,PL,with_cities,0,0.04008,0.11367,0.72440,0,6352,8524,46,0.26222,0.23513
L_1924,"Огни (VIIRS-ряд Li), 2019→2024, Δln(1+DN)",L,PL,fe_subseg,1,0.03966,0.11003,0.71855,0,6196,8449,46,0.26892,0.23513
L_1924,"Огни (VIIRS-ряд Li), 2019→2024, Δln(1+DN)",L,PL,placebo_by,1,0.11429,0.11859,0.33516,0,3634,6348,33,,
L_1924,"Огни (VIIRS-ряд Li), 2019→2024, Δln(1+DN)",L,PL,placebo_nb,1,0.02619,0.06899,0.70419,0,9420,9322,49,,
C_0319,"Доля пашни GLAD, 2003→2019, п.п.",C,PL,main,0,0.29650,1.00292,0.76751,0,6196,8449,46,0.39248,0.52693
C_0319,"Доля пашни GLAD, 2003→2019, п.п.",C,PL,h15,0,1.15874,1.10958,0.29634,0,3695,4666,29,0.39248,0.52693
C_0319,"Доля пашни GLAD, 2003→2019, п.п.",C,PL,h50,0,0.73957,0.77308,0.33874,0,10658,18876,73,0.39248,0.52693
C_0319,"Доля пашни GLAD, 2003→2019, п.п.",C,PL,uniform,0,-0.01902,0.96665,0.98430,0,6196,8450,46,0.39248,0.52693
C_0319,"Доля пашни GLAD, 2003→2019, п.п.",C,PL,with_cities,0,0.32592,0.99214,0.74253,0,6352,8524,46,0.31929,0.52693
C_0319,"Доля пашни GLAD, 2003→2019, п.п.",C,PL,fe_subseg,1,0.25313,0.98333,0.79685,0,6196,8449,46,0.39248,0.52693
C_0319,"Доля пашни GLAD, 2003→2019, п.п.",C,PL,placebo_by,1,-0.49453,1.30495,0.70472,0,3634,6348,33,,
C_0319,"Доля пашни GLAD, 2003→2019, п.п.",C,PL,placebo_nb,1,-0.42596,0.50525,0.39919,0,9420,9322,49,,
I_2019,"Огни VIIRS 2019, ln(0,1+нВт) при равной застройке и населении",I,PL,main,0,-0.13909,0.10872,0.20076,0,6196,8449,46,-1.79976,-1.96060
I_2019,"Огни VIIRS 2019, ln(0,1+нВт) при равной застройке и населении",I,PL,h15,0,-0.05956,0.09318,0.52272,0,3695,4666,29,-1.79976,-1.96060
I_2019,"Огни VIIRS 2019, ln(0,1+нВт) при равной застройке и населении",I,PL,h50,0,-0.19930,0.10902,0.06752,0,10658,18876,73,-1.79976,-1.96060
I_2019,"Огни VIIRS 2019, ln(0,1+нВт) при равной застройке и населении",I,PL,uniform,0,-0.12698,0.12127,0.29505,0,6196,8450,46,-1.79976,-1.96060
I_2019,"Огни VIIRS 2019, ln(0,1+нВт) при равной застройке и населении",I,PL,with_cities,0,-0.22464,0.15322,0.14261,0,6352,8524,46,-1.68387,-1.96060
I_2019,"Огни VIIRS 2019, ln(0,1+нВт) при равной застройке и населении",I,PL,fe_subseg,1,-0.13543,0.11024,0.21927,0,6196,8449,46,-1.79976,-1.96060
I_2019,"Огни VIIRS 2019, ln(0,1+нВт) при равной застройке и населении",I,PL,placebo_by,1,-0.00330,0.11796,0.97766,0,3634,6348,33,,
I_2019,"Огни VIIRS 2019, ln(0,1+нВт) при равной застройке и населении",I,PL,placebo_nb,1,0.19784,0.10971,0.07135,0,9420,9322,49,,
I_2019,"Огни VIIRS 2019, ln(0,1+нВт) при равной застройке и населении",I,PL,built_only,1,-0.11167,0.10830,0.30247,0,6196,8449,46,-1.79976,-1.96060
lvl_crop19,"Уровень: доля пашни 2019, %",level,PL,main,0,-8.66201,6.91073,0.21005,0,6196,8449,46,39.18313,27.78130
lvl_crop19,"Уровень: доля пашни 2019, %",level,PL,h15,0,-4.69485,6.73488,0.48574,0,3695,4666,29,39.18313,27.78130
lvl_crop19,"Уровень: доля пашни 2019, %",level,PL,h50,0,-15.44430,8.76713,0.07813,0,10658,18876,73,39.18313,27.78130
lvl_crop19,"Уровень: доля пашни 2019, %",level,PL,uniform,0,-12.21043,8.48372,0.15007,0,6196,8450,46,39.18313,27.78130
lvl_crop19,"Уровень: доля пашни 2019, %",level,PL,with_cities,0,-7.59467,7.08585,0.28381,0,6352,8524,46,38.14738,27.78130
lvl_crop19,"Уровень: доля пашни 2019, %",level,PL,fe_subseg,1,-8.29439,6.49213,0.20139,0,6196,8449,46,39.18313,27.78130
lvl_crop19,"Уровень: доля пашни 2019, %",level,PL,placebo_by,1,4.76579,5.61018,0.39561,0,3634,6348,33,,
lvl_crop19,"Уровень: доля пашни 2019, %",level,PL,placebo_nb,1,-0.13751,4.13497,0.97347,0,9420,9322,49,,
lvl_wsf15,"Уровень: застройка WSF 2015, ln(1+м²)",level,PL,main,0,-0.68555,0.66217,0.30052,0,6196,8449,46,4.84216,4.58853
lvl_wsf15,"Уровень: застройка WSF 2015, ln(1+м²)",level,PL,h15,0,-0.09182,0.57490,0.87310,0,3695,4666,29,4.84216,4.58853
lvl_wsf15,"Уровень: застройка WSF 2015, ln(1+м²)",level,PL,h50,0,-0.50521,0.78340,0.51900,0,10658,18876,73,4.84216,4.58853
lvl_wsf15,"Уровень: застройка WSF 2015, ln(1+м²)",level,PL,uniform,0,-0.70186,0.80144,0.38117,0,6196,8450,46,4.84216,4.58853
lvl_wsf15,"Уровень: застройка WSF 2015, ln(1+м²)",level,PL,with_cities,0,-0.97228,0.77391,0.20900,0,6352,8524,46,5.08291,4.58853
lvl_wsf15,"Уровень: застройка WSF 2015, ln(1+м²)",level,PL,fe_subseg,1,-0.63648,0.63479,0.31602,0,6196,8449,46,4.84216,4.58853
lvl_wsf15,"Уровень: застройка WSF 2015, ln(1+м²)",level,PL,placebo_by,1,-0.32459,0.58487,0.57892,0,3634,6348,33,,
lvl_wsf15,"Уровень: застройка WSF 2015, ln(1+м²)",level,PL,placebo_nb,1,0.47278,0.46749,0.31186,0,9420,9322,49,,
lvl_vnl19,"Уровень: огни VIIRS 2019, ln(0,1+нВт)",level,PL,main,0,-0.17054,0.13843,0.21795,0,6196,8449,46,-1.79976,-1.96060
lvl_vnl19,"Уровень: огни VIIRS 2019, ln(0,1+нВт)",level,PL,h15,0,-0.02517,0.11281,0.82348,0,3695,4666,29,-1.79976,-1.96060
lvl_vnl19,"Уровень: огни VIIRS 2019, ln(0,1+нВт)",level,PL,h50,0,-0.20426,0.14740,0.16582,0,10658,18876,73,-1.79976,-1.96060
lvl_vnl19,"Уровень: огни VIIRS 2019, ln(0,1+нВт)",level,PL,uniform,0,-0.15341,0.16105,0.34080,0,6196,8450,46,-1.79976,-1.96060
lvl_vnl19,"Уровень: огни VIIRS 2019, ln(0,1+нВт)",level,PL,with_cities,0,-0.31314,0.24655,0.20406,0,6352,8524,46,-1.68387,-1.96060
lvl_vnl19,"Уровень: огни VIIRS 2019, ln(0,1+нВт)",level,PL,fe_subseg,1,-0.16179,0.13853,0.24285,0,6196,8449,46,-1.79976,-1.96060
lvl_vnl19,"Уровень: огни VIIRS 2019, ln(0,1+нВт)",level,PL,placebo_by,1,-0.06264,0.18107,0.72937,0,3634,6348,33,,
lvl_vnl19,"Уровень: огни VIIRS 2019, ln(0,1+нВт)",level,PL,placebo_nb,1,0.24621,0.12485,0.04860,1,9420,9322,49,,
lvl_pop20,"Уровень: GHS-POP 2020, ln(1+чел.) — механический, только контекст",level,PL,main,0,-0.02423,0.22086,0.91263,0,6196,8449,46,1.35147,1.47733
lvl_pop20,"Уровень: GHS-POP 2020, ln(1+чел.) — механический, только контекст",level,PL,h15,0,0.23425,0.18854,0.21408,0,3695,4666,29,1.35147,1.47733
lvl_pop20,"Уровень: GHS-POP 2020, ln(1+чел.) — механический, только контекст",level,PL,h50,0,0.05514,0.23185,0.81201,0,10658,18876,73,1.35147,1.47733
lvl_pop20,"Уровень: GHS-POP 2020, ln(1+чел.) — механический, только контекст",level,PL,uniform,0,-0.01343,0.25364,0.95778,0,6196,8450,46,1.35147,1.47733
lvl_pop20,"Уровень: GHS-POP 2020, ln(1+чел.) — механический, только контекст",level,PL,with_cities,0,-0.23687,0.36889,0.52080,0,6352,8524,46,1.53632,1.47733
lvl_pop20,"Уровень: GHS-POP 2020, ln(1+чел.) — механический, только контекст",level,PL,fe_subseg,1,-0.01371,0.21713,0.94964,0,6196,8449,46,1.35147,1.47733
lvl_pop20,"Уровень: GHS-POP 2020, ln(1+чел.) — механический, только контекст",level,PL,placebo_by,1,-0.22392,0.24189,0.35459,0,3634,6348,33,,
lvl_pop20,"Уровень: GHS-POP 2020, ln(1+чел.) — механический, только контекст",level,PL,placebo_nb,1,0.22007,0.16892,0.19265,0,9420,9322,49,,
B_9015,"Рост застройки WSF, 1990→2015, Δln",B,LT,main,0,0.38723,0.19953,0.05229,0,13873,7819,63,0.46433,0.82185
B_9015,"Рост застройки WSF, 1990→2015, Δln",B,LT,h15,0,0.29776,0.21736,0.17072,0,8101,4776,49,0.46433,0.82185
B_9015,"Рост застройки WSF, 1990→2015, Δln",B,LT,h50,0,0.23136,0.17556,0.18755,0,25883,15136,97,0.46433,0.82185
B_9015,"Рост застройки WSF, 1990→2015, Δln",B,LT,uniform,0,0.40804,0.19121,0.03284,1,13873,7819,63,0.46433,0.82185
B_9015,"Рост застройки WSF, 1990→2015, Δln",B,LT,with_cities,0,0.38907,0.19958,0.05124,0,13953,7820,63,0.46433,0.82185
B_9015,"Рост застройки WSF, 1990→2015, Δln",B,LT,fe_subseg,1,0.35078,0.14085,0.01276,1,13873,7819,63,0.46433,0.82185
B_9015,"Рост застройки WSF, 1990→2015, Δln",B,LT,placebo_by,1,-0.06204,0.07445,0.40461,0,10139,14693,66,,
B_9015,"Рост застройки WSF, 1990→2015, Δln",B,LT,placebo_nb,1,0.38261,0.18395,0.03752,1,7926,6470,44,,
B_9000,"Рост застройки WSF, 1990→2000, Δln",B,LT,main,0,0.13598,0.08344,0.10318,0,13873,7819,63,0.15132,0.31624
B_9000,"Рост застройки WSF, 1990→2000, Δln",B,LT,h15,0,0.09543,0.09513,0.31578,0,8101,4776,49,0.15132,0.31624
B_9000,"Рост застройки WSF, 1990→2000, Δln",B,LT,h50,0,0.10547,0.07309,0.14905,0,25883,15136,97,0.15132,0.31624
B_9000,"Рост застройки WSF, 1990→2000, Δln",B,LT,uniform,0,0.15882,0.07755,0.04056,1,13873,7819,63,0.15132,0.31624
B_9000,"Рост застройки WSF, 1990→2000, Δln",B,LT,with_cities,0,0.13811,0.08354,0.09829,0,13953,7820,63,0.15132,0.31624
B_9000,"Рост застройки WSF, 1990→2000, Δln",B,LT,fe_subseg,1,0.13533,0.06992,0.05293,0,13873,7819,63,0.15132,0.31624
B_9000,"Рост застройки WSF, 1990→2000, Δln",B,LT,placebo_by,1,-0.02893,0.02922,0.32218,0,10139,14693,66,,
B_9000,"Рост застройки WSF, 1990→2000, Δln",B,LT,placebo_nb,1,0.17318,0.07855,0.02748,1,7926,6470,44,,
B_0015,"Рост застройки WSF, 2000→2015, Δln",B,LT,main,0,0.25125,0.12673,0.04742,1,13873,7819,63,0.31301,0.50561
B_0015,"Рост застройки WSF, 2000→2015, Δln",B,LT,h15,0,0.20233,0.14043,0.14965,0,8101,4776,49,0.31301,0.50561
B_0015,"Рост застройки WSF, 2000→2015, Δln",B,LT,h50,0,0.12589,0.11327,0.26638,0,25883,15136,97,0.31301,0.50561
B_0015,"Рост застройки WSF, 2000→2015, Δln",B,LT,uniform,0,0.24922,0.12374,0.04400,1,13873,7819,63,0.31301,0.50561
B_0015,"Рост застройки WSF, 2000→2015, Δln",B,LT,with_cities,0,0.25097,0.12674,0.04769,1,13953,7820,63,0.31301,0.50561
B_0015,"Рост застройки WSF, 2000→2015, Δln",B,LT,fe_subseg,1,0.21545,0.08356,0.00992,1,13873,7819,63,0.31301,0.50561
B_0015,"Рост застройки WSF, 2000→2015, Δln",B,LT,placebo_by,1,-0.03311,0.05008,0.50845,0,10139,14693,66,,
B_0015,"Рост застройки WSF, 2000→2015, Δln",B,LT,placebo_nb,1,0.20943,0.12250,0.08735,0,7926,6470,44,,
G_7590,"Рост застройки GHSL, 1975→1990, Δln (до 1991)",B,LT,main,0,0.03481,0.01476,0.01839,1,13873,7819,63,0.18418,0.21966
G_7590,"Рост застройки GHSL, 1975→1990, Δln (до 1991)",B,LT,h15,0,0.04068,0.01736,0.01910,1,8101,4776,49,0.18418,0.21966
G_7590,"Рост застройки GHSL, 1975→1990, Δln (до 1991)",B,LT,h50,0,0.03285,0.01571,0.03655,1,25883,15136,97,0.18418,0.21966
G_7590,"Рост застройки GHSL, 1975→1990, Δln (до 1991)",B,LT,uniform,0,0.03792,0.01522,0.01271,1,13873,7819,63,0.18418,0.21966
G_7590,"Рост застройки GHSL, 1975→1990, Δln (до 1991)",B,LT,with_cities,0,0.03493,0.01477,0.01803,1,13953,7820,63,0.18418,0.21966
G_7590,"Рост застройки GHSL, 1975→1990, Δln (до 1991)",B,LT,fe_subseg,1,0.03100,0.01532,0.04309,1,13873,7819,63,0.18418,0.21966
G_7590,"Рост застройки GHSL, 1975→1990, Δln (до 1991)",B,LT,placebo_by,1,-0.01363,0.01332,0.30629,0,10139,14693,66,,
G_7590,"Рост застройки GHSL, 1975→1990, Δln (до 1991)",B,LT,placebo_nb,1,0.03071,0.01467,0.03628,1,7926,6470,44,,
G_9015,"Рост застройки GHSL, 1990→2015, Δln",B,LT,main,0,0.04040,0.01996,0.04299,1,13873,7819,63,0.10423,0.14049
G_9015,"Рост застройки GHSL, 1990→2015, Δln",B,LT,h15,0,0.04436,0.02243,0.04792,1,8101,4776,49,0.10423,0.14049
G_9015,"Рост застройки GHSL, 1990→2015, Δln",B,LT,h50,0,0.03077,0.01937,0.11223,0,25883,15136,97,0.10423,0.14049
G_9015,"Рост застройки GHSL, 1990→2015, Δln",B,LT,uniform,0,0.03483,0.02184,0.11079,0,13873,7819,63,0.10423,0.14049
G_9015,"Рост застройки GHSL, 1990→2015, Δln",B,LT,with_cities,0,0.04197,0.02012,0.03696,1,13953,7820,63,0.10423,0.14049
G_9015,"Рост застройки GHSL, 1990→2015, Δln",B,LT,fe_subseg,1,0.03977,0.01757,0.02357,1,13873,7819,63,0.10423,0.14049
G_9015,"Рост застройки GHSL, 1990→2015, Δln",B,LT,placebo_by,1,0.01362,0.01732,0.43184,0,10139,14693,66,,
G_9015,"Рост застройки GHSL, 1990→2015, Δln",B,LT,placebo_nb,1,0.00141,0.03242,0.96531,0,7926,6470,44,,
L_9212,"Огни DMSP, 1992→2012, Δln(1+DN)",L,LT,main,0,0.12254,0.20015,0.54036,0,13873,7819,63,0.35729,0.47629
L_9212,"Огни DMSP, 1992→2012, Δln(1+DN)",L,LT,h15,0,0.21730,0.23704,0.35931,0,8101,4776,49,0.35729,0.47629
L_9212,"Огни DMSP, 1992→2012, Δln(1+DN)",L,LT,h50,0,0.10210,0.17088,0.55017,0,25883,15136,97,0.35729,0.47629
L_9212,"Огни DMSP, 1992→2012, Δln(1+DN)",L,LT,uniform,0,0.09138,0.18525,0.62183,0,13873,7819,63,0.35729,0.47629
L_9212,"Огни DMSP, 1992→2012, Δln(1+DN)",L,LT,with_cities,0,0.12233,0.20007,0.54090,0,13953,7820,63,0.35729,0.47629
L_9212,"Огни DMSP, 1992→2012, Δln(1+DN)",L,LT,fe_subseg,1,0.14330,0.16398,0.38219,0,13873,7819,63,0.35729,0.47629
L_9212,"Огни DMSP, 1992→2012, Δln(1+DN)",L,LT,placebo_by,1,-0.03141,0.07740,0.68487,0,10139,14693,66,,
L_9212,"Огни DMSP, 1992→2012, Δln(1+DN)",L,LT,placebo_nb,1,0.02240,0.12311,0.85563,0,7926,6470,44,,
L_9212,"Огни DMSP, 1992→2012, Δln(1+DN)",L,LT,donut10,1,-0.13531,0.26897,0.61490,0,8987,4663,62,0.36731,0.48644
L_9204,"Огни DMSP, 1992→2004, Δln(1+DN)",L,LT,main,0,0.12401,0.07803,0.11197,0,13873,7819,63,0.04774,0.20033
L_9204,"Огни DMSP, 1992→2004, Δln(1+DN)",L,LT,h15,0,0.19799,0.09555,0.03825,1,8101,4776,49,0.04774,0.20033
L_9204,"Огни DMSP, 1992→2004, Δln(1+DN)",L,LT,h50,0,0.11395,0.09951,0.25218,0,25883,15136,97,0.04774,0.20033
L_9204,"Огни DMSP, 1992→2004, Δln(1+DN)",L,LT,uniform,0,0.09584,0.09416,0.30872,0,13873,7819,63,0.04774,0.20033
L_9204,"Огни DMSP, 1992→2004, Δln(1+DN)",L,LT,with_cities,0,0.12326,0.07802,0.11415,0,13953,7820,63,0.04774,0.20033
L_9204,"Огни DMSP, 1992→2004, Δln(1+DN)",L,LT,fe_subseg,1,0.13269,0.07835,0.09036,0,13873,7819,63,0.04774,0.20033
L_9204,"Огни DMSP, 1992→2004, Δln(1+DN)",L,LT,placebo_by,1,0.04771,0.04035,0.23699,0,10139,14693,66,,
L_9204,"Огни DMSP, 1992→2004, Δln(1+DN)",L,LT,placebo_nb,1,-0.04783,0.05357,0.37192,0,7926,6470,44,,
L_9204,"Огни DMSP, 1992→2004, Δln(1+DN)",L,LT,donut10,1,-0.19552,0.18970,0.30271,0,8987,4663,62,0.01901,0.17007
L_0412,"Огни DMSP, 2004→2012, Δln(1+DN)",L,LT,main,0,-0.00147,0.16195,0.99275,0,13873,7819,63,0.30955,0.27597
L_0412,"Огни DMSP, 2004→2012, Δln(1+DN)",L,LT,h15,0,0.01930,0.19023,0.91919,0,8101,4776,49,0.30955,0.27597
L_0412,"Огни DMSP, 2004→2012, Δln(1+DN)",L,LT,h50,0,-0.01184,0.13182,0.92842,0,25883,15136,97,0.30955,0.27597
L_0412,"Огни DMSP, 2004→2012, Δln(1+DN)",L,LT,uniform,0,-0.00447,0.14972,0.97619,0,13873,7819,63,0.30955,0.27597
L_0412,"Огни DMSP, 2004→2012, Δln(1+DN)",L,LT,with_cities,0,-0.00093,0.16193,0.99544,0,13953,7820,63,0.30955,0.27597
L_0412,"Огни DMSP, 2004→2012, Δln(1+DN)",L,LT,fe_subseg,1,0.01061,0.13048,0.93521,0,13873,7819,63,0.30955,0.27597
L_0412,"Огни DMSP, 2004→2012, Δln(1+DN)",L,LT,placebo_by,1,-0.07912,0.06914,0.25252,0,10139,14693,66,,
L_0412,"Огни DMSP, 2004→2012, Δln(1+DN)",L,LT,placebo_nb,1,0.07023,0.09969,0.48114,0,7926,6470,44,,
L_0412,"Огни DMSP, 2004→2012, Δln(1+DN)",L,LT,donut10,1,0.06020,0.21863,0.78304,0,8987,4663,62,0.34831,0.31637
L_1419,"Огни (VIIRS-ряд Li), 2014→2019, Δln(1+DN)",L,LT,main,0,0.14850,0.06812,0.02927,1,13873,7819,63,0.03969,0.19643
L_1419,"Огни (VIIRS-ряд Li), 2014→2019, Δln(1+DN)",L,LT,h15,0,0.13629,0.06969,0.05050,0,8101,4776,49,0.03969,0.19643
L_1419,"Огни (VIIRS-ряд Li), 2014→2019, Δln(1+DN)",L,LT,h50,0,0.22398,0.07407,0.00249,1,25883,15136,97,0.03969,0.19643
L_1419,"Огни (VIIRS-ряд Li), 2014→2019, Δln(1+DN)",L,LT,uniform,0,0.19918,0.08089,0.01381,1,13873,7819,63,0.03969,0.19643
L_1419,"Огни (VIIRS-ряд Li), 2014→2019, Δln(1+DN)",L,LT,with_cities,0,0.14801,0.06809,0.02971,1,13953,7820,63,0.03969,0.19643
L_1419,"Огни (VIIRS-ряд Li), 2014→2019, Δln(1+DN)",L,LT,fe_subseg,1,0.14420,0.06892,0.03642,1,13873,7819,63,0.03969,0.19643
L_1419,"Огни (VIIRS-ряд Li), 2014→2019, Δln(1+DN)",L,LT,placebo_by,1,-0.00216,0.05413,0.96814,0,10139,14693,66,,
L_1419,"Огни (VIIRS-ряд Li), 2014→2019, Δln(1+DN)",L,LT,placebo_nb,1,-0.01572,0.05246,0.76449,0,7926,6470,44,,
L_1924,"Огни (VIIRS-ряд Li), 2019→2024, Δln(1+DN)",L,LT,main,0,-0.04074,0.10567,0.69984,0,13873,7819,63,0.32762,0.25089
L_1924,"Огни (VIIRS-ряд Li), 2019→2024, Δln(1+DN)",L,LT,h15,0,0.00157,0.12583,0.99005,0,8101,4776,49,0.32762,0.25089
L_1924,"Огни (VIIRS-ряд Li), 2019→2024, Δln(1+DN)",L,LT,h50,0,-0.02551,0.08566,0.76582,0,25883,15136,97,0.32762,0.25089
L_1924,"Огни (VIIRS-ряд Li), 2019→2024, Δln(1+DN)",L,LT,uniform,0,-0.05040,0.10459,0.62990,0,13873,7819,63,0.32762,0.25089
L_1924,"Огни (VIIRS-ряд Li), 2019→2024, Δln(1+DN)",L,LT,with_cities,0,-0.04083,0.10559,0.69896,0,13953,7820,63,0.32762,0.25089
L_1924,"Огни (VIIRS-ряд Li), 2019→2024, Δln(1+DN)",L,LT,fe_subseg,1,-0.01154,0.10941,0.91598,0,13873,7819,63,0.32762,0.25089
L_1924,"Огни (VIIRS-ряд Li), 2019→2024, Δln(1+DN)",L,LT,placebo_by,1,-0.05298,0.08267,0.52162,0,10139,14693,66,,
L_1924,"Огни (VIIRS-ряд Li), 2019→2024, Δln(1+DN)",L,LT,placebo_nb,1,-0.01896,0.08217,0.81755,0,7926,6470,44,,
C_0319,"Доля пашни GLAD, 2003→2019, п.п.",C,LT,main,0,13.36900,3.26963,0.00004,1,13873,7819,63,1.03483,10.69069
C_0319,"Доля пашни GLAD, 2003→2019, п.п.",C,LT,h15,0,14.33594,3.13258,0.00000,1,8101,4776,49,1.03483,10.69069
C_0319,"Доля пашни GLAD, 2003→2019, п.п.",C,LT,h50,0,9.73672,2.60926,0.00019,1,25883,15136,97,1.03483,10.69069
C_0319,"Доля пашни GLAD, 2003→2019, п.п.",C,LT,uniform,0,12.83571,3.15211,0.00005,1,13873,7819,63,1.03483,10.69069
C_0319,"Доля пашни GLAD, 2003→2019, п.п.",C,LT,with_cities,0,13.35014,3.26972,0.00004,1,13953,7820,63,1.03483,10.69069
C_0319,"Доля пашни GLAD, 2003→2019, п.п.",C,LT,fe_subseg,1,13.33163,3.10527,0.00002,1,13873,7819,63,1.03483,10.69069
C_0319,"Доля пашни GLAD, 2003→2019, п.п.",C,LT,placebo_by,1,1.62343,0.86180,0.05960,0,10139,14693,66,,
C_0319,"Доля пашни GLAD, 2003→2019, п.п.",C,LT,placebo_nb,1,1.07135,1.10654,0.33294,0,7926,6470,44,,
I_2019,"Огни VIIRS 2019, ln(0,1+нВт) при равной застройке и населении",I,LT,main,0,0.04300,0.08169,0.59860,0,13873,7819,63,-2.15288,-1.99178
I_2019,"Огни VIIRS 2019, ln(0,1+нВт) при равной застройке и населении",I,LT,h15,0,0.03920,0.09946,0.69346,0,8101,4776,49,-2.15288,-1.99178
I_2019,"Огни VIIRS 2019, ln(0,1+нВт) при равной застройке и населении",I,LT,h50,0,0.12388,0.08960,0.16678,0,25883,15136,97,-2.15288,-1.99178
I_2019,"Огни VIIRS 2019, ln(0,1+нВт) при равной застройке и населении",I,LT,uniform,0,0.03344,0.08831,0.70496,0,13873,7819,63,-2.15288,-1.99178
I_2019,"Огни VIIRS 2019, ln(0,1+нВт) при равной застройке и населении",I,LT,with_cities,0,0.05206,0.08233,0.52717,0,13953,7820,63,-2.15288,-1.99178
I_2019,"Огни VIIRS 2019, ln(0,1+нВт) при равной застройке и населении",I,LT,fe_subseg,1,0.05463,0.08186,0.50454,0,13873,7819,63,-2.15288,-1.99178
I_2019,"Огни VIIRS 2019, ln(0,1+нВт) при равной застройке и населении",I,LT,placebo_by,1,0.07565,0.04967,0.12775,0,10139,14693,66,,
I_2019,"Огни VIIRS 2019, ln(0,1+нВт) при равной застройке и населении",I,LT,placebo_nb,1,-0.07852,0.13835,0.57034,0,7926,6470,44,,
I_2019,"Огни VIIRS 2019, ln(0,1+нВт) при равной застройке и населении",I,LT,built_only,1,0.05503,0.08638,0.52414,0,13873,7819,63,-2.15288,-1.99178
lvl_crop19,"Уровень: доля пашни 2019, %",level,LT,main,0,2.29153,4.86057,0.63732,0,13873,7819,63,22.91487,18.35723
lvl_crop19,"Уровень: доля пашни 2019, %",level,LT,h15,0,4.55314,4.55412,0.31741,0,8101,4776,49,22.91487,18.35723
lvl_crop19,"Уровень: доля пашни 2019, %",level,LT,h50,0,-3.87270,4.34529,0.37280,0,25883,15136,97,22.91487,18.35723
lvl_crop19,"Уровень: доля пашни 2019, %",level,LT,uniform,0,2.40929,4.90942,0.62360,0,13873,7819,63,22.91487,18.35723
lvl_crop19,"Уровень: доля пашни 2019, %",level,LT,with_cities,0,2.27801,4.86050,0.63930,0,13953,7820,63,22.91487,18.35723
lvl_crop19,"Уровень: доля пашни 2019, %",level,LT,fe_subseg,1,0.51038,4.48769,0.90945,0,13873,7819,63,22.91487,18.35723
lvl_crop19,"Уровень: доля пашни 2019, %",level,LT,placebo_by,1,4.94635,2.94063,0.09255,0,10139,14693,66,,
lvl_crop19,"Уровень: доля пашни 2019, %",level,LT,placebo_nb,1,0.82722,1.84842,0.65449,0,7926,6470,44,,
lvl_wsf15,"Уровень: застройка WSF 2015, ln(1+м²)",level,LT,main,0,0.89565,0.66033,0.17498,0,13873,7819,63,3.27097,4.09291
lvl_wsf15,"Уровень: застройка WSF 2015, ln(1+м²)",level,LT,h15,0,1.01848,0.79555,0.20047,0,8101,4776,49,3.27097,4.09291
lvl_wsf15,"Уровень: застройка WSF 2015, ln(1+м²)",level,LT,h50,0,0.63110,0.62509,0.31267,0,25883,15136,97,3.27097,4.09291
lvl_wsf15,"Уровень: застройка WSF 2015, ln(1+м²)",level,LT,uniform,0,0.88176,0.60244,0.14329,0,13873,7819,63,3.27097,4.09291
lvl_wsf15,"Уровень: застройка WSF 2015, ln(1+м²)",level,LT,with_cities,0,0.93411,0.66375,0.15933,0,13953,7820,63,3.27097,4.09291
lvl_wsf15,"Уровень: застройка WSF 2015, ln(1+м²)",level,LT,fe_subseg,1,0.84362,0.54311,0.12035,0,13873,7819,63,3.27097,4.09291
lvl_wsf15,"Уровень: застройка WSF 2015, ln(1+м²)",level,LT,placebo_by,1,0.08306,0.40321,0.83680,0,10139,14693,66,,
lvl_wsf15,"Уровень: застройка WSF 2015, ln(1+м²)",level,LT,placebo_nb,1,0.03679,0.72424,0.95949,0,7926,6470,44,,
lvl_vnl19,"Уровень: огни VIIRS 2019, ln(0,1+нВт)",level,LT,main,0,0.11173,0.10274,0.27682,0,13873,7819,63,-2.15288,-1.99178
lvl_vnl19,"Уровень: огни VIIRS 2019, ln(0,1+нВт)",level,LT,h15,0,0.10867,0.12402,0.38091,0,8101,4776,49,-2.15288,-1.99178
lvl_vnl19,"Уровень: огни VIIRS 2019, ln(0,1+нВт)",level,LT,h50,0,0.19213,0.11747,0.10193,0,25883,15136,97,-2.15288,-1.99178
lvl_vnl19,"Уровень: огни VIIRS 2019, ln(0,1+нВт)",level,LT,uniform,0,0.11271,0.10743,0.29410,0,13873,7819,63,-2.15288,-1.99178
lvl_vnl19,"Уровень: огни VIIRS 2019, ln(0,1+нВт)",level,LT,with_cities,0,0.12651,0.10514,0.22887,0,13953,7820,63,-2.15288,-1.99178
lvl_vnl19,"Уровень: огни VIIRS 2019, ln(0,1+нВт)",level,LT,fe_subseg,1,0.12295,0.10355,0.23509,0,13873,7819,63,-2.15288,-1.99178
lvl_vnl19,"Уровень: огни VIIRS 2019, ln(0,1+нВт)",level,LT,placebo_by,1,0.08609,0.06201,0.16503,0,10139,14693,66,,
lvl_vnl19,"Уровень: огни VIIRS 2019, ln(0,1+нВт)",level,LT,placebo_nb,1,-0.04720,0.24107,0.84476,0,7926,6470,44,,
lvl_pop20,"Уровень: GHS-POP 2020, ln(1+чел.) — механический, только контекст",level,LT,main,0,0.28828,0.16946,0.08891,0,13873,7819,63,1.14702,1.49331
lvl_pop20,"Уровень: GHS-POP 2020, ln(1+чел.) — механический, только контекст",level,LT,h15,0,0.29187,0.20576,0.15606,0,8101,4776,49,1.14702,1.49331
lvl_pop20,"Уровень: GHS-POP 2020, ln(1+чел.) — механический, только контекст",level,LT,h50,0,0.26995,0.16774,0.10754,0,25883,15136,97,1.14702,1.49331
lvl_pop20,"Уровень: GHS-POP 2020, ln(1+чел.) — механический, только контекст",level,LT,uniform,0,0.30478,0.17731,0.08564,0,13873,7819,63,1.14702,1.49331
lvl_pop20,"Уровень: GHS-POP 2020, ln(1+чел.) — механический, только контекст",level,LT,with_cities,0,0.30791,0.17260,0.07444,0,13953,7820,63,1.14702,1.49331
lvl_pop20,"Уровень: GHS-POP 2020, ln(1+чел.) — механический, только контекст",level,LT,fe_subseg,1,0.30088,0.16215,0.06351,0,13873,7819,63,1.14702,1.49331
lvl_pop20,"Уровень: GHS-POP 2020, ln(1+чел.) — механический, только контекст",level,LT,placebo_by,1,0.05305,0.11503,0.64470,0,10139,14693,66,,
lvl_pop20,"Уровень: GHS-POP 2020, ln(1+чел.) — механический, только контекст",level,LT,placebo_nb,1,0.08887,0.27162,0.74354,0,7926,6470,44,,
B_9015,"Рост застройки WSF, 1990→2015, Δln",B,LV,main,0,0.05889,0.07306,0.42024,0,2544,3276,19,0.09162,0.18362
B_9015,"Рост застройки WSF, 1990→2015, Δln",B,LV,h15,0,0.09496,0.09635,0.32436,0,1556,1890,17,0.09162,0.18362
B_9015,"Рост застройки WSF, 1990→2015, Δln",B,LV,h50,0,0.18136,0.09013,0.04418,1,4303,6944,31,0.09162,0.18362
B_9015,"Рост застройки WSF, 1990→2015, Δln",B,LV,uniform,0,0.09497,0.08148,0.24381,0,2544,3276,19,0.09162,0.18362
B_9015,"Рост застройки WSF, 1990→2015, Δln",B,LV,with_cities,0,0.06148,0.07270,0.39769,0,2544,3346,19,0.09162,0.18362
B_9015,"Рост застройки WSF, 1990→2015, Δln",B,LV,fe_subseg,1,0.05659,0.06966,0.41655,0,2544,3276,19,0.09162,0.18362
B_9015,"Рост застройки WSF, 1990→2015, Δln",B,LV,placebo_by,1,-0.16635,0.16992,0.32757,0,1424,2589,14,,
B_9015,"Рост застройки WSF, 1990→2015, Δln",B,LV,placebo_nb,1,0.03955,0.08724,0.65033,0,3552,3249,22,,
B_9000,"Рост застройки WSF, 1990→2000, Δln",B,LV,main,0,0.00024,0.03062,0.99364,0,2544,3276,19,0.04479,0.08219
B_9000,"Рост застройки WSF, 1990→2000, Δln",B,LV,h15,0,-0.01702,0.04376,0.69728,0,1556,1890,17,0.04479,0.08219
B_9000,"Рост застройки WSF, 1990→2000, Δln",B,LV,h50,0,0.05251,0.04744,0.26833,0,4303,6944,31,0.04479,0.08219
B_9000,"Рост застройки WSF, 1990→2000, Δln",B,LV,uniform,0,0.03574,0.04232,0.39832,0,2544,3276,19,0.04479,0.08219
B_9000,"Рост застройки WSF, 1990→2000, Δln",B,LV,with_cities,0,0.00120,0.03031,0.96837,0,2544,3346,19,0.04479,0.08219
B_9000,"Рост застройки WSF, 1990→2000, Δln",B,LV,fe_subseg,1,-0.00071,0.03144,0.98200,0,2544,3276,19,0.04479,0.08219
B_9000,"Рост застройки WSF, 1990→2000, Δln",B,LV,placebo_by,1,-0.09756,0.06695,0.14504,0,1424,2589,14,,
B_9000,"Рост застройки WSF, 1990→2000, Δln",B,LV,placebo_nb,1,0.06934,0.06638,0.29625,0,3552,3249,22,,
B_0015,"Рост застройки WSF, 2000→2015, Δln",B,LV,main,0,0.05864,0.05395,0.27701,0,2544,3276,19,0.04683,0.10143
B_0015,"Рост застройки WSF, 2000→2015, Δln",B,LV,h15,0,0.11198,0.08819,0.20417,0,1556,1890,17,0.04683,0.10143
B_0015,"Рост застройки WSF, 2000→2015, Δln",B,LV,h50,0,0.12885,0.05117,0.01180,1,4303,6944,31,0.04683,0.10143
B_0015,"Рост застройки WSF, 2000→2015, Δln",B,LV,uniform,0,0.05922,0.04935,0.23011,0,2544,3276,19,0.04683,0.10143
B_0015,"Рост застройки WSF, 2000→2015, Δln",B,LV,with_cities,0,0.06028,0.05361,0.26081,0,2544,3346,19,0.04683,0.10143
B_0015,"Рост застройки WSF, 2000→2015, Δln",B,LV,fe_subseg,1,0.05730,0.05302,0.27982,0,2544,3276,19,0.04683,0.10143
B_0015,"Рост застройки WSF, 2000→2015, Δln",B,LV,placebo_by,1,-0.06879,0.10553,0.51446,0,1424,2589,14,,
B_0015,"Рост застройки WSF, 2000→2015, Δln",B,LV,placebo_nb,1,-0.02979,0.03020,0.32389,0,3552,3249,22,,
G_7590,"Рост застройки GHSL, 1975→1990, Δln (до 1991)",B,LV,main,0,0.05550,0.04719,0.23957,0,2544,3276,19,0.17747,0.25652
G_7590,"Рост застройки GHSL, 1975→1990, Δln (до 1991)",B,LV,h15,0,0.04493,0.05707,0.43120,0,1556,1890,17,0.17747,0.25652
G_7590,"Рост застройки GHSL, 1975→1990, Δln (до 1991)",B,LV,h50,0,0.06695,0.03820,0.07964,0,4303,6944,31,0.17747,0.25652
G_7590,"Рост застройки GHSL, 1975→1990, Δln (до 1991)",B,LV,uniform,0,0.06574,0.04519,0.14576,0,2544,3276,19,0.17747,0.25652
G_7590,"Рост застройки GHSL, 1975→1990, Δln (до 1991)",B,LV,with_cities,0,0.05662,0.04721,0.23040,0,2544,3346,19,0.17747,0.25652
G_7590,"Рост застройки GHSL, 1975→1990, Δln (до 1991)",B,LV,fe_subseg,1,0.05583,0.04451,0.20972,0,2544,3276,19,0.17747,0.25652
G_7590,"Рост застройки GHSL, 1975→1990, Δln (до 1991)",B,LV,placebo_by,1,0.00361,0.02921,0.90160,0,1424,2589,14,,
G_7590,"Рост застройки GHSL, 1975→1990, Δln (до 1991)",B,LV,placebo_nb,1,0.00160,0.01084,0.88288,0,3552,3249,22,,
G_9015,"Рост застройки GHSL, 1990→2015, Δln",B,LV,main,0,0.03214,0.02725,0.23831,0,2544,3276,19,0.05424,0.08190
G_9015,"Рост застройки GHSL, 1990→2015, Δln",B,LV,h15,0,0.04330,0.03698,0.24161,0,1556,1890,17,0.05424,0.08190
G_9015,"Рост застройки GHSL, 1990→2015, Δln",B,LV,h50,0,0.02387,0.01970,0.22560,0,4303,6944,31,0.05424,0.08190
G_9015,"Рост застройки GHSL, 1990→2015, Δln",B,LV,uniform,0,0.02427,0.02345,0.30073,0,2544,3276,19,0.05424,0.08190
G_9015,"Рост застройки GHSL, 1990→2015, Δln",B,LV,with_cities,0,0.02954,0.02735,0.28007,0,2544,3346,19,0.05424,0.08190
G_9015,"Рост застройки GHSL, 1990→2015, Δln",B,LV,fe_subseg,1,0.03219,0.02764,0.24409,0,2544,3276,19,0.05424,0.08190
G_9015,"Рост застройки GHSL, 1990→2015, Δln",B,LV,placebo_by,1,-0.02085,0.02676,0.43593,0,1424,2589,14,,
G_9015,"Рост застройки GHSL, 1990→2015, Δln",B,LV,placebo_nb,1,-0.01214,0.01330,0.36141,0,3552,3249,22,,
L_9212,"Огни DMSP, 1992→2012, Δln(1+DN)",L,LV,main,0,0.10869,0.12001,0.36513,0,2544,3276,19,0.22845,0.18185
L_9212,"Огни DMSP, 1992→2012, Δln(1+DN)",L,LV,h15,0,0.21675,0.07085,0.00222,1,1556,1890,17,0.22845,0.18185
L_9212,"Огни DMSP, 1992→2012, Δln(1+DN)",L,LV,h50,0,-0.05642,0.10482,0.59041,0,4303,6944,31,0.22845,0.18185
L_9212,"Огни DMSP, 1992→2012, Δln(1+DN)",L,LV,uniform,0,-0.00272,0.12794,0.98302,0,2544,3276,19,0.22845,0.18185
L_9212,"Огни DMSP, 1992→2012, Δln(1+DN)",L,LV,with_cities,0,0.10594,0.11897,0.37321,0,2544,3346,19,0.22845,0.18185
L_9212,"Огни DMSP, 1992→2012, Δln(1+DN)",L,LV,fe_subseg,1,0.11061,0.12560,0.37850,0,2544,3276,19,0.22845,0.18185
L_9212,"Огни DMSP, 1992→2012, Δln(1+DN)",L,LV,placebo_by,1,-0.17993,0.12945,0.16454,0,1424,2589,14,,
L_9212,"Огни DMSP, 1992→2012, Δln(1+DN)",L,LV,placebo_nb,1,-0.09842,0.15393,0.52257,0,3552,3249,22,,
L_9212,"Огни DMSP, 1992→2012, Δln(1+DN)",L,LV,donut10,1,-0.26615,0.33716,0.42990,0,1540,2119,19,0.44161,0.12939
L_9204,"Огни DMSP, 1992→2004, Δln(1+DN)",L,LV,main,0,0.11951,0.06168,0.05266,0,2544,3276,19,-0.02035,0.07647
L_9204,"Огни DMSP, 1992→2004, Δln(1+DN)",L,LV,h15,0,0.20177,0.08079,0.01251,1,1556,1890,17,-0.02035,0.07647
L_9204,"Огни DMSP, 1992→2004, Δln(1+DN)",L,LV,h50,0,0.09382,0.04384,0.03234,1,4303,6944,31,-0.02035,0.07647
L_9204,"Огни DMSP, 1992→2004, Δln(1+DN)",L,LV,uniform,0,0.08536,0.05445,0.11696,0,2544,3276,19,-0.02035,0.07647
L_9204,"Огни DMSP, 1992→2004, Δln(1+DN)",L,LV,with_cities,0,0.11770,0.06124,0.05460,0,2544,3346,19,-0.02035,0.07647
L_9204,"Огни DMSP, 1992→2004, Δln(1+DN)",L,LV,fe_subseg,1,0.11959,0.05827,0.04015,1,2544,3276,19,-0.02035,0.07647
L_9204,"Огни DMSP, 1992→2004, Δln(1+DN)",L,LV,placebo_by,1,-0.09604,0.05215,0.06551,0,1424,2589,14,,
L_9204,"Огни DMSP, 1992→2004, Δln(1+DN)",L,LV,placebo_nb,1,0.12016,0.06549,0.06652,0,3552,3249,22,,
L_9204,"Огни DMSP, 1992→2004, Δln(1+DN)",L,LV,donut10,1,-0.09969,0.13882,0.47271,0,1540,2119,19,-0.06857,-0.01349
L_0412,"Огни DMSP, 2004→2012, Δln(1+DN)",L,LV,main,0,-0.01082,0.09869,0.91266,0,2544,3276,19,0.24880,0.10538
L_0412,"Огни DMSP, 2004→2012, Δln(1+DN)",L,LV,h15,0,0.01498,0.08386,0.85824,0,1556,1890,17,0.24880,0.10538
L_0412,"Огни DMSP, 2004→2012, Δln(1+DN)",L,LV,h50,0,-0.15024,0.08898,0.09131,0,4303,6944,31,0.24880,0.10538
L_0412,"Огни DMSP, 2004→2012, Δln(1+DN)",L,LV,uniform,0,-0.08808,0.10372,0.39572,0,2544,3276,19,0.24880,0.10538
L_0412,"Огни DMSP, 2004→2012, Δln(1+DN)",L,LV,with_cities,0,-0.01176,0.09808,0.90458,0,2544,3346,19,0.24880,0.10538
L_0412,"Огни DMSP, 2004→2012, Δln(1+DN)",L,LV,fe_subseg,1,-0.00897,0.10439,0.93150,0,2544,3276,19,0.24880,0.10538
L_0412,"Огни DMSP, 2004→2012, Δln(1+DN)",L,LV,placebo_by,1,-0.08388,0.09913,0.39744,0,1424,2589,14,,
L_0412,"Огни DMSP, 2004→2012, Δln(1+DN)",L,LV,placebo_nb,1,-0.21859,0.13916,0.11624,0,3552,3249,22,,
L_0412,"Огни DMSP, 2004→2012, Δln(1+DN)",L,LV,donut10,1,-0.16646,0.39108,0.67037,0,1540,2119,19,0.51019,0.14288
L_1419,"Огни (VIIRS-ряд Li), 2014→2019, Δln(1+DN)",L,LV,main,0,0.10475,0.11392,0.35779,0,2544,3276,19,0.10775,0.20386
L_1419,"Огни (VIIRS-ряд Li), 2014→2019, Δln(1+DN)",L,LV,h15,0,0.07956,0.14317,0.57842,0,1556,1890,17,0.10775,0.20386
L_1419,"Огни (VIIRS-ряд Li), 2014→2019, Δln(1+DN)",L,LV,h50,0,0.04372,0.08069,0.58796,0,4303,6944,31,0.10775,0.20386
L_1419,"Огни (VIIRS-ряд Li), 2014→2019, Δln(1+DN)",L,LV,uniform,0,0.09418,0.10028,0.34766,0,2544,3276,19,0.10775,0.20386
L_1419,"Огни (VIIRS-ряд Li), 2014→2019, Δln(1+DN)",L,LV,with_cities,0,0.10290,0.11373,0.36555,0,2544,3346,19,0.10775,0.20386
L_1419,"Огни (VIIRS-ряд Li), 2014→2019, Δln(1+DN)",L,LV,fe_subseg,1,0.10621,0.11280,0.34641,0,2544,3276,19,0.10775,0.20386
L_1419,"Огни (VIIRS-ряд Li), 2014→2019, Δln(1+DN)",L,LV,placebo_by,1,0.06643,0.03573,0.06303,0,1424,2589,14,,
L_1419,"Огни (VIIRS-ряд Li), 2014→2019, Δln(1+DN)",L,LV,placebo_nb,1,-0.11792,0.07986,0.13979,0,3552,3249,22,,
L_1924,"Огни (VIIRS-ряд Li), 2019→2024, Δln(1+DN)",L,LV,main,0,-0.06993,0.13417,0.60222,0,2544,3276,19,0.23611,0.06045
L_1924,"Огни (VIIRS-ряд Li), 2019→2024, Δln(1+DN)",L,LV,h15,0,0.14299,0.13411,0.28634,0,1556,1890,17,0.23611,0.06045
L_1924,"Огни (VIIRS-ряд Li), 2019→2024, Δln(1+DN)",L,LV,h50,0,-0.22634,0.10805,0.03620,1,4303,6944,31,0.23611,0.06045
L_1924,"Огни (VIIRS-ряд Li), 2019→2024, Δln(1+DN)",L,LV,uniform,0,-0.21982,0.13422,0.10146,0,2544,3276,19,0.23611,0.06045
L_1924,"Огни (VIIRS-ряд Li), 2019→2024, Δln(1+DN)",L,LV,with_cities,0,-0.06847,0.13366,0.60843,0,2544,3346,19,0.23611,0.06045
L_1924,"Огни (VIIRS-ряд Li), 2019→2024, Δln(1+DN)",L,LV,fe_subseg,1,-0.07174,0.13561,0.59678,0,2544,3276,19,0.23611,0.06045
L_1924,"Огни (VIIRS-ряд Li), 2019→2024, Δln(1+DN)",L,LV,placebo_by,1,-0.12344,0.11778,0.29459,0,1424,2589,14,,
L_1924,"Огни (VIIRS-ряд Li), 2019→2024, Δln(1+DN)",L,LV,placebo_nb,1,-0.00840,0.08848,0.92436,0,3552,3249,22,,
C_0319,"Доля пашни GLAD, 2003→2019, п.п.",C,LV,main,0,6.93317,2.66423,0.00926,1,2544,3276,19,1.31037,6.57724
C_0319,"Доля пашни GLAD, 2003→2019, п.п.",C,LV,h15,0,6.03435,3.58950,0.09274,0,1556,1890,17,1.31037,6.57724
C_0319,"Доля пашни GLAD, 2003→2019, п.п.",C,LV,h50,0,6.10466,1.69896,0.00033,1,4303,6944,31,1.31037,6.57724
C_0319,"Доля пашни GLAD, 2003→2019, п.п.",C,LV,uniform,0,8.03734,2.04571,0.00009,1,2544,3276,19,1.31037,6.57724
C_0319,"Доля пашни GLAD, 2003→2019, п.п.",C,LV,with_cities,0,7.01925,2.64625,0.00799,1,2544,3346,19,1.31037,6.57724
C_0319,"Доля пашни GLAD, 2003→2019, п.п.",C,LV,fe_subseg,1,7.07192,2.83561,0.01263,1,2544,3276,19,1.31037,6.57724
C_0319,"Доля пашни GLAD, 2003→2019, п.п.",C,LV,placebo_by,1,0.19817,2.15513,0.92674,0,1424,2589,14,,
C_0319,"Доля пашни GLAD, 2003→2019, п.п.",C,LV,placebo_nb,1,0.98909,1.07371,0.35695,0,3552,3249,22,,
I_2019,"Огни VIIRS 2019, ln(0,1+нВт) при равной застройке и населении",I,LV,main,0,-0.00540,0.07676,0.94395,0,2544,3276,19,-2.24403,-2.18617
I_2019,"Огни VIIRS 2019, ln(0,1+нВт) при равной застройке и населении",I,LV,h15,0,-0.02278,0.05990,0.70376,0,1556,1890,17,-2.24403,-2.18617
I_2019,"Огни VIIRS 2019, ln(0,1+нВт) при равной застройке и населении",I,LV,h50,0,-0.05405,0.05457,0.32189,0,4303,6944,31,-2.24403,-2.18617
I_2019,"Огни VIIRS 2019, ln(0,1+нВт) при равной застройке и населении",I,LV,uniform,0,-0.08180,0.09201,0.37400,0,2544,3276,19,-2.24403,-2.18617
I_2019,"Огни VIIRS 2019, ln(0,1+нВт) при равной застройке и населении",I,LV,with_cities,0,-0.07349,0.10138,0.46853,0,2544,3346,19,-2.24403,-2.18617
I_2019,"Огни VIIRS 2019, ln(0,1+нВт) при равной застройке и населении",I,LV,fe_subseg,1,-0.00554,0.07765,0.94307,0,2544,3276,19,-2.24403,-2.18617
I_2019,"Огни VIIRS 2019, ln(0,1+нВт) при равной застройке и населении",I,LV,placebo_by,1,0.04371,0.04718,0.35415,0,1424,2589,14,,
I_2019,"Огни VIIRS 2019, ln(0,1+нВт) при равной застройке и населении",I,LV,placebo_nb,1,-0.16934,0.07781,0.02952,1,3552,3249,22,,
I_2019,"Огни VIIRS 2019, ln(0,1+нВт) при равной застройке и населении",I,LV,built_only,1,0.03256,0.08549,0.70335,0,2544,3276,19,-2.24403,-2.18617
lvl_crop19,"Уровень: доля пашни 2019, %",level,LV,main,0,-0.48692,2.33674,0.83494,0,2544,3276,19,13.30428,10.61715
lvl_crop19,"Уровень: доля пашни 2019, %",level,LV,h15,0,-1.14827,2.60457,0.65931,0,1556,1890,17,13.30428,10.61715
lvl_crop19,"Уровень: доля пашни 2019, %",level,LV,h50,0,-0.34183,2.67654,0.89838,0,4303,6944,31,13.30428,10.61715
lvl_crop19,"Уровень: доля пашни 2019, %",level,LV,uniform,0,0.45314,2.61884,0.86263,0,2544,3276,19,13.30428,10.61715
lvl_crop19,"Уровень: доля пашни 2019, %",level,LV,with_cities,0,-0.36711,2.34404,0.87555,0,2544,3346,19,13.30428,10.61715
lvl_crop19,"Уровень: доля пашни 2019, %",level,LV,fe_subseg,1,-0.25102,1.78571,0.88821,0,2544,3276,19,13.30428,10.61715
lvl_crop19,"Уровень: доля пашни 2019, %",level,LV,placebo_by,1,-2.06510,4.70958,0.66103,0,1424,2589,14,,
lvl_crop19,"Уровень: доля пашни 2019, %",level,LV,placebo_nb,1,-0.56190,2.27035,0.80453,0,3552,3249,22,,
lvl_wsf15,"Уровень: застройка WSF 2015, ln(1+м²)",level,LV,main,0,0.75672,0.36354,0.03739,1,2544,3276,19,1.26915,1.74684
lvl_wsf15,"Уровень: застройка WSF 2015, ln(1+м²)",level,LV,h15,0,1.04089,0.44652,0.01975,1,1556,1890,17,1.26915,1.74684
lvl_wsf15,"Уровень: застройка WSF 2015, ln(1+м²)",level,LV,h50,0,0.42639,0.38814,0.27196,0,4303,6944,31,1.26915,1.74684
lvl_wsf15,"Уровень: застройка WSF 2015, ln(1+м²)",level,LV,uniform,0,0.39550,0.39675,0.31883,0,2544,3276,19,1.26915,1.74684
lvl_wsf15,"Уровень: застройка WSF 2015, ln(1+м²)",level,LV,with_cities,0,0.58843,0.42554,0.16673,0,2544,3346,19,1.26915,1.74684
lvl_wsf15,"Уровень: застройка WSF 2015, ln(1+м²)",level,LV,fe_subseg,1,0.76218,0.37739,0.04342,1,2544,3276,19,1.26915,1.74684
lvl_wsf15,"Уровень: застройка WSF 2015, ln(1+м²)",level,LV,placebo_by,1,-0.51250,0.73923,0.48813,0,1424,2589,14,,
lvl_wsf15,"Уровень: застройка WSF 2015, ln(1+м²)",level,LV,placebo_nb,1,-0.09724,0.52568,0.85324,0,3552,3249,22,,
lvl_vnl19,"Уровень: огни VIIRS 2019, ln(0,1+нВт)",level,LV,main,0,0.07638,0.10275,0.45724,0,2544,3276,19,-2.24403,-2.18617
lvl_vnl19,"Уровень: огни VIIRS 2019, ln(0,1+нВт)",level,LV,h15,0,0.06222,0.09792,0.52512,0,1556,1890,17,-2.24403,-2.18617
lvl_vnl19,"Уровень: огни VIIRS 2019, ln(0,1+нВт)",level,LV,h50,0,0.00618,0.07601,0.93517,0,4303,6944,31,-2.24403,-2.18617
lvl_vnl19,"Уровень: огни VIIRS 2019, ln(0,1+нВт)",level,LV,uniform,0,-0.01286,0.11642,0.91203,0,2544,3276,19,-2.24403,-2.18617
lvl_vnl19,"Уровень: огни VIIRS 2019, ln(0,1+нВт)",level,LV,with_cities,0,0.01097,0.12515,0.93015,0,2544,3346,19,-2.24403,-2.18617
lvl_vnl19,"Уровень: огни VIIRS 2019, ln(0,1+нВт)",level,LV,fe_subseg,1,0.07660,0.10758,0.47644,0,2544,3276,19,-2.24403,-2.18617
lvl_vnl19,"Уровень: огни VIIRS 2019, ln(0,1+нВт)",level,LV,placebo_by,1,0.02911,0.02888,0.31340,0,1424,2589,14,,
lvl_vnl19,"Уровень: огни VIIRS 2019, ln(0,1+нВт)",level,LV,placebo_nb,1,-0.18231,0.10800,0.09140,0,3552,3249,22,,
lvl_pop20,"Уровень: GHS-POP 2020, ln(1+чел.) — механический, только контекст",level,LV,main,0,0.64374,0.18820,0.00062,1,2544,3276,19,0.81470,1.41229
lvl_pop20,"Уровень: GHS-POP 2020, ln(1+чел.) — механический, только контекст",level,LV,h15,0,0.73236,0.26812,0.00630,1,1556,1890,17,0.81470,1.41229
lvl_pop20,"Уровень: GHS-POP 2020, ln(1+чел.) — механический, только контекст",level,LV,h50,0,0.54882,0.21294,0.00996,1,4303,6944,31,0.81470,1.41229
lvl_pop20,"Уровень: GHS-POP 2020, ln(1+чел.) — механический, только контекст",level,LV,uniform,0,0.56323,0.21532,0.00890,1,2544,3276,19,0.81470,1.41229
lvl_pop20,"Уровень: GHS-POP 2020, ln(1+чел.) — механический, только контекст",level,LV,with_cities,0,0.57363,0.20948,0.00618,1,2544,3346,19,0.81470,1.41229
lvl_pop20,"Уровень: GHS-POP 2020, ln(1+чел.) — механический, только контекст",level,LV,fe_subseg,1,0.64505,0.20364,0.00154,1,2544,3276,19,0.81470,1.41229
lvl_pop20,"Уровень: GHS-POP 2020, ln(1+чел.) — механический, только контекст",level,LV,placebo_by,1,-0.00279,0.22069,0.98990,0,1424,2589,14,,
lvl_pop20,"Уровень: GHS-POP 2020, ln(1+чел.) — механический, только контекст",level,LV,placebo_nb,1,-0.14501,0.12474,0.24504,0,3552,3249,22,,
B_9015,"Рост застройки WSF, 1990→2015, Δln",B,RU,main,0,-0.06997,0.06169,0.25676,0,17707,18627,101,0.30044,0.23496
B_9015,"Рост застройки WSF, 1990→2015, Δln",B,RU,h15,0,-0.05940,0.06435,0.35599,0,10635,11013,80,0.30044,0.23496
B_9015,"Рост застройки WSF, 1990→2015, Δln",B,RU,h50,0,0.00156,0.05499,0.97742,0,31597,36604,154,0.30044,0.23496
B_9015,"Рост застройки WSF, 1990→2015, Δln",B,RU,uniform,0,-0.06401,0.06620,0.33356,0,17707,18627,101,0.30044,0.23496
B_9015,"Рост застройки WSF, 1990→2015, Δln",B,RU,with_cities,0,-0.06997,0.06169,0.25676,0,17707,18627,101,0.30044,0.23496
B_9015,"Рост застройки WSF, 1990→2015, Δln",B,RU,fe_subseg,1,-0.07190,0.05685,0.20597,0,17707,18627,101,0.30044,0.23496
B_9015,"Рост застройки WSF, 1990→2015, Δln",B,RU,placebo_by,1,-0.10404,0.05947,0.08022,0,11463,18321,84,,
B_9015,"Рост застройки WSF, 1990→2015, Δln",B,RU,placebo_nb,1,-0.00341,0.04047,0.93289,0,19538,15772,100,,
B_9000,"Рост застройки WSF, 1990→2000, Δln",B,RU,main,0,-0.03256,0.02768,0.23946,0,17707,18627,101,0.12800,0.08308
B_9000,"Рост застройки WSF, 1990→2000, Δln",B,RU,h15,0,-0.01421,0.03155,0.65249,0,10635,11013,80,0.12800,0.08308
B_9000,"Рост застройки WSF, 1990→2000, Δln",B,RU,h50,0,-0.01019,0.02487,0.68195,0,31597,36604,154,0.12800,0.08308
B_9000,"Рост застройки WSF, 1990→2000, Δln",B,RU,uniform,0,-0.02549,0.02998,0.39523,0,17707,18627,101,0.12800,0.08308
B_9000,"Рост застройки WSF, 1990→2000, Δln",B,RU,with_cities,0,-0.03256,0.02768,0.23946,0,17707,18627,101,0.12800,0.08308
B_9000,"Рост застройки WSF, 1990→2000, Δln",B,RU,fe_subseg,1,-0.03437,0.02520,0.17262,0,17707,18627,101,0.12800,0.08308
B_9000,"Рост застройки WSF, 1990→2000, Δln",B,RU,placebo_by,1,-0.03407,0.03696,0.35659,0,11463,18321,84,,
B_9000,"Рост застройки WSF, 1990→2000, Δln",B,RU,placebo_nb,1,-0.00151,0.02521,0.95229,0,19538,15772,100,,
B_0015,"Рост застройки WSF, 2000→2015, Δln",B,RU,main,0,-0.03740,0.04029,0.35323,0,17707,18627,101,0.17244,0.15188
B_0015,"Рост застройки WSF, 2000→2015, Δln",B,RU,h15,0,-0.04519,0.04595,0.32541,0,10635,11013,80,0.17244,0.15188
B_0015,"Рост застройки WSF, 2000→2015, Δln",B,RU,h50,0,0.01175,0.03452,0.73360,0,31597,36604,154,0.17244,0.15188
B_0015,"Рост застройки WSF, 2000→2015, Δln",B,RU,uniform,0,-0.03853,0.04189,0.35770,0,17707,18627,101,0.17244,0.15188
B_0015,"Рост застройки WSF, 2000→2015, Δln",B,RU,with_cities,0,-0.03740,0.04029,0.35323,0,17707,18627,101,0.17244,0.15188
B_0015,"Рост застройки WSF, 2000→2015, Δln",B,RU,fe_subseg,1,-0.03753,0.03799,0.32319,0,17707,18627,101,0.17244,0.15188
B_0015,"Рост застройки WSF, 2000→2015, Δln",B,RU,placebo_by,1,-0.06997,0.03572,0.05012,0,11463,18321,84,,
B_0015,"Рост застройки WSF, 2000→2015, Δln",B,RU,placebo_nb,1,-0.00190,0.02885,0.94750,0,19538,15772,100,,
G_7590,"Рост застройки GHSL, 1975→1990, Δln (до 1991)",B,RU,main,0,-0.06379,0.01025,0.00000,1,17707,18627,101,0.10187,0.04454
G_7590,"Рост застройки GHSL, 1975→1990, Δln (до 1991)",B,RU,h15,0,-0.06487,0.01236,0.00000,1,10635,11013,80,0.10187,0.04454
G_7590,"Рост застройки GHSL, 1975→1990, Δln (до 1991)",B,RU,h50,0,-0.04854,0.00844,0.00000,1,31597,36604,154,0.10187,0.04454
G_7590,"Рост застройки GHSL, 1975→1990, Δln (до 1991)",B,RU,uniform,0,-0.06291,0.01010,0.00000,1,17707,18627,101,0.10187,0.04454
G_7590,"Рост застройки GHSL, 1975→1990, Δln (до 1991)",B,RU,with_cities,0,-0.06379,0.01025,0.00000,1,17707,18627,101,0.10187,0.04454
G_7590,"Рост застройки GHSL, 1975→1990, Δln (до 1991)",B,RU,fe_subseg,1,-0.06381,0.00998,0.00000,1,17707,18627,101,0.10187,0.04454
G_7590,"Рост застройки GHSL, 1975→1990, Δln (до 1991)",B,RU,placebo_by,1,-0.00910,0.00903,0.31336,0,11463,18321,84,,
G_7590,"Рост застройки GHSL, 1975→1990, Δln (до 1991)",B,RU,placebo_nb,1,-0.00452,0.00658,0.49198,0,19538,15772,100,,
G_9015,"Рост застройки GHSL, 1990→2015, Δln",B,RU,main,0,-0.02624,0.00922,0.00442,1,17707,18627,101,0.06285,0.03701
G_9015,"Рост застройки GHSL, 1990→2015, Δln",B,RU,h15,0,-0.03130,0.01161,0.00703,1,10635,11013,80,0.06285,0.03701
G_9015,"Рост застройки GHSL, 1990→2015, Δln",B,RU,h50,0,-0.00820,0.01021,0.42219,0,31597,36604,154,0.06285,0.03701
G_9015,"Рост застройки GHSL, 1990→2015, Δln",B,RU,uniform,0,-0.01922,0.01070,0.07231,0,17707,18627,101,0.06285,0.03701
G_9015,"Рост застройки GHSL, 1990→2015, Δln",B,RU,with_cities,0,-0.02624,0.00922,0.00442,1,17707,18627,101,0.06285,0.03701
G_9015,"Рост застройки GHSL, 1990→2015, Δln",B,RU,fe_subseg,1,-0.02665,0.00863,0.00202,1,17707,18627,101,0.06285,0.03701
G_9015,"Рост застройки GHSL, 1990→2015, Δln",B,RU,placebo_by,1,-0.01415,0.01853,0.44494,0,11463,18321,84,,
G_9015,"Рост застройки GHSL, 1990→2015, Δln",B,RU,placebo_nb,1,0.00671,0.01027,0.51335,0,19538,15772,100,,
L_9212,"Огни DMSP, 1992→2012, Δln(1+DN)",L,RU,main,0,-0.21569,0.06379,0.00072,1,17707,18627,101,0.22456,0.03576
L_9212,"Огни DMSP, 1992→2012, Δln(1+DN)",L,RU,h15,0,-0.26448,0.07080,0.00019,1,10635,11013,80,0.22456,0.03576
L_9212,"Огни DMSP, 1992→2012, Δln(1+DN)",L,RU,h50,0,-0.15008,0.05408,0.00552,1,31597,36604,154,0.22456,0.03576
L_9212,"Огни DMSP, 1992→2012, Δln(1+DN)",L,RU,uniform,0,-0.17918,0.06919,0.00960,1,17707,18627,101,0.22456,0.03576
L_9212,"Огни DMSP, 1992→2012, Δln(1+DN)",L,RU,with_cities,0,-0.21569,0.06379,0.00072,1,17707,18627,101,0.22456,0.03576
L_9212,"Огни DMSP, 1992→2012, Δln(1+DN)",L,RU,fe_subseg,1,-0.21547,0.06433,0.00081,1,17707,18627,101,0.22456,0.03576
L_9212,"Огни DMSP, 1992→2012, Δln(1+DN)",L,RU,placebo_by,1,0.06472,0.06406,0.31230,0,11463,18321,84,,
L_9212,"Огни DMSP, 1992→2012, Δln(1+DN)",L,RU,placebo_nb,1,-0.03596,0.05121,0.48262,0,19538,15772,100,,
L_9212,"Огни DMSP, 1992→2012, Δln(1+DN)",L,RU,donut10,1,0.06494,0.16161,0.68780,0,10886,11648,100,0.15587,0.06798
L_9204,"Огни DMSP, 1992→2004, Δln(1+DN)",L,RU,main,0,0.01400,0.07075,0.84312,0,17707,18627,101,-0.17471,-0.12726
L_9204,"Огни DMSP, 1992→2004, Δln(1+DN)",L,RU,h15,0,-0.03719,0.06189,0.54792,0,10635,11013,80,-0.17471,-0.12726
L_9204,"Огни DMSP, 1992→2004, Δln(1+DN)",L,RU,h50,0,0.05960,0.06736,0.37631,0,31597,36604,154,-0.17471,-0.12726
L_9204,"Огни DMSP, 1992→2004, Δln(1+DN)",L,RU,uniform,0,0.03877,0.07864,0.62202,0,17707,18627,101,-0.17471,-0.12726
L_9204,"Огни DMSP, 1992→2004, Δln(1+DN)",L,RU,with_cities,0,0.01400,0.07075,0.84312,0,17707,18627,101,-0.17471,-0.12726
L_9204,"Огни DMSP, 1992→2004, Δln(1+DN)",L,RU,fe_subseg,1,0.01556,0.06586,0.81321,0,17707,18627,101,-0.17471,-0.12726
L_9204,"Огни DMSP, 1992→2004, Δln(1+DN)",L,RU,placebo_by,1,-0.02690,0.05742,0.63942,0,11463,18321,84,,
L_9204,"Огни DMSP, 1992→2004, Δln(1+DN)",L,RU,placebo_nb,1,-0.06202,0.04691,0.18608,0,19538,15772,100,,
L_9204,"Огни DMSP, 1992→2004, Δln(1+DN)",L,RU,donut10,1,0.19154,0.17436,0.27196,0,10886,11648,100,-0.22186,-0.11182
L_0412,"Огни DMSP, 2004→2012, Δln(1+DN)",L,RU,main,0,-0.22969,0.07388,0.00188,1,17707,18627,101,0.39926,0.16302
L_0412,"Огни DMSP, 2004→2012, Δln(1+DN)",L,RU,h15,0,-0.22729,0.08678,0.00882,1,10635,11013,80,0.39926,0.16302
L_0412,"Огни DMSP, 2004→2012, Δln(1+DN)",L,RU,h50,0,-0.20967,0.06633,0.00157,1,31597,36604,154,0.39926,0.16302
L_0412,"Огни DMSP, 2004→2012, Δln(1+DN)",L,RU,uniform,0,-0.21794,0.07889,0.00574,1,17707,18627,101,0.39926,0.16302
L_0412,"Огни DMSP, 2004→2012, Δln(1+DN)",L,RU,with_cities,0,-0.22969,0.07388,0.00188,1,17707,18627,101,0.39926,0.16302
L_0412,"Огни DMSP, 2004→2012, Δln(1+DN)",L,RU,fe_subseg,1,-0.23103,0.07051,0.00105,1,17707,18627,101,0.39926,0.16302
L_0412,"Огни DMSP, 2004→2012, Δln(1+DN)",L,RU,placebo_by,1,0.09163,0.06897,0.18401,0,11463,18321,84,,
L_0412,"Огни DMSP, 2004→2012, Δln(1+DN)",L,RU,placebo_nb,1,0.02607,0.04560,0.56752,0,19538,15772,100,,
L_0412,"Огни DMSP, 2004→2012, Δln(1+DN)",L,RU,donut10,1,-0.12660,0.19914,0.52493,0,10886,11648,100,0.37772,0.17980
L_1419,"Огни (VIIRS-ряд Li), 2014→2019, Δln(1+DN)",L,RU,main,0,0.03336,0.02733,0.22215,0,17707,18627,101,0.00895,0.03062
L_1419,"Огни (VIIRS-ряд Li), 2014→2019, Δln(1+DN)",L,RU,h15,0,-0.01019,0.03146,0.74612,0,10635,11013,80,0.00895,0.03062
L_1419,"Огни (VIIRS-ряд Li), 2014→2019, Δln(1+DN)",L,RU,h50,0,0.02491,0.02407,0.30087,0,31597,36604,154,0.00895,0.03062
L_1419,"Огни (VIIRS-ряд Li), 2014→2019, Δln(1+DN)",L,RU,uniform,0,0.04795,0.03232,0.13796,0,17707,18627,101,0.00895,0.03062
L_1419,"Огни (VIIRS-ряд Li), 2014→2019, Δln(1+DN)",L,RU,with_cities,0,0.03336,0.02733,0.22215,0,17707,18627,101,0.00895,0.03062
L_1419,"Огни (VIIRS-ряд Li), 2014→2019, Δln(1+DN)",L,RU,fe_subseg,1,0.03319,0.02568,0.19617,0,17707,18627,101,0.00895,0.03062
L_1419,"Огни (VIIRS-ряд Li), 2014→2019, Δln(1+DN)",L,RU,placebo_by,1,0.00195,0.03725,0.95833,0,11463,18321,84,,
L_1419,"Огни (VIIRS-ряд Li), 2014→2019, Δln(1+DN)",L,RU,placebo_nb,1,0.01567,0.04164,0.70663,0,19538,15772,100,,
L_1924,"Огни (VIIRS-ряд Li), 2019→2024, Δln(1+DN)",L,RU,main,0,-0.11542,0.07010,0.09966,0,17707,18627,101,0.21269,0.16535
L_1924,"Огни (VIIRS-ряд Li), 2019→2024, Δln(1+DN)",L,RU,h15,0,-0.10489,0.06559,0.10979,0,10635,11013,80,0.21269,0.16535
L_1924,"Огни (VIIRS-ряд Li), 2019→2024, Δln(1+DN)",L,RU,h50,0,0.00211,0.05740,0.97074,0,31597,36604,154,0.21269,0.16535
L_1924,"Огни (VIIRS-ряд Li), 2019→2024, Δln(1+DN)",L,RU,uniform,0,-0.06583,0.07297,0.36700,0,17707,18627,101,0.21269,0.16535
L_1924,"Огни (VIIRS-ряд Li), 2019→2024, Δln(1+DN)",L,RU,with_cities,0,-0.11542,0.07010,0.09966,0,17707,18627,101,0.21269,0.16535
L_1924,"Огни (VIIRS-ряд Li), 2019→2024, Δln(1+DN)",L,RU,fe_subseg,1,-0.11127,0.06792,0.10137,0,17707,18627,101,0.21269,0.16535
L_1924,"Огни (VIIRS-ряд Li), 2019→2024, Δln(1+DN)",L,RU,placebo_by,1,0.02413,0.07049,0.73215,0,11463,18321,84,,
L_1924,"Огни (VIIRS-ряд Li), 2019→2024, Δln(1+DN)",L,RU,placebo_nb,1,-0.05431,0.07978,0.49602,0,19538,15772,100,,
C_0319,"Доля пашни GLAD, 2003→2019, п.п.",C,RU,main,0,-5.13913,1.49880,0.00061,1,17707,18627,101,2.65626,-1.86548
C_0319,"Доля пашни GLAD, 2003→2019, п.п.",C,RU,h15,0,-4.15256,1.68281,0.01360,1,10635,11013,80,2.65626,-1.86548
C_0319,"Доля пашни GLAD, 2003→2019, п.п.",C,RU,h50,0,-4.45095,1.12545,0.00008,1,31597,36604,154,2.65626,-1.86548
C_0319,"Доля пашни GLAD, 2003→2019, п.п.",C,RU,uniform,0,-4.90390,1.38616,0.00040,1,17707,18627,101,2.65626,-1.86548
C_0319,"Доля пашни GLAD, 2003→2019, п.п.",C,RU,with_cities,0,-5.13913,1.49880,0.00061,1,17707,18627,101,2.65626,-1.86548
C_0319,"Доля пашни GLAD, 2003→2019, п.п.",C,RU,fe_subseg,1,-5.09875,1.44988,0.00044,1,17707,18627,101,2.65626,-1.86548
C_0319,"Доля пашни GLAD, 2003→2019, п.п.",C,RU,placebo_by,1,0.14055,0.74509,0.85038,0,11463,18321,84,,
C_0319,"Доля пашни GLAD, 2003→2019, п.п.",C,RU,placebo_nb,1,0.51837,0.84707,0.54057,0,19538,15772,100,,
I_2019,"Огни VIIRS 2019, ln(0,1+нВт) при равной застройке и населении",I,RU,main,0,0.01686,0.02340,0.47128,0,17707,18627,101,-2.17761,-2.23034
I_2019,"Огни VIIRS 2019, ln(0,1+нВт) при равной застройке и населении",I,RU,h15,0,0.01624,0.02311,0.48224,0,10635,11013,80,-2.17761,-2.23034
I_2019,"Огни VIIRS 2019, ln(0,1+нВт) при равной застройке и населении",I,RU,h50,0,0.04444,0.03192,0.16382,0,31597,36604,154,-2.17761,-2.23034
I_2019,"Огни VIIRS 2019, ln(0,1+нВт) при равной застройке и населении",I,RU,uniform,0,0.02497,0.02871,0.38442,0,17707,18627,101,-2.17761,-2.23034
I_2019,"Огни VIIRS 2019, ln(0,1+нВт) при равной застройке и населении",I,RU,with_cities,0,0.01686,0.02340,0.47128,0,17707,18627,101,-2.17761,-2.23034
I_2019,"Огни VIIRS 2019, ln(0,1+нВт) при равной застройке и населении",I,RU,fe_subseg,1,0.01623,0.02248,0.47032,0,17707,18627,101,-2.17761,-2.23034
I_2019,"Огни VIIRS 2019, ln(0,1+нВт) при равной застройке и населении",I,RU,placebo_by,1,-0.08499,0.05272,0.10695,0,11463,18321,84,,
I_2019,"Огни VIIRS 2019, ln(0,1+нВт) при равной застройке и населении",I,RU,placebo_nb,1,0.05258,0.04054,0.19460,0,19538,15772,100,,
I_2019,"Огни VIIRS 2019, ln(0,1+нВт) при равной застройке и населении",I,RU,built_only,1,-0.01381,0.02492,0.57931,0,17707,18627,101,-2.17761,-2.23034
lvl_crop19,"Уровень: доля пашни 2019, %",level,RU,main,0,-17.60968,4.18076,0.00003,1,17707,18627,101,22.91442,6.03061
lvl_crop19,"Уровень: доля пашни 2019, %",level,RU,h15,0,-16.69355,3.98958,0.00003,1,10635,11013,80,22.91442,6.03061
lvl_crop19,"Уровень: доля пашни 2019, %",level,RU,h50,0,-14.89551,3.85521,0.00011,1,31597,36604,154,22.91442,6.03061
lvl_crop19,"Уровень: доля пашни 2019, %",level,RU,uniform,0,-17.67755,4.29586,0.00004,1,17707,18627,101,22.91442,6.03061
lvl_crop19,"Уровень: доля пашни 2019, %",level,RU,with_cities,0,-17.60968,4.18076,0.00003,1,17707,18627,101,22.91442,6.03061
lvl_crop19,"Уровень: доля пашни 2019, %",level,RU,fe_subseg,1,-17.89088,3.61449,0.00000,1,17707,18627,101,22.91442,6.03061
lvl_crop19,"Уровень: доля пашни 2019, %",level,RU,placebo_by,1,-3.10222,3.33435,0.35217,0,11463,18321,84,,
lvl_crop19,"Уровень: доля пашни 2019, %",level,RU,placebo_nb,1,-0.28508,1.31334,0.82816,0,19538,15772,100,,
lvl_wsf15,"Уровень: застройка WSF 2015, ln(1+м²)",level,RU,main,0,-0.81540,0.29526,0.00575,1,17707,18627,101,2.19526,1.42986
lvl_wsf15,"Уровень: застройка WSF 2015, ln(1+м²)",level,RU,h15,0,-0.76677,0.29827,0.01015,1,10635,11013,80,2.19526,1.42986
lvl_wsf15,"Уровень: застройка WSF 2015, ln(1+м²)",level,RU,h50,0,-0.21207,0.29747,0.47590,0,31597,36604,154,2.19526,1.42986
lvl_wsf15,"Уровень: застройка WSF 2015, ln(1+м²)",level,RU,uniform,0,-0.66730,0.32832,0.04210,1,17707,18627,101,2.19526,1.42986
lvl_wsf15,"Уровень: застройка WSF 2015, ln(1+м²)",level,RU,with_cities,0,-0.81540,0.29526,0.00575,1,17707,18627,101,2.19526,1.42986
lvl_wsf15,"Уровень: застройка WSF 2015, ln(1+м²)",level,RU,fe_subseg,1,-0.82052,0.27524,0.00287,1,17707,18627,101,2.19526,1.42986
lvl_wsf15,"Уровень: застройка WSF 2015, ln(1+м²)",level,RU,placebo_by,1,-0.40004,0.31680,0.20668,0,11463,18321,84,,
lvl_wsf15,"Уровень: застройка WSF 2015, ln(1+м²)",level,RU,placebo_nb,1,0.14561,0.23137,0.52913,0,19538,15772,100,,
lvl_vnl19,"Уровень: огни VIIRS 2019, ln(0,1+нВт)",level,RU,main,0,-0.06042,0.03086,0.05024,0,17707,18627,101,-2.17761,-2.23034
lvl_vnl19,"Уровень: огни VIIRS 2019, ln(0,1+нВт)",level,RU,h15,0,-0.05189,0.02235,0.02026,1,10635,11013,80,-2.17761,-2.23034
lvl_vnl19,"Уровень: огни VIIRS 2019, ln(0,1+нВт)",level,RU,h50,0,0.00538,0.04379,0.90221,0,31597,36604,154,-2.17761,-2.23034
lvl_vnl19,"Уровень: огни VIIRS 2019, ln(0,1+нВт)",level,RU,uniform,0,-0.04711,0.04027,0.24205,0,17707,18627,101,-2.17761,-2.23034
lvl_vnl19,"Уровень: огни VIIRS 2019, ln(0,1+нВт)",level,RU,with_cities,0,-0.06042,0.03086,0.05024,0,17707,18627,101,-2.17761,-2.23034
lvl_vnl19,"Уровень: огни VIIRS 2019, ln(0,1+нВт)",level,RU,fe_subseg,1,-0.06083,0.02999,0.04253,1,17707,18627,101,-2.17761,-2.23034
lvl_vnl19,"Уровень: огни VIIRS 2019, ln(0,1+нВт)",level,RU,placebo_by,1,-0.12168,0.07054,0.08455,0,11463,18321,84,,
lvl_vnl19,"Уровень: огни VIIRS 2019, ln(0,1+нВт)",level,RU,placebo_nb,1,0.06782,0.04974,0.17276,0,19538,15772,100,,
lvl_pop20,"Уровень: GHS-POP 2020, ln(1+чел.) — механический, только контекст",level,RU,main,0,-0.37563,0.07433,0.00000,1,17707,18627,101,0.66890,0.32405
lvl_pop20,"Уровень: GHS-POP 2020, ln(1+чел.) — механический, только контекст",level,RU,h15,0,-0.38207,0.07306,0.00000,1,10635,11013,80,0.66890,0.32405
lvl_pop20,"Уровень: GHS-POP 2020, ln(1+чел.) — механический, только контекст",level,RU,h50,0,-0.18185,0.07515,0.01553,1,31597,36604,154,0.66890,0.32405
lvl_pop20,"Уровень: GHS-POP 2020, ln(1+чел.) — механический, только контекст",level,RU,uniform,0,-0.32056,0.08288,0.00011,1,17707,18627,101,0.66890,0.32405
lvl_pop20,"Уровень: GHS-POP 2020, ln(1+чел.) — механический, только контекст",level,RU,with_cities,0,-0.37563,0.07433,0.00000,1,17707,18627,101,0.66890,0.32405
lvl_pop20,"Уровень: GHS-POP 2020, ln(1+чел.) — механический, только контекст",level,RU,fe_subseg,1,-0.37583,0.07246,0.00000,1,17707,18627,101,0.66890,0.32405
lvl_pop20,"Уровень: GHS-POP 2020, ln(1+чел.) — механический, только контекст",level,RU,placebo_by,1,-0.10572,0.09457,0.26359,0,11463,18321,84,,
lvl_pop20,"Уровень: GHS-POP 2020, ln(1+чел.) — механический, только контекст",level,RU,placebo_nb,1,0.04237,0.06917,0.54015,0,19538,15772,100,,
B_9015,"Рост застройки WSF, 1990→2015, Δln",B,UA,main,0,-0.03146,0.06307,0.61789,0,13905,16043,88,0.23780,0.20617
B_9015,"Рост застройки WSF, 1990→2015, Δln",B,UA,h15,0,-0.02328,0.07157,0.74494,0,8234,9312,68,0.23780,0.20617
B_9015,"Рост застройки WSF, 1990→2015, Δln",B,UA,h50,0,-0.01581,0.05548,0.77569,0,26730,33939,140,0.23780,0.20617
B_9015,"Рост застройки WSF, 1990→2015, Δln",B,UA,uniform,0,-0.01723,0.06447,0.78930,0,13905,16043,88,0.23780,0.20617
B_9015,"Рост застройки WSF, 1990→2015, Δln",B,UA,with_cities,0,-0.01632,0.05696,0.77447,0,15241,17748,90,0.21064,0.18863
B_9015,"Рост застройки WSF, 1990→2015, Δln",B,UA,fe_subseg,1,-0.02607,0.05091,0.60857,0,13905,16043,88,0.23780,0.20617
B_9015,"Рост застройки WSF, 1990→2015, Δln",B,UA,placebo_by,1,0.04196,0.06069,0.48928,0,11045,14483,73,,
B_9015,"Рост застройки WSF, 1990→2015, Δln",B,UA,placebo_nb,1,-0.01072,0.03985,0.78785,0,17129,16006,92,,
B_9000,"Рост застройки WSF, 1990→2000, Δln",B,UA,main,0,-0.04227,0.02606,0.10484,0,13905,16043,88,0.08578,0.05832
B_9000,"Рост застройки WSF, 1990→2000, Δln",B,UA,h15,0,-0.05931,0.03170,0.06138,0,8234,9312,68,0.08578,0.05832
B_9000,"Рост застройки WSF, 1990→2000, Δln",B,UA,h50,0,-0.02337,0.02312,0.31201,0,26730,33939,140,0.08578,0.05832
B_9000,"Рост застройки WSF, 1990→2000, Δln",B,UA,uniform,0,-0.01996,0.02765,0.47036,0,13905,16043,88,0.08578,0.05832
B_9000,"Рост застройки WSF, 1990→2000, Δln",B,UA,with_cities,0,-0.03659,0.02366,0.12192,0,15241,17748,90,0.07657,0.05211
B_9000,"Рост застройки WSF, 1990→2000, Δln",B,UA,fe_subseg,1,-0.04048,0.02281,0.07589,0,13905,16043,88,0.08578,0.05832
B_9000,"Рост застройки WSF, 1990→2000, Δln",B,UA,placebo_by,1,0.02862,0.03688,0.43781,0,11045,14483,73,,
B_9000,"Рост застройки WSF, 1990→2000, Δln",B,UA,placebo_nb,1,-0.00172,0.01864,0.92641,0,17129,16006,92,,
B_0015,"Рост застройки WSF, 2000→2015, Δln",B,UA,main,0,0.01081,0.04387,0.80540,0,13905,16043,88,0.15203,0.14785
B_0015,"Рост застройки WSF, 2000→2015, Δln",B,UA,h15,0,0.03602,0.04977,0.46921,0,8234,9312,68,0.15203,0.14785
B_0015,"Рост застройки WSF, 2000→2015, Δln",B,UA,h50,0,0.00756,0.03763,0.84068,0,26730,33939,140,0.15203,0.14785
B_0015,"Рост застройки WSF, 2000→2015, Δln",B,UA,uniform,0,0.00273,0.04273,0.94906,0,13905,16043,88,0.15203,0.14785
B_0015,"Рост застройки WSF, 2000→2015, Δln",B,UA,with_cities,0,0.02027,0.03971,0.60976,0,15241,17748,90,0.13407,0.13651
B_0015,"Рост застройки WSF, 2000→2015, Δln",B,UA,fe_subseg,1,0.01441,0.03499,0.68049,0,13905,16043,88,0.15203,0.14785
B_0015,"Рост застройки WSF, 2000→2015, Δln",B,UA,placebo_by,1,0.01335,0.03748,0.72180,0,11045,14483,73,,
B_0015,"Рост застройки WSF, 2000→2015, Δln",B,UA,placebo_nb,1,-0.00900,0.02735,0.74197,0,17129,16006,92,,
G_7590,"Рост застройки GHSL, 1975→1990, Δln (до 1991)",B,UA,main,0,-0.03239,0.01535,0.03484,1,13905,16043,88,0.10687,0.07303
G_7590,"Рост застройки GHSL, 1975→1990, Δln (до 1991)",B,UA,h15,0,-0.02839,0.01608,0.07739,0,8234,9312,68,0.10687,0.07303
G_7590,"Рост застройки GHSL, 1975→1990, Δln (до 1991)",B,UA,h50,0,-0.03260,0.01232,0.00814,1,26730,33939,140,0.10687,0.07303
G_7590,"Рост застройки GHSL, 1975→1990, Δln (до 1991)",B,UA,uniform,0,-0.03253,0.01549,0.03576,1,13905,16043,88,0.10687,0.07303
G_7590,"Рост застройки GHSL, 1975→1990, Δln (до 1991)",B,UA,with_cities,0,-0.03049,0.01403,0.02973,1,15241,17748,90,0.10677,0.07677
G_7590,"Рост застройки GHSL, 1975→1990, Δln (до 1991)",B,UA,fe_subseg,1,-0.03220,0.01468,0.02825,1,13905,16043,88,0.10687,0.07303
G_7590,"Рост застройки GHSL, 1975→1990, Δln (до 1991)",B,UA,placebo_by,1,0.00419,0.01245,0.73656,0,11045,14483,73,,
G_7590,"Рост застройки GHSL, 1975→1990, Δln (до 1991)",B,UA,placebo_nb,1,0.00412,0.00949,0.66413,0,17129,16006,92,,
G_9015,"Рост застройки GHSL, 1990→2015, Δln",B,UA,main,0,-0.00814,0.01183,0.49134,0,13905,16043,88,0.08243,0.06987
G_9015,"Рост застройки GHSL, 1990→2015, Δln",B,UA,h15,0,-0.01008,0.01498,0.50087,0,8234,9312,68,0.08243,0.06987
G_9015,"Рост застройки GHSL, 1990→2015, Δln",B,UA,h50,0,-0.00971,0.01229,0.42977,0,26730,33939,140,0.08243,0.06987
G_9015,"Рост застройки GHSL, 1990→2015, Δln",B,UA,uniform,0,-0.00903,0.01319,0.49366,0,13905,16043,88,0.08243,0.06987
G_9015,"Рост застройки GHSL, 1990→2015, Δln",B,UA,with_cities,0,-0.01047,0.01130,0.35418,0,15241,17748,90,0.08245,0.06913
G_9015,"Рост застройки GHSL, 1990→2015, Δln",B,UA,fe_subseg,1,-0.00767,0.01080,0.47765,0,13905,16043,88,0.08243,0.06987
G_9015,"Рост застройки GHSL, 1990→2015, Δln",B,UA,placebo_by,1,0.01267,0.02300,0.58190,0,11045,14483,73,,
G_9015,"Рост застройки GHSL, 1990→2015, Δln",B,UA,placebo_nb,1,0.00096,0.01144,0.93309,0,17129,16006,92,,
L_9212,"Огни DMSP, 1992→2012, Δln(1+DN)",L,UA,main,0,-0.37003,0.09222,0.00006,1,13905,16043,88,0.40920,-0.03611
L_9212,"Огни DMSP, 1992→2012, Δln(1+DN)",L,UA,h15,0,-0.36552,0.08971,0.00005,1,8234,9312,68,0.40920,-0.03611
L_9212,"Огни DMSP, 1992→2012, Δln(1+DN)",L,UA,h50,0,-0.38059,0.08884,0.00002,1,26730,33939,140,0.40920,-0.03611
L_9212,"Огни DMSP, 1992→2012, Δln(1+DN)",L,UA,uniform,0,-0.37187,0.10378,0.00034,1,13905,16043,88,0.40920,-0.03611
L_9212,"Огни DMSP, 1992→2012, Δln(1+DN)",L,UA,with_cities,0,-0.33692,0.08442,0.00007,1,15241,17748,90,0.37716,-0.03311
L_9212,"Огни DMSP, 1992→2012, Δln(1+DN)",L,UA,fe_subseg,1,-0.37027,0.08498,0.00001,1,13905,16043,88,0.40920,-0.03611
L_9212,"Огни DMSP, 1992→2012, Δln(1+DN)",L,UA,placebo_by,1,-0.03995,0.14431,0.78189,0,11045,14483,73,,
L_9212,"Огни DMSP, 1992→2012, Δln(1+DN)",L,UA,placebo_nb,1,-0.07492,0.05665,0.18597,0,17129,16006,92,,
L_9212,"Огни DMSP, 1992→2012, Δln(1+DN)",L,UA,donut10,1,-0.23726,0.21213,0.26335,0,8613,10165,88,0.44915,-0.05033
L_9204,"Огни DMSP, 1992→2004, Δln(1+DN)",L,UA,main,0,0.03283,0.05365,0.54056,0,13905,16043,88,-0.06875,-0.06883
L_9204,"Огни DMSP, 1992→2004, Δln(1+DN)",L,UA,h15,0,-0.04185,0.06443,0.51595,0,8234,9312,68,-0.06875,-0.06883
L_9204,"Огни DMSP, 1992→2004, Δln(1+DN)",L,UA,h50,0,0.05185,0.05454,0.34179,0,26730,33939,140,-0.06875,-0.06883
L_9204,"Огни DMSP, 1992→2004, Δln(1+DN)",L,UA,uniform,0,0.06032,0.05902,0.30675,0,13905,16043,88,-0.06875,-0.06883
L_9204,"Огни DMSP, 1992→2004, Δln(1+DN)",L,UA,with_cities,0,0.04879,0.04896,0.31902,0,15241,17748,90,-0.07466,-0.06893
L_9204,"Огни DMSP, 1992→2004, Δln(1+DN)",L,UA,fe_subseg,1,0.03276,0.04386,0.45508,0,13905,16043,88,-0.06875,-0.06883
L_9204,"Огни DMSP, 1992→2004, Δln(1+DN)",L,UA,placebo_by,1,-0.01899,0.05840,0.74500,0,11045,14483,73,,
L_9204,"Огни DMSP, 1992→2004, Δln(1+DN)",L,UA,placebo_nb,1,-0.04751,0.05286,0.36873,0,17129,16006,92,,
L_9204,"Огни DMSP, 1992→2004, Δln(1+DN)",L,UA,donut10,1,0.22275,0.13625,0.10209,0,8613,10165,88,-0.03522,-0.07964
L_0412,"Огни DMSP, 2004→2012, Δln(1+DN)",L,UA,main,0,-0.40286,0.10049,0.00006,1,13905,16043,88,0.47796,0.03271
L_0412,"Огни DMSP, 2004→2012, Δln(1+DN)",L,UA,h15,0,-0.32367,0.10064,0.00130,1,8234,9312,68,0.47796,0.03271
L_0412,"Огни DMSP, 2004→2012, Δln(1+DN)",L,UA,h50,0,-0.43244,0.09316,0.00000,1,26730,33939,140,0.47796,0.03271
L_0412,"Огни DMSP, 2004→2012, Δln(1+DN)",L,UA,uniform,0,-0.43219,0.10692,0.00005,1,13905,16043,88,0.47796,0.03271
L_0412,"Огни DMSP, 2004→2012, Δln(1+DN)",L,UA,with_cities,0,-0.38572,0.09122,0.00002,1,15241,17748,90,0.45182,0.03583
L_0412,"Огни DMSP, 2004→2012, Δln(1+DN)",L,UA,fe_subseg,1,-0.40303,0.09058,0.00001,1,13905,16043,88,0.47796,0.03271
L_0412,"Огни DMSP, 2004→2012, Δln(1+DN)",L,UA,placebo_by,1,-0.02096,0.12197,0.86356,0,11045,14483,73,,
L_0412,"Огни DMSP, 2004→2012, Δln(1+DN)",L,UA,placebo_nb,1,-0.02741,0.03145,0.38342,0,17129,16006,92,,
L_0412,"Огни DMSP, 2004→2012, Δln(1+DN)",L,UA,donut10,1,-0.46001,0.18893,0.01490,1,8613,10165,88,0.48438,0.02931
L_1419,"Огни (VIIRS-ряд Li), 2014→2019, Δln(1+DN)",L,UA,main,0,-0.02604,0.03341,0.43572,0,13905,16043,88,0.01645,0.01199
L_1419,"Огни (VIIRS-ряд Li), 2014→2019, Δln(1+DN)",L,UA,h15,0,-0.04281,0.03616,0.23651,0,8234,9312,68,0.01645,0.01199
L_1419,"Огни (VIIRS-ряд Li), 2014→2019, Δln(1+DN)",L,UA,h50,0,-0.00669,0.02777,0.80964,0,26730,33939,140,0.01645,0.01199
L_1419,"Огни (VIIRS-ряд Li), 2014→2019, Δln(1+DN)",L,UA,uniform,0,-0.01187,0.03457,0.73127,0,13905,16043,88,0.01645,0.01199
L_1419,"Огни (VIIRS-ряд Li), 2014→2019, Δln(1+DN)",L,UA,with_cities,0,-0.01272,0.03050,0.67652,0,15241,17748,90,0.00794,0.01204
L_1419,"Огни (VIIRS-ряд Li), 2014→2019, Δln(1+DN)",L,UA,fe_subseg,1,-0.02396,0.03331,0.47193,0,13905,16043,88,0.01645,0.01199
L_1419,"Огни (VIIRS-ряд Li), 2014→2019, Δln(1+DN)",L,UA,placebo_by,1,-0.02816,0.03910,0.47141,0,11045,14483,73,,
L_1419,"Огни (VIIRS-ряд Li), 2014→2019, Δln(1+DN)",L,UA,placebo_nb,1,-0.01924,0.01592,0.22702,0,17129,16006,92,,
L_1924,"Огни (VIIRS-ряд Li), 2019→2024, Δln(1+DN)",L,UA,main,0,-0.26797,0.08577,0.00178,1,13905,16043,88,0.21051,-0.05287
L_1924,"Огни (VIIRS-ряд Li), 2019→2024, Δln(1+DN)",L,UA,h15,0,-0.25026,0.08125,0.00207,1,8234,9312,68,0.21051,-0.05287
L_1924,"Огни (VIIRS-ряд Li), 2019→2024, Δln(1+DN)",L,UA,h50,0,-0.23526,0.07183,0.00106,1,26730,33939,140,0.21051,-0.05287
L_1924,"Огни (VIIRS-ряд Li), 2019→2024, Δln(1+DN)",L,UA,uniform,0,-0.25692,0.08989,0.00426,1,13905,16043,88,0.21051,-0.05287
L_1924,"Огни (VIIRS-ряд Li), 2019→2024, Δln(1+DN)",L,UA,with_cities,0,-0.29235,0.08670,0.00075,1,15241,17748,90,0.22266,-0.04879
L_1924,"Огни (VIIRS-ряд Li), 2019→2024, Δln(1+DN)",L,UA,fe_subseg,1,-0.26998,0.08107,0.00087,1,13905,16043,88,0.21051,-0.05287
L_1924,"Огни (VIIRS-ряд Li), 2019→2024, Δln(1+DN)",L,UA,placebo_by,1,0.04148,0.08215,0.61360,0,11045,14483,73,,
L_1924,"Огни (VIIRS-ряд Li), 2019→2024, Δln(1+DN)",L,UA,placebo_nb,1,0.04694,0.03223,0.14534,0,17129,16006,92,,
C_0319,"Доля пашни GLAD, 2003→2019, п.п.",C,UA,main,0,-1.91877,1.07586,0.07451,0,13905,16043,88,2.74188,-0.36684
C_0319,"Доля пашни GLAD, 2003→2019, п.п.",C,UA,h15,0,0.08689,0.99951,0.93073,0,8234,9312,68,2.74188,-0.36684
C_0319,"Доля пашни GLAD, 2003→2019, п.п.",C,UA,h50,0,-3.59640,1.08288,0.00090,1,26730,33939,140,2.74188,-0.36684
C_0319,"Доля пашни GLAD, 2003→2019, п.п.",C,UA,uniform,0,-3.03330,1.20473,0.01181,1,13905,16043,88,2.74188,-0.36684
C_0319,"Доля пашни GLAD, 2003→2019, п.п.",C,UA,with_cities,0,-1.70179,0.98110,0.08282,0,15241,17748,90,2.50524,-0.32914
C_0319,"Доля пашни GLAD, 2003→2019, п.п.",C,UA,fe_subseg,1,-2.18510,1.08961,0.04492,1,13905,16043,88,2.74188,-0.36684
C_0319,"Доля пашни GLAD, 2003→2019, п.п.",C,UA,placebo_by,1,-0.57573,1.21774,0.63637,0,11045,14483,73,,
C_0319,"Доля пашни GLAD, 2003→2019, п.п.",C,UA,placebo_nb,1,-2.30063,1.09961,0.03642,1,17129,16006,92,,
I_2019,"Огни VIIRS 2019, ln(0,1+нВт) при равной застройке и населении",I,UA,main,0,-0.04771,0.03007,0.11259,0,13905,16043,88,-2.18897,-2.25401
I_2019,"Огни VIIRS 2019, ln(0,1+нВт) при равной застройке и населении",I,UA,h15,0,-0.11056,0.03381,0.00107,1,8234,9312,68,-2.18897,-2.25401
I_2019,"Огни VIIRS 2019, ln(0,1+нВт) при равной застройке и населении",I,UA,h50,0,-0.02571,0.03067,0.40185,0,26730,33939,140,-2.18897,-2.25401
I_2019,"Огни VIIRS 2019, ln(0,1+нВт) при равной застройке и населении",I,UA,uniform,0,-0.00749,0.03299,0.82033,0,13905,16043,88,-2.18897,-2.25401
I_2019,"Огни VIIRS 2019, ln(0,1+нВт) при равной застройке и населении",I,UA,with_cities,0,-0.03182,0.02880,0.26932,0,15241,17748,90,-2.20148,-2.25814
I_2019,"Огни VIIRS 2019, ln(0,1+нВт) при равной застройке и населении",I,UA,fe_subseg,1,-0.04874,0.02789,0.08055,0,13905,16043,88,-2.18897,-2.25401
I_2019,"Огни VIIRS 2019, ln(0,1+нВт) при равной застройке и населении",I,UA,placebo_by,1,-0.02700,0.08194,0.74179,0,11045,14483,73,,
I_2019,"Огни VIIRS 2019, ln(0,1+нВт) при равной застройке и населении",I,UA,placebo_nb,1,0.00505,0.02537,0.84206,0,17129,16006,92,,
I_2019,"Огни VIIRS 2019, ln(0,1+нВт) при равной застройке и населении",I,UA,built_only,1,-0.05137,0.03000,0.08682,0,13905,16043,88,-2.18897,-2.25401
lvl_crop19,"Уровень: доля пашни 2019, %",level,UA,main,0,-13.43047,3.06293,0.00001,1,13905,16043,88,18.29007,4.59900
lvl_crop19,"Уровень: доля пашни 2019, %",level,UA,h15,0,-9.63902,2.56970,0.00018,1,8234,9312,68,18.29007,4.59900
lvl_crop19,"Уровень: доля пашни 2019, %",level,UA,h50,0,-12.89837,2.93170,0.00001,1,26730,33939,140,18.29007,4.59900
lvl_crop19,"Уровень: доля пашни 2019, %",level,UA,uniform,0,-14.86835,3.54479,0.00003,1,13905,16043,88,18.29007,4.59900
lvl_crop19,"Уровень: доля пашни 2019, %",level,UA,with_cities,0,-11.90385,2.77363,0.00002,1,15241,17748,90,16.65496,4.11073
lvl_crop19,"Уровень: доля пашни 2019, %",level,UA,fe_subseg,1,-13.82426,2.83372,0.00000,1,13905,16043,88,18.29007,4.59900
lvl_crop19,"Уровень: доля пашни 2019, %",level,UA,placebo_by,1,-1.90740,4.12268,0.64361,0,11045,14483,73,,
lvl_crop19,"Уровень: доля пашни 2019, %",level,UA,placebo_nb,1,-5.08616,2.53922,0.04517,1,17129,16006,92,,
lvl_wsf15,"Уровень: застройка WSF 2015, ln(1+м²)",level,UA,main,0,-0.16649,0.31183,0.59341,0,13905,16043,88,2.05233,1.85814
lvl_wsf15,"Уровень: застройка WSF 2015, ln(1+м²)",level,UA,h15,0,-0.05908,0.39231,0.88030,0,8234,9312,68,2.05233,1.85814
lvl_wsf15,"Уровень: застройка WSF 2015, ln(1+м²)",level,UA,h50,0,-0.07390,0.32859,0.82205,0,26730,33939,140,2.05233,1.85814
lvl_wsf15,"Уровень: застройка WSF 2015, ln(1+м²)",level,UA,uniform,0,-0.12177,0.35118,0.72877,0,13905,16043,88,2.05233,1.85814
lvl_wsf15,"Уровень: застройка WSF 2015, ln(1+м²)",level,UA,with_cities,0,-0.15272,0.29140,0.60021,0,15241,17748,90,1.87307,1.68090
lvl_wsf15,"Уровень: застройка WSF 2015, ln(1+м²)",level,UA,fe_subseg,1,-0.14317,0.27319,0.60022,0,13905,16043,88,2.05233,1.85814
lvl_wsf15,"Уровень: застройка WSF 2015, ln(1+м²)",level,UA,placebo_by,1,0.30071,0.45730,0.51082,0,11045,14483,73,,
lvl_wsf15,"Уровень: застройка WSF 2015, ln(1+м²)",level,UA,placebo_nb,1,0.12843,0.26309,0.62544,0,17129,16006,92,,
lvl_vnl19,"Уровень: огни VIIRS 2019, ln(0,1+нВт)",level,UA,main,0,-0.05795,0.03692,0.11656,0,13905,16043,88,-2.18897,-2.25401
lvl_vnl19,"Уровень: огни VIIRS 2019, ln(0,1+нВт)",level,UA,h15,0,-0.11248,0.04187,0.00722,1,8234,9312,68,-2.18897,-2.25401
lvl_vnl19,"Уровень: огни VIIRS 2019, ln(0,1+нВт)",level,UA,h50,0,-0.02980,0.03859,0.44004,0,26730,33939,140,-2.18897,-2.25401
lvl_vnl19,"Уровень: огни VIIRS 2019, ln(0,1+нВт)",level,UA,uniform,0,-0.01762,0.04151,0.67115,0,13905,16043,88,-2.18897,-2.25401
lvl_vnl19,"Уровень: огни VIIRS 2019, ln(0,1+нВт)",level,UA,with_cities,0,-0.04328,0.03565,0.22469,0,15241,17748,90,-2.20148,-2.25814
lvl_vnl19,"Уровень: огни VIIRS 2019, ln(0,1+нВт)",level,UA,fe_subseg,1,-0.05788,0.03361,0.08504,0,13905,16043,88,-2.18897,-2.25401
lvl_vnl19,"Уровень: огни VIIRS 2019, ln(0,1+нВт)",level,UA,placebo_by,1,-0.01932,0.09947,0.84598,0,11045,14483,73,,
lvl_vnl19,"Уровень: огни VIIRS 2019, ln(0,1+нВт)",level,UA,placebo_nb,1,0.00592,0.03124,0.84971,0,17129,16006,92,,
lvl_pop20,"Уровень: GHS-POP 2020, ln(1+чел.) — механический, только контекст",level,UA,main,0,-0.07684,0.10128,0.44801,0,13905,16043,88,0.61745,0.53446
lvl_pop20,"Уровень: GHS-POP 2020, ln(1+чел.) — механический, только контекст",level,UA,h15,0,-0.01014,0.12343,0.93451,0,8234,9312,68,0.61745,0.53446
lvl_pop20,"Уровень: GHS-POP 2020, ln(1+чел.) — механический, только контекст",level,UA,h50,0,-0.02528,0.09417,0.78835,0,26730,33939,140,0.61745,0.53446
lvl_pop20,"Уровень: GHS-POP 2020, ln(1+чел.) — механический, только контекст",level,UA,uniform,0,-0.07909,0.10918,0.46883,0,13905,16043,88,0.61745,0.53446
lvl_pop20,"Уровень: GHS-POP 2020, ln(1+чел.) — механический, только контекст",level,UA,with_cities,0,-0.08549,0.09385,0.36236,0,15241,17748,90,0.59809,0.50717
lvl_pop20,"Уровень: GHS-POP 2020, ln(1+чел.) — механический, только контекст",level,UA,fe_subseg,1,-0.06928,0.09454,0.46368,0,13905,16043,88,0.61745,0.53446
lvl_pop20,"Уровень: GHS-POP 2020, ln(1+чел.) — механический, только контекст",level,UA,placebo_by,1,0.00276,0.14051,0.98432,0,11045,14483,73,,
lvl_pop20,"Уровень: GHS-POP 2020, ln(1+чел.) — механический, только контекст",level,UA,placebo_nb,1,0.00476,0.09370,0.95950,0,17129,16006,92,,
