file,section,row,is_section_total,total,total_m,total_f,urban,urban_m,urban_f,rural,rural_m,rural_f
sng89_reg1.html,Волынская область.,Волынская область.,1,1061181,500810,560371,518174,245508,272666,543007,255302,287705
sng89_reg1.html,Волынская область.,г. Луцк.,0,197724,92865,104859,197724,92865,104859,,,
sng89_reg1.html,Волынская область.,г. Владимир-Волынский.,0,38263,18202,20061,38263,18202,20061,,,
sng89_reg1.html,Волынская область.,г. Ковель.,0,67005,31982,35023,67005,31982,35023,,,
sng89_reg1.html,Волынская область.,Нововолынский горсовет.,0,60556,28927,31629,60556,28927,31629,,,
sng89_reg1.html,Волынская область.,Владимир-Волынский район.,0,28900,13367,15533,2404,1090,1314,26496,12277,14219
sng89_reg1.html,Волынская область.,Гороховский район.,0,60193,27565,32628,15905,7289,8616,44288,20276,24012
sng89_reg1.html,Волынская область.,Иваничевский район.,0,36404,16857,19547,7031,3303,3728,29373,13554,15819
sng89_reg1.html,Волынская область.,Камень-Каширский район.,0,60185,29139,31046,9839,4781,5058,50346,24358,25988
sng89_reg1.html,Волынская область.,Киверцовский район.,0,67234,31433,35801,25663,12169,13494,41571,19264,22307
sng89_reg1.html,Волынская область.,Ковельский район.,0,43976,20524,23452,7669,3666,4003,36307,16858,19449
sng89_reg1.html,Волынская область.,Локачинский район.,0,26201,12159,14042,4118,1895,2223,22083,10264,11819
sng89_reg1.html,Волынская область.,Луцкий район.,0,53174,24734,28440,4614,2133,2481,48560,22601,25959
sng89_reg1.html,Волынская область.,Любешовский район.,0,36995,17989,19006,4973,2433,2540,32022,15556,16466
sng89_reg1.html,Волынская область.,Любомльский район.,0,63695,30344,33351,19348,9308,10040,44347,21036,23311
sng89_reg1.html,Волынская область.,Маневичский район.,0,57975,27830,30145,12881,6328,6553,45094,21502,23592
sng89_reg1.html,Волынская область.,Ратновский район.,0,52087,25080,27007,11787,5639,6148,40300,19441,20859
sng89_reg1.html,Волынская область.,Рожищенский район.,0,43438,20212,23226,14391,6781,7610,29047,13431,15616
sng89_reg1.html,Волынская область.,Старовыжевский район.,0,35773,16957,18816,4568,2229,2339,31205,14728,16477
sng89_reg1.html,Волынская область.,Турийский район.,0,31403,14644,16759,9435,4488,4947,21968,10156,11812
sng89_reg1.html,Житомирская область.,Житомирская область.,1,1545433,711320,834113,818881,383957,434924,726552,327363,399189
sng89_reg1.html,Житомирская область.,г. Житомир.,0,292097,139301,152796,292097,139301,152796,,,
sng89_reg1.html,Житомирская область.,г. Бердичев.,0,91629,41860,49769,91629,41860,49769,,,
sng89_reg1.html,Житомирская область.,г. Коростень.,0,72367,33558,38809,72367,33558,38809,,,
sng89_reg1.html,Житомирская область.,г. Новоград-Волынский.,0,55238,25545,29693,55238,25545,29693,,,
sng89_reg1.html,Житомирская область.,Андрушевский район.,0,43077,19304,23773,16221,7545,8676,26856,11759,15097
sng89_reg1.html,Житомирская область.,Барановский район.,0,49676,22920,26756,28380,13379,15001,21296,9541,11755
sng89_reg1.html,Житомирская область.,Бердичевский район.,0,38680,17951,20729,4578,2132,2446,34102,15819,18283
sng89_reg1.html,Житомирская область.,Володарско-Волынский район.,0,41573,19225,22348,20568,9633,10935,21005,9592,11413
sng89_reg1.html,Житомирская область.,Дзержинский район.,0,35672,16141,19531,15957,7353,8604,19715,8788,10927
sng89_reg1.html,Житомирская область.,Емильчинский район.,0,50097,22699,27398,9836,4600,5236,40261,18099,22162
sng89_reg1.html,Житомирская область.,Житомирский район.,0,70473,32673,37800,11178,5546,5632,59295,27127,32168
sng89_reg1.html,Житомирская область.,Коростенский район (сельское население).,0,51039,22955,28084,,,,51039,22955,28084
sng89_reg1.html,Житомирская область.,Коростышевский район.,0,62693,27982,34711,31303,14376,16927,31390,13606,17784
sng89_reg1.html,Житомирская область.,Лугинский район.,0,27396,12649,14747,6378,3005,3373,21018,9644,11374
sng89_reg1.html,Житомирская область.,Любарский район.,0,33924,15506,18418,2656,1252,1404,31268,14254,17014
sng89_reg1.html,Житомирская область.,Малинский район.,0,59294,27453,31841,34108,16092,18016,25186,11361,13825
sng89_reg1.html,Житомирская область.,Народичский район.,0,26242,11915,14327,6406,3030,3376,19836,8885,10951
sng89_reg1.html,Житомирская область.,Новоград-Волынский район.,0,57629,26246,31383,6954,3187,3767,50675,23059,27616
sng89_reg1.html,Житомирская область.,Овручский район.,0,85005,38912,46093,22265,10324,11941,62740,28588,34152
sng89_reg1.html,Житомирская область.,Олевский район.,0,57376,27226,30150,22566,10765,11801,34810,16461,18349
sng89_reg1.html,Житомирская область.,Попельнянский район.,0,39969,17546,22423,9168,4227,4941,30801,13319,17482
sng89_reg1.html,Житомирская область.,Радомышльский район.,0,49853,22194,27659,18311,8258,10053,31542,13936,17606
sng89_reg1.html,Житомирская область.,Ружинский район.,0,39533,17415,22118,5370,2531,2839,34163,14884,19279
sng89_reg1.html,Житомирская область.,Червоноармейский район.,0,28189,12934,15255,5396,2524,2872,22793,10410,12383
sng89_reg1.html,Житомирская область.,Черняховский район.,0,37724,17269,20455,12651,6016,6635,25073,11253,13820
sng89_reg1.html,Житомирская область.,Чудновский район.,0,48988,21941,27047,17300,7918,9382,31688,14023,17665
sng89_reg1.html,Киевская область.,Киевская область.,1,1939973,888241,1051732,1041141,490647,550494,898832,397594,501238
sng89_reg1.html,Киевская область.,г. Белая Церковь.,0,196878,93242,103636,196878,93242,103636,,,
sng89_reg1.html,Киевская область.,Бориспольский горсовет.,0,51115,24115,27000,50508,23830,26678,607,285,322
sng89_reg1.html,Киевская область.,г. Бровары.,0,82042,39046,42996,82042,39046,42996,,,
sng89_reg1.html,Киевская область.,г. Васильков.,0,40277,19819,20458,40277,19819,20458,,,
sng89_reg1.html,Киевская область.,Ирпенский горсовет.,0,94704,43822,50882,94704,43822,50882,,,
sng89_reg1.html,Киевская область.,г. Переяслав-Хмельницкий.,0,29483,13329,16154,29483,13329,16154,,,
sng89_reg1.html,Киевская область.,г. Фастов.,0,53861,25224,28637,53861,25224,28637,,,
sng89_reg1.html,Киевская область.,г. Славутич.,0,11364,5792,5572,11364,5792,5572,,,
sng89_reg1.html,Киевская область.,Барышевский район.,0,59533,26946,32587,25468,11971,13497,34065,14975,19090
sng89_reg1.html,Киевская область.,Белоцерковский район.,0,66994,30405,36589,18259,8629,9630,48735,21776,26959
sng89_reg1.html,Киевская область.,Богуславский район.,0,47881,20869,27012,19107,8376,10731,28774,12493,16281
sng89_reg1.html,Киевская область.,Бориспольский район (сельское население).,0,57392,25519,31873,,,,57392,25519,31873
sng89_reg1.html,Киевская область.,Бородянский район.,0,64556,29567,34989,36329,16940,19389,28227,12627,15600
sng89_reg1.html,Киевская область.,Броварский район.,0,82649,37512,45137,5447,2530,2917,77202,34982,42220
sng89_reg1.html,Киевская область.,Васильковский район.,0,79280,35749,43531,26902,12794,14108,52378,22955,29423
sng89_reg1.html,Киевская область.,Володарский район.,0,25123,11224,13899,7522,3509,4013,17601,7715,9886
sng89_reg1.html,Киевская область.,Вышгородский район.,0,77696,35846,41850,27152,12645,14507,50544,23201,27343
sng89_reg1.html,Киевская область.,Згуровский район.,0,26774,11724,15050,6942,3238,3704,19832,8486,11346
sng89_reg1.html,Киевская область.,Иванковский район.,0,43231,18973,24258,10295,4843,5452,32936,14130,18806
sng89_reg1.html,Киевская область.,Кагарлыкский район.,0,53054,23235,29819,23900,11019,12881,29154,12216,16938
sng89_reg1.html,Киевская область.,Киево-Святошинский район.,0,156130,73675,82455,72727,34911,37816,83403,38764,44639
sng89_reg1.html,Киевская область.,Макаровский район.,0,55643,24819,30824,14063,6623,7440,41580,18196,23384
sng89_reg1.html,Киевская область.,Мироновский район.,0,48236,21729,26507,15973,7674,8299,32263,14055,18208
sng89_reg1.html,Киевская область.,Обуховский район.,0,74636,34468,40168,50032,24002,26030,24604,10466,14138
sng89_reg1.html,Киевская область.,Переяслав-Хмельницкий район (сельское население).,0,39170,16972,22198,,,,39170,16972,22198
sng89_reg1.html,Киевская область.,Полесский район.,0,30493,13893,16600,13779,6433,7346,16714,7460,9254
sng89_reg1.html,Киевская область.,Ракитнянский район.,0,39780,17723,22057,14552,6796,7756,25228,10927,14301
sng89_reg1.html,Киевская область.,Сквирский район.,0,50045,22463,27582,19273,9076,10197,30772,13387,17385
sng89_reg1.html,Киевская область.,Ставищенский район.,0,31606,14042,17564,8067,3741,4326,23539,10301,13238
sng89_reg1.html,Киевская область.,Таращанский район.,0,41868,19481,22387,14340,7113,7227,27528,12368,15160
sng89_reg1.html,Киевская область.,Тетиевский район.,0,39026,17431,21595,14605,6787,7818,24421,10644,13777
sng89_reg1.html,Киевская область.,Фастовский район.,0,44848,19717,25131,12012,5323,6689,32836,14394,18442
sng89_reg1.html,Киевская область.,Яготинский район.,0,44605,19870,24735,25278,11570,13708,19327,8300,11027
sng89_reg1.html,Ровенская область.,Ровенская область.,1,1169687,554055,615632,530041,253389,276652,639646,300666,338980
sng89_reg1.html,Ровенская область.,г. Ровно.,0,227925,109201,118724,227925,109201,118724,,,
sng89_reg1.html,Ровенская область.,г. Дубно.,0,40806,19098,21708,40806,19098,21708,,,
sng89_reg1.html,Ровенская область.,г. Кузнецовск.,0,29858,14777,15081,29858,14777,15081,,,
sng89_reg1.html,Ровенская область.,Березновский район.,0,61910,29821,32089,16778,8069,8709,45132,21752,23380
sng89_reg1.html,Ровенская область.,Владимирецкий район.,0,63155,30326,32829,12133,5750,6383,51022,24576,26446
sng89_reg1.html,Ровенская область.,Гощанский район.,0,43295,19467,23828,5450,2471,2979,37845,16996,20849
sng89_reg1.html,Ровенская область.,Дубновский район.,0,52211,24290,27921,2954,1367,1587,49257,22923,26334
sng89_reg1.html,Ровенская область.,Дубровицкий район.,0,56178,26889,29289,10856,5101,5755,45322,21788,23534
sng89_reg1.html,Ровенская область.,Заречненский район.,0,37081,17864,19217,6443,3106,3337,30638,14758,15880
sng89_reg1.html,Ровенская область.,Здолбуновский район.,0,65347,30600,34747,31818,15115,16703,33529,15485,18044
sng89_reg1.html,Ровенская область.,Корецкий район.,0,43451,20031,23420,9437,4392,5045,34014,15639,18375
sng89_reg1.html,Ровенская область.,Костопольский район.,0,68443,32299,36144,31610,14956,16654,36833,17343,19490
sng89_reg1.html,Ровенская область.,Млиновский район.,0,59304,27188,32116,11408,5412,5996,47896,21776,26120
sng89_reg1.html,Ровенская область.,Острожский район.,0,46308,21610,24698,12984,6138,6846,33324,15472,17852
sng89_reg1.html,Ровенская область.,Ровенский район.,0,86726,40572,46154,20434,9993,10441,66292,30579,35713
sng89_reg1.html,Ровенская область.,Рокитновский район.,0,49725,23981,25744,9882,4756,5126,39843,19225,20618
sng89_reg1.html,Ровенская область.,Сарненский район.,0,96842,46954,49888,38912,18702,20210,57930,28252,29678
sng89_reg1.html,Ровенская область.,Червоноармейский район.,0,41122,19087,22035,10353,4985,5368,30769,14102,16667
sng89_reg1.html,Черниговская область.,Черниговская область.,1,1415907,629173,786734,756057,348509,407548,659850,280664,379186
sng89_reg1.html,Черниговская область.,г. Чернигов.,0,296347,139099,157248,296347,139099,157248,,,
sng89_reg1.html,Черниговская область.,г. Нежин.,0,80553,36926,43627,80553,36926,43627,,,
sng89_reg1.html,Черниговская область.,г. Прилуки.,0,71954,32828,39126,71954,32828,39126,,,
sng89_reg1.html,Черниговская область.,Бахмачский район.,0,67980,29660,38320,30673,14013,16660,37307,15647,21660
sng89_reg1.html,Черниговская область.,Бобровицкий район.,0,50863,21544,29319,15143,6672,8471,35720,14872,20848
sng89_reg1.html,Черниговская область.,Борзнянский район.,0,53727,23502,30225,12506,5881,6625,41221,17621,23600
sng89_reg1.html,Черниговская область.,Варвинский район.,0,21652,9520,12132,8927,4206,4721,12725,5314,7411
sng89_reg1.html,Черниговская область.,Городнянский район.,0,44422,19327,25095,15092,6892,8200,29330,12435,16895
sng89_reg1.html,Черниговская область.,Ичнянский район.,0,49662,21304,28358,17417,7748,9669,32245,13556,18689
sng89_reg1.html,Черниговская область.,Козелецкий район.,0,76646,32983,43663,24815,11534,13281,51831,21449,30382
sng89_reg1.html,Черниговская область.,Коропский район.,0,38943,16828,22115,9077,3986,5091,29866,12842,17024
sng89_reg1.html,Черниговская область.,Корюковский район.,0,38342,17052,21290,17830,8132,9698,20512,8920,11592
sng89_reg1.html,Черниговская область.,Куликовский район.,0,27541,12099,15442,6084,2918,3166,21457,9181,12276
sng89_reg1.html,Черниговская область.,Менский район.,0,52888,23362,29526,22183,10115,12068,30705,13247,17458
sng89_reg1.html,Черниговская область.,Нежинский район.,0,45581,19319,26262,9528,4177,5351,36053,15142,20911
sng89_reg1.html,Черниговская область.,Новгород-Северский район.,0,42735,18688,24047,15377,7095,8282,27358,11593,15765
sng89_reg1.html,Черниговская область.,Носовский район.,0,44752,19543,25209,18257,8152,10105,26495,11391,15104
sng89_reg1.html,Черниговская область.,Прилукский район.,0,55284,23430,31854,13890,6179,7711,41394,17251,24143
sng89_reg1.html,Черниговская область.,Репкинский район.,0,47301,20494,26807,18634,8394,10240,28667,12100,16567
sng89_reg1.html,Черниговская область.,Семеновский район.,0,28399,12165,16234,10508,4678,5830,17891,7487,10404
sng89_reg1.html,Черниговская область.,Сосницкий район.,0,29265,12733,16532,8429,3776,4653,20836,8957,11879
sng89_reg1.html,Черниговская область.,Сребнянский район.,0,17844,7773,10071,5412,2424,2988,12432,5349,7083
sng89_reg1.html,Черниговская область.,Талалаевский район.,0,19882,8590,11292,5771,2643,3128,14111,5947,8164
sng89_reg1.html,Черниговская область.,Черниговский район.,0,75767,33584,42183,8121,3627,4494,67646,29957,37689
sng89_reg1.html,Черниговская область.,Щорский район.,0,37577,16820,20757,13529,6414,7115,24048,10406,13642
sng89_reg1.html,Белорусская ССР.,Белорусская ССР.,1,10199709,4775835,5423874,6678585,3149649,3528936,3521124,1626186,1894938
sng89_reg1.html,Брестская область.,Брестская область.,1,1458360,688745,769615,824370,390110,434260,633990,298635,335355
sng89_reg1.html,Брестская область.,г. Брест.,0,258016,121516,136500,258016,121516,136500,,,
sng89_reg1.html,Брестская область.,г. Барановичи.,0,159315,75127,84188,159315,75127,84188,,,
sng89_reg1.html,Брестская область.,г. Кобрин.,0,44829,20861,23968,44829,20861,23968,,,
sng89_reg1.html,Брестская область.,г. Лунинец.,0,23213,11122,12091,23213,11122,12091,,,
sng89_reg1.html,Брестская область.,г. Пинск.,0,118636,55694,62942,118636,55694,62942,,,
sng89_reg1.html,Брестская область.,Барановичский район.,0,54789,25393,29396,2914,1404,1510,51875,23989,27886
sng89_reg1.html,Брестская область.,Березовский район.,0,69755,33037,36718,33901,16314,17587,35854,16723,19131
sng89_reg1.html,Брестская область.,Брестский район.,0,42814,20444,22370,1407,634,773,41407,19810,21597
sng89_reg1.html,Брестская область.,Ганцевичский район.,0,38104,18493,19611,14117,6923,7194,23987,11570,12417
sng89_reg1.html,Брестская область.,Дрогичинский район.,0,53917,25185,28732,15917,7683,8234,38000,17502,20498
sng89_reg1.html,Брестская область.,Жабинковский район.,0,25855,11972,13883,10852,5099,5753,15003,6873,8130
sng89_reg1.html,Брестская область.,Ивановский район.,0,52971,24717,28254,13581,6504,7077,39390,18213,21177
sng89_reg1.html,Брестская область.,Ивацевичский район.,0,67743,32540,35203,24370,11780,12590,43373,20760,22613
sng89_reg1.html,Брестская область.,Каменецкий район.,0,43986,20528,23458,12760,6066,6694,31226,14462,16764
sng89_reg1.html,Брестская область.,Кобринский район (сельское население).,0,43357,20439,22918,,,,43357,20439,22918
sng89_reg1.html,Брестская область.,Лунинецкий район.,0,59492,28862,30630,12777,6298,6479,46715,22564,24151
sng89_reg1.html,Брестская область.,Ляховичский район.,0,39877,18876,21001,10664,5208,5456,29213,13668,15545
sng89_reg1.html,Брестская область.,Малоритский район.,0,28719,13438,15281,9666,4517,5149,19053,8921,10132
sng89_reg1.html,Брестская область.,Пинский район.,0,72262,34296,37966,3100,1484,1616,69162,32812,36350
sng89_reg1.html,Брестская область.,Пружанский район.,0,68898,32069,36829,29290,14068,15222,39608,18001,21607
sng89_reg1.html,Брестская область.,Столинский район.,0,91812,44136,47676,25045,11808,13237,66767,32328,34439
sng89_reg1.html,Витебская область.,Витебская область.,1,1413421,653593,759828,910988,423339,487649,502433,230254,272179
sng89_reg1.html,Витебская область.,Витебский горсовет.,0,357446,162360,195086,357446,162360,195086,,,
sng89_reg1.html,Витебская область.,г. Лепель.,0,19087,9419,9668,19087,9419,9668,,,
sng89_reg1.html,Витебская область.,г. Новополоцк.,0,92699,44482,48217,92699,44482,48217,,,
sng89_reg1.html,Витебская область.,Оршанский горсовет.,0,136684,63430,73254,136684,63430,73254,,,
sng89_reg1.html,Витебская область.,г. Полоцк.,0,76837,34424,42413,76837,34424,42413,,,
sng89_reg1.html,Витебская область.,Бешенковичский район.,0,25799,11870,13929,9908,4723,5185,15891,7147,8744
sng89_reg1.html,Витебская область.,Браславский район.,0,35711,16888,18823,13006,6233,6773,22705,10655,12050
sng89_reg1.html,Витебская область.,Верхнедвинский район.,0,32235,15051,17184,9585,4517,5068,22650,10534,12116
sng89_reg1.html,Витебская область.,Витебский район.,0,51577,23805,27772,2824,1247,1577,48753,22558,26195
sng89_reg1.html,Витебская область.,Глубокский район.,0,51657,24431,27226,19903,9688,10215,31754,14743,17011
sng89_reg1.html,Витебская область.,Городокский район.,0,38197,18148,20049,16695,8406,8289,21502,9742,11760
sng89_reg1.html,Витебская область.,Докшицкий район.,0,37624,17672,19952,10077,4950,5127,27547,12722,14825
sng89_reg1.html,Витебская область.,Дубровенский район.,0,25235,11693,13542,11397,5488,5909,13838,6205,7633
sng89_reg1.html,Витебская область.,Лепельский район (сельское население).,0,24767,11663,13104,,,,24767,11663,13104
sng89_reg1.html,Витебская область.,Лиозненский район.,0,23778,10793,12985,7528,3453,4075,16250,7340,8910
sng89_reg1.html,Витебская область.,Миорский район.,0,33495,15555,17940,11163,5231,5932,22332,10324,12008
sng89_reg1.html,Витебская область.,Оршанский район.,0,46246,21097,25149,4804,2137,2667,41442,18960,22482
sng89_reg1.html,Витебская область.,Полоцкий район.,0,38837,17403,21434,1951,863,1088,36886,16540,20346
sng89_reg1.html,Витебская область.,Поставский район.,0,50002,23112,26890,24734,11624,13110,25268,11488,13780
sng89_reg1.html,Витебская область.,Россонский район.,0,15387,7212,8175,5264,2550,2714,10123,4662,5461
sng89_reg1.html,Витебская область.,Сенненский район.,0,39391,18293,21098,13581,6577,7004,25810,11716,14094
sng89_reg1.html,Витебская область.,Толочинский район.,0,40793,18764,22029,16427,7779,8648,24366,10985,13381
sng89_reg1.html,Витебская область.,Ушачский район.,0,23395,10667,12728,5827,2735,3092,17568,7932,9636
sng89_reg1.html,Витебская область.,Чашникский район.,0,43473,20607,22866,24168,11798,12370,19305,8809,10496
sng89_reg1.html,Витебская область.,Шарковщинский район.,0,24971,11805,13166,7385,3583,3802,17586,8222,9364
sng89_reg1.html,Витебская область.,Шумилинский район.,0,28098,12949,15149,12008,5642,6366,16090,7307,8783
sng89_reg1.html,Гомельская область.,Гомельская область.,1,1673472,781383,892089,1069919,507093,562826,603553,274290,329263
sng89_reg1.html,Гомельская область.,Гомельский горсовет.,0,511706,242794,268912,511706,242794,268912,,,
sng89_reg1.html,Гомельская область.,г. Добруш.,0,20750,9412,11338,20750,9412,11338,,,
sng89_reg1.html,Гомельская область.,г. Жлобин.,0,56695,26683,30012,56695,26683,30012,,,
sng89_reg1.html,Гомельская область.,г. Калинковичи.,0,40980,19385,21595,40980,19385,21595,,,
sng89_reg1.html,Гомельская область.,г. Мозырь.,0,100254,48580,51674,100254,48580,51674,,,
sng89_reg1.html,Гомельская область.,г. Речица.,0,69427,32277,37150,69427,32277,37150,,,
sng89_reg1.html,Гомельская область.,г. Рогачев.,0,35757,16801,18956,35757,16801,18956,,,
sng89_reg1.html,Гомельская область.,г. Светлогорск.,0,69475,33430,36045,69475,33430,36045,,,
sng89_reg1.html,Гомельская область.,Брагинский район.,0,26161,11981,14180,8662,4028,4634,17499,7953,9546
sng89_reg1.html,Гомельская область.,Буда-Кошелевский район.,0,51100,23486,27614,12594,6124,6470,38506,17362,21144
sng89_reg1.html,Гомельская область.,Ветковский район.,0,35321,15588,19733,10197,4650,5547,25124,10938,14186
sng89_reg1.html,Гомельская область.,Гомельский район.,0,80117,36670,43447,2589,1198,1391,77528,35472,42056
sng89_reg1.html,Гомельская область.,Добрушский район.,0,32925,14316,18609,2356,1072,1284,30569,13244,17325
sng89_reg1.html,Гомельская область.,Ельский район.,0,25780,11997,13783,9632,4618,5014,16148,7379,8769
sng89_reg1.html,Гомельская область.,Житковичский район.,0,52610,24886,27724,18985,9132,9853,33625,15754,17871
sng89_reg1.html,Гомельская область.,Жлобинский район.,0,41486,18842,22644,1413,645,768,40073,18197,21876
sng89_reg1.html,Гомельская область.,Калинковичский район.,0,38029,16866,21163,1507,718,789,36522,16148,20374
sng89_reg1.html,Гомельская область.,Кормянский район.,0,26144,12186,13958,7201,3429,3772,18943,8757,10186
sng89_reg1.html,Гомельская область.,Лельчицкий район.,0,33926,15862,18064,8682,4175,4507,25244,11687,13557
sng89_reg1.html,Гомельская область.,Лоевский район.,0,20413,9059,11354,7644,3324,4320,12769,5735,7034
sng89_reg1.html,Гомельская область.,Мозырский район (сельское население).,0,24399,11221,13178,,,,24399,11221,13178
sng89_reg1.html,Гомельская область.,Наровлянский район.,0,21036,9848,11188,11165,5336,5829,9871,4512,5359
sng89_reg1.html,Гомельская область.,Октябрьский район.,0,20612,9537,11075,7335,3519,3816,13277,6018,7259
sng89_reg1.html,Гомельская область.,Петриковский район.,0,49256,22472,26784,16190,7526,8664,33066,14946,18120
sng89_reg1.html,Гомельская область.,Речицкий район.,0,53651,25074,28577,5372,2532,2840,48279,22542,25737
sng89_reg1.html,Гомельская область.,Рогачевский район.,0,41943,19166,22777,680,313,367,41263,18853,22410
sng89_reg1.html,Гомельская область.,Светлогорский район.,0,27117,12264,14853,5796,2737,3059,21321,9527,11794
sng89_reg1.html,Гомельская область.,Хойникский район.,0,38834,18205,20629,17113,8097,9016,21721,10108,11613
sng89_reg1.html,Гомельская область.,Чечерский район.,0,27568,12495,15073,9762,4558,5204,17806,7937,9869
sng89_reg1.html,Гродненская область.,Гродненская область.,1,1170342,550137,620205,669777,316103,353674,500565,234034,266531
sng89_reg1.html,Гродненская область.,г. Гродно.,0,270535,126169,144366,270535,126169,144366,,,
sng89_reg1.html,Гродненская область.,г. Сморгонь.,0,30839,15282,15557,30839,15282,15557,,,
sng89_reg1.html,Гродненская область.,г. Волковыск.,0,40374,20009,20365,40374,20009,20365,,,
sng89_reg1.html,Гродненская область.,г. Лида.,0,91007,42947,48060,91007,42947,48060,,,
sng89_reg1.html,Гродненская область.,г. Новогрудок.,0,29506,13669,15837,29506,13669,15837,,,
sng89_reg1.html,Гродненская область.,г. Слоним.,0,45741,21232,24509,45741,21232,24509,,,
sng89_reg1.html,Гродненская область.,Берестовицкий район.,0,21224,9823,11401,6637,3175,3462,14587,6648,7939
sng89_reg1.html,Гродненская область.,Волковысский район.,0,37785,17776,20009,9988,4732,5256,27797,13044,14753
sng89_reg1.html,Гродненская область.,Вороновский район.,0,39150,18627,20523,9093,4287,4806,30057,14340,15717
sng89_reg1.html,Гродненская область.,Гродненский район.,0,70952,33376,37576,12452,5887,6565,58500,27489,31011
sng89_reg1.html,Гродненская область.,Дятловский район.,0,42747,20183,22564,13873,6803,7070,28874,13380,15494
sng89_reg1.html,Гродненская область.,Зельвенский район.,0,28532,13312,15220,7825,3770,4055,20707,9542,11165
sng89_reg1.html,Гродненская область.,Ивьевский район.,0,41358,19500,21858,9721,4689,5032,31637,14811,16826
sng89_reg1.html,Гродненская область.,Кореличский район.,0,34056,15695,18361,9194,4366,4828,24862,11329,13533
sng89_reg1.html,Гродненская область.,Лидский район.,0,49844,23134,26710,13002,6011,6991,36842,17123,19719
sng89_reg1.html,Гродненская область.,Мостовский район.,0,42358,19818,22540,16494,7809,8685,25864,12009,13855
sng89_reg1.html,Гродненская область.,Новогрудский район.,0,33183,15407,17776,1691,776,915,31492,14631,16861
sng89_reg1.html,Гродненская область.,Островецкий район .,0,29886,14062,15824,7675,3644,4031,22211,10418,11793
sng89_reg1.html,Гродненская область.,Ошмянский район.,0,38480,18203,20277,14748,6925,7823,23732,11278,12454
sng89_reg1.html,Гродненская область.,Свислочский район.,0,29240,13766,15474,9527,4649,4878,19713,9117,10596
sng89_reg1.html,Гродненская область.,Слонимский район (сельское население).,0,25920,12280,13640,,,,25920,12280,13640
sng89_reg1.html,Гродненская область.,Сморгонский район (сельское население).,0,28916,13634,15282,,,,28916,13634,15282
sng89_reg1.html,Гродненская область.,Щучинский район.,0,68709,32233,36476,19855,9272,10583,48854,22961,25893
sng89_reg1.html,Минский горсовет.,Минский горсовет.,1,1612970,756705,856265,1612472,756465,856007,498,240,258
sng89_reg1.html,Минский горсовет.,г. Минск.,0,1589436,744311,845125,1589436,744311,845125,,,
sng89_reg1.html,Минская область.,Минская область.,1,1586842,746119,840723,744125,353465,390660,842717,392654,450063
sng89_reg1.html,Минская область.,г. Борисов.,0,143792,67756,76036,143792,67756,76036,,,
sng89_reg1.html,Минская область.,Вилейский горсовет.,0,28399,13567,14832,28077,13409,14668,322,158,164
sng89_reg1.html,Минская область.,г. Дзержинск.,0,22904,10822,12082,22904,10822,12082,,,
sng89_reg1.html,Минская область.,г. Жодино.,0,53744,26238,27506,53744,26238,27506,,,
sng89_reg1.html,Минская область.,Заславский горсовет.,0,12584,5843,6741,10438,4839,5599,2146,1004,1142
sng89_reg1.html,Минская область.,г. Молодечно.,0,91726,43173,48553,91726,43173,48553,,,
sng89_reg1.html,Минская область.,г. Слуцк.,0,57556,27159,30397,57556,27159,30397,,,
sng89_reg1.html,Минская область.,г. Солигорск.,0,92742,45086,47656,92742,45086,47656,,,
sng89_reg1.html,Минская область.,Березинский район.,0,35477,16451,19026,12665,6039,6626,22812,10412,12400
sng89_reg1.html,Минская область.,Борисовский район (сельское население).,0,53641,25813,27828,,,,53641,25813,27828
sng89_reg1.html,Минская область.,Вилейский район (сельское население).,0,40541,18588,21953,,,,40541,18588,21953
sng89_reg1.html,Минская область.,Воложинский район.,0,54372,25200,29172,15582,7426,8156,38790,17774,21016
sng89_reg1.html,Минская область.,Дзержинский район.,0,35670,16664,19006,10120,4742,5378,25550,11922,13628
sng89_reg1.html,Минская область.,Клецкий район.,0,43376,20461,22915,10508,4955,5553,32868,15506,17362
sng89_reg1.html,Минская область.,Копыльский район.,0,45818,20874,24944,9538,4495,5043,36280,16379,19901
sng89_reg1.html,Минская область.,Крупский район.,0,36472,16809,19663,11826,5500,6326,24646,11309,13337
sng89_reg1.html,Минская область.,Логойский район.,0,44458,20469,23989,15325,7111,8214,29133,13358,15775
sng89_reg1.html,Минская область.,Любанский район.,0,47824,22371,25453,15123,7138,7985,32701,15233,17468
sng89_reg1.html,Минская область.,Минский район (сельское население).,0,134556,63739,70817,,,,134556,63739,70817
sng89_reg1.html,Минская область.,Молодечненский район.,0,55174,26161,29013,4695,2263,2432,50479,23898,26581
sng89_reg1.html,Минская область.,Мядельский район.,0,41145,18948,22197,13916,6413,7503,27229,12535,14694
sng89_reg1.html,Минская область.,Несвижский район.,0,48463,22965,25498,18712,9123,9589,29751,13842,15909
sng89_reg1.html,Минская область.,Пуховичский район.,0,76982,36074,40908,29955,14399,15556,47027,21675,25352
sng89_reg1.html,Минская область.,Слуцкий район (сельское население).,0,48077,22182,25895,,,,48077,22182,25895
sng89_reg1.html,Минская область.,Смолевичский район.,0,47688,22286,25402,15206,7109,8097,32482,15177,17305
sng89_reg1.html,Минская область.,Солигорский район.,0,47636,22164,25472,10695,5098,5597,36941,17066,19875
sng89_reg1.html,Минская область.,Стародорожский район.,0,27581,12688,14893,10976,5155,5821,16605,7533,9072
sng89_reg1.html,Минская область.,Столбцовский район.,0,49915,23626,26289,13608,6383,7225,36307,17243,19064
sng89_reg1.html,Минская область.,Узденский район.,0,27393,12698,14695,8327,3871,4456,19066,8827,10239
sng89_reg1.html,Минская область.,Червенский район.,0,41136,19244,21892,16369,7763,8606,24767,11481,13286
sng89_reg1.html,Могилевская область.,Могилевская область.,1,1284302,599153,685149,846934,403074,443860,437368,196079,241289
sng89_reg1.html,Могилевская область.,г. Бобруйск.,0,221166,103689,117477,221166,103689,117477,,,
sng89_reg1.html,Могилевская область.,г. Горки.,0,30905,15879,15026,30905,15879,15026,,,
sng89_reg1.html,Могилевская область.,г. Кричев.,0,32908,15732,17176,32908,15732,17176,,,
sng89_reg1.html,Могилевская область.,г. Осиповичи.,0,33803,16228,17575,33803,16228,17575,,,
sng89_reg1.html,Могилевская область.,Белыничский район.,0,30274,14077,16197,10625,5153,5472,19649,8924,10725
sng89_reg1.html,Могилевская область.,Бобруйский район.,0,31957,14364,17593,1799,822,977,30158,13542,16616
sng89_reg1.html,Могилевская область.,Быховский район.,0,55271,25012,30259,20049,9406,10643,35222,15606,19616
sng89_reg1.html,Могилевская область.,Глусский район.,0,22784,10411,12373,7815,3689,4126,14969,6722,8247
sng89_reg1.html,Могилевская область.,Горецкий район (сельское население).,0,33086,14486,18600,,,,33086,14486,18600
sng89_reg1.html,Могилевская область.,Кировский район.,0,30114,13897,16217,8335,4001,4334,21779,9896,11883
sng89_reg1.html,Могилевская область.,Климовичский район.,0,36431,16994,19437,16535,8063,8472,19896,8931,10965
sng89_reg1.html,Могилевская область.,Кличевский район.,0,24544,11855,12689,8073,4267,3806,16471,7588,8883
sng89_reg1.html,Могилевская область.,Костюковичский район.,0,34672,15965,18707,13235,6517,6718,21437,9448,11989
sng89_reg1.html,Могилевская область.,Краснопольский район.,0,20964,9626,11338,6864,3164,3700,14100,6462,7638
sng89_reg1.html,Могилевская область.,Кричевский район (сельское население).,0,12360,5728,6632,,,,12360,5728,6632
sng89_reg1.html,Могилевская область.,Круглянский район.,0,19013,8913,10100,7108,3503,3605,11905,5410,6495
sng89_reg1.html,Могилевская область.,Могилевский район (сельское население).,0,55184,24933,30251,,,,55184,24933,30251
sng89_reg1.html,Могилевская область.,Мстиславский район.,0,32112,15069,17043,11230,5454,5776,20882,9615,11267
sng89_reg1.html,Могилевская область.,Осиповичский район.,0,28458,12887,15571,5402,2460,2942,23056,10427,12629
sng89_reg1.html,Могилевская область.,Славгородский район.,0,23791,10842,12949,8127,3840,4287,15664,7002,8662
sng89_reg1.html,Могилевская область.,Хотимский район.,0,18201,8438,9763,7696,3722,3974,10505,4716,5789
sng89_reg1.html,Могилевская область.,Чаусский район.,0,31248,13979,17269,12460,5948,6512,18788,8031,10757
sng89_reg1.html,Могилевская область.,Чериковский район.,0,22486,10316,12170,8718,4089,4629,13768,6227,7541
sng89_reg1.html,Могилевская область.,Шкловский район.,0,43382,19856,23526,14893,7471,7422,28489,12385,16104
sng89_reg1.html,Литовская ССР.,Литовская ССР.,1,3689779,1747174,1942605,2509311,1183161,1326150,1180468,564013,616455
sng89_reg1.html,Литовская ССР.,г. Вильнюс.,0,582621,277256,305365,582621,277256,305365,,,
sng89_reg1.html,Литовская ССР.,г. Алитус.,0,73072,34574,38498,73072,34574,38498,,,
sng89_reg1.html,Литовская ССР.,г. Бирштонас.,0,4142,1907,2235,4142,1907,2235,,,
sng89_reg1.html,Литовская ССР.,г. Друскининкай.,0,22502,9930,12572,22502,9930,12572,,,
sng89_reg1.html,Литовская ССР.,г. Капсукас (ныне г. Мариямполе).,0,50616,24250,26366,50616,24250,26366,,,
sng89_reg1.html,Литовская ССР.,г. Каунас.,0,422931,195667,227264,422931,195667,227264,,,
sng89_reg1.html,Литовская ССР.,г. Клайпеда.,0,204248,99758,104490,204248,99758,104490,,,
sng89_reg1.html,Литовская ССР.,г. Неринга.,0,2454,1163,1291,2454,1163,1291,,,
sng89_reg1.html,Литовская ССР.,г. Паланга.,0,19437,8878,10559,19437,8878,10559,,,
sng89_reg1.html,Литовская ССР.,г. Паневежис.,0,126419,58644,67775,126419,58644,67775,,,
sng89_reg1.html,Литовская ССР.,г. Шяуляй.,0,145056,67429,77627,145056,67429,77627,,,
sng89_reg1.html,Литовская ССР.,Акмянский район.,0,37815,17999,19816,23384,11068,12316,14431,6931,7500
sng89_reg1.html,Литовская ССР.,Алитусский район.,0,32660,15838,16822,4063,2066,1997,28597,13772,14825
sng89_reg1.html,Литовская ССР.,Аникщяйский район.,0,38259,17614,20645,14557,6648,7909,23702,10966,12736
sng89_reg1.html,Литовская ССР.,Биржайский район.,0,38552,18092,20460,18659,8641,10018,19893,9451,10442
sng89_reg1.html,Литовская ССР.,Варенский район.,0,38331,18224,20107,12281,5808,6473,26050,12416,13634
sng89_reg1.html,Литовская ССР.,Вилкавишкский район.,0,52335,24806,27529,22649,10569,12080,29686,14237,15449
sng89_reg1.html,Литовская ССР.,Вильнюсский район.,0,93917,45450,48467,5656,2619,3037,88261,42831,45430
sng89_reg1.html,Литовская ССР.,Зарасайский район.,0,25775,12091,13684,10796,4977,5819,14979,7114,7865
sng89_reg1.html,Литовская ССР.,Игналинский район.,0,59089,28483,30606,39881,19278,20603,19208,9205,10003
sng89_reg1.html,Литовская ССР.,Ионавский район.,0,53981,26031,27950,36274,17473,18801,17707,8558,9149
sng89_reg1.html,Литовская ССР.,Ионишкский район.,0,32902,15426,17476,14518,6655,7863,18384,8771,9613
sng89_reg1.html,Литовская ССР.,Кайшядорский район.,0,40210,18977,21233,14680,6849,7831,25530,12128,13402
sng89_reg1.html,Литовская ССР.,Капсукский район.,0,49217,23582,25635,13548,6334,7214,35669,17248,18421
sng89_reg1.html,Литовская ССР.,Каунасский район.,0,85428,40972,44456,19753,9220,10533,65675,31752,33923
sng89_reg1.html,Литовская ССР.,Кедайнский район.,0,69304,32851,36453,35002,16552,18450,34302,16299,18003
sng89_reg1.html,Литовская ССР.,Кельмеский район.,0,42858,20506,22352,15739,7314,8425,27119,13192,13927
sng89_reg1.html,Литовская ССР.,Клайпедский район.,0,45025,21465,23560,15213,7198,8015,29812,14267,15545
sng89_reg1.html,Литовская ССР.,Кретингский район.,0,44042,20983,23059,21995,10272,11723,22047,10711,11336
sng89_reg1.html,Литовская ССР.,Купишкский район.,0,25695,11796,13899,10302,4781,5521,15393,7015,8378
sng89_reg1.html,Литовская ССР.,Лаздийский район.,0,33345,15640,17705,7616,3626,3990,25729,12014,13715
sng89_reg1.html,Литовская ССР.,Мажейкский район.,0,61259,29404,31855,45451,21831,23620,15808,7573,8235
sng89_reg1.html,Литовская ССР.,Молетский район.,0,27285,12949,14336,6917,3316,3601,20368,9633,10735
sng89_reg1.html,Литовская ССР.,Пакруойский район.,0,30630,14354,16276,8361,3872,4489,22269,10482,11787
sng89_reg1.html,Литовская ССР.,Паневежский район.,0,41895,19665,22230,2904,1315,1589,38991,18350,20641
sng89_reg1.html,Литовская ССР.,Пасвальский район.,0,36800,17394,19406,10841,5150,5691,25959,12244,13715
sng89_reg1.html,Литовская ССР.,Плунгеский район.,0,53884,25967,27917,27261,12998,14263,26623,12969,13654
sng89_reg1.html,Литовская ССР.,Пренайский район.,0,39572,18621,20951,15542,7263,8279,24030,11358,12672
sng89_reg1.html,Литовская ССР.,Радвилишкский район.,0,54699,25906,28793,25542,11982,13560,29157,13924,15233
sng89_reg1.html,Литовская ССР.,Расейнский район.,0,46128,21707,24421,17505,8199,9306,28623,13508,15115
sng89_reg1.html,Литовская ССР.,Рокишкский район.,0,47815,22396,25419,24433,11349,13084,23382,11047,12335
sng89_reg1.html,Литовская ССР.,Скуодасский район.,0,26560,12624,13936,8807,4168,4639,17753,8456,9297
sng89_reg1.html,Литовская ССР.,Таурагский район.,0,52538,24664,27874,32527,15077,17450,20011,9587,10424
sng89_reg1.html,Литовская ССР.,Тельшяйский район.,0,59021,27812,31209,35245,16650,18595,23776,11162,12614
sng89_reg1.html,Литовская ССР.,Тракайский район.,0,81605,39004,42601,55205,26407,28798,26400,12597,13803
sng89_reg1.html,Литовская ССР.,Укмергский район.,0,52450,24803,27647,30649,14378,16271,21801,10425,11376
sng89_reg1.html,Литовская ССР.,Утенский район.,0,52267,24531,27736,34353,16270,18083,17914,8261,9653
sng89_reg1.html,Литовская ССР.,Шакяйский район.,0,41658,19869,21789,12103,5748,6355,29555,14121,15434
sng89_reg1.html,Литовская ССР.,Шальчининкский район.,0,41468,20086,21382,11585,5447,6138,29883,14639,15244
sng89_reg1.html,Литовская ССР.,Швенченский район.,0,37754,17716,20038,21534,10143,11391,16220,7573,8647
sng89_reg1.html,Литовская ССР.,Шилальский район.,0,31679,15315,16364,6471,3030,3441,25208,12285,12923
sng89_reg1.html,Литовская ССР.,Шилутский район.,0,68996,33245,35751,28708,13727,14981,40288,19518,20770
sng89_reg1.html,Литовская ССР.,Ширвинтский район.,0,21495,10173,11322,7521,3539,3982,13974,6634,7340
sng89_reg1.html,Литовская ССР.,Шяуляйский район.,0,49898,23616,26282,14608,6804,7804,35290,16812,18478
sng89_reg1.html,Литовская ССР.,Юрбаркский район.,0,40185,19071,21114,15174,7094,8080,25011,11977,13034
sng89_reg1.html,Латвийская ССР.,Латвийская ССР.,1,2680029,1246316,1433713,1905911,878382,1027529,774118,367934,406184
sng89_reg1.html,Латвийская ССР.,г. Рига.,0,915106,419612,495494,915106,419612,495494,,,
sng89_reg1.html,Латвийская ССР.,г. Вентспилс.,0,50438,23537,26901,50438,23537,26901,,,
sng89_reg1.html,Латвийская ССР.,г. Даугавпилс.,0,126680,59593,67087,126680,59593,67087,,,
sng89_reg1.html,Латвийская ССР.,г. Елгава.,0,74704,35035,39669,74704,35035,39669,,,
sng89_reg1.html,Латвийская ССР.,г. Лиепая.,0,114462,53619,60843,114462,53619,60843,,,
sng89_reg1.html,Латвийская ССР.,г. Резекне.,0,42481,19763,22718,42481,19763,22718,,,
sng89_reg1.html,Латвийская ССР.,г. Юрмала.,0,66026,29451,36575,66026,29451,36575,,,
sng89_reg1.html,Латвийская ССР.,Алуксненский район.,0,28827,13466,15361,12578,5816,6762,16249,7650,8599
sng89_reg1.html,Латвийская ССР.,Балвский район.,0,33847,15838,18009,14083,6603,7480,19764,9235,10529
sng89_reg1.html,Латвийская ССР.,Бауский район.,0,55854,26326,29528,16135,7345,8790,39719,18981,20738
sng89_reg1.html,Латвийская ССР.,Валкский район.,0,37449,17507,19942,19407,9059,10348,18042,8448,9594
sng89_reg1.html,Латвийская ССР.,Валмиерский район.,0,62810,28907,33903,36643,16708,19935,26167,12199,13968
sng89_reg1.html,Латвийская ССР.,Вентспилсский район.,0,15632,7433,8199,1186,566,620,14446,6867,7579
sng89_reg1.html,Латвийская ССР.,Гулбенский район.,0,30067,14038,16029,10602,4825,5777,19465,9213,10252
sng89_reg1.html,Латвийская ССР.,Даугавпилсский район.,0,46711,22231,24480,4377,1949,2428,42334,20282,22052
sng89_reg1.html,Латвийская ССР.,Добельский район.,0,44630,20831,23799,19879,9075,10804,24751,11756,12995
sng89_reg1.html,Латвийская ССР.,Екабпилсский район.,0,61758,28856,32902,35464,16321,19143,26294,12535,13759
sng89_reg1.html,Латвийская ССР.,Елгавский район.,0,38930,18240,20690,8107,3787,4320,30823,14453,16370
sng89_reg1.html,Латвийская ССР.,Краславский район.,0,41453,19494,21959,15898,7382,8516,25555,12112,13443
sng89_reg1.html,Латвийская ССР.,Кулдигский район.,0,40512,19114,21398,20607,9492,11115,19905,9622,10283
sng89_reg1.html,Латвийская ССР.,Лиепайский район.,0,54315,25830,28485,19239,8992,10247,35076,16838,18238
sng89_reg1.html,Латвийская ССР.,Лимбажский район.,0,41025,19150,21875,17599,8101,9498,23426,11049,12377
sng89_reg1.html,Латвийская ССР.,Лудзенский район.,0,42152,19903,22249,17578,8191,9387,24574,11712,12862
sng89_reg1.html,Латвийская ССР.,Мадонский район.,0,49207,23136,26071,19651,9166,10485,29556,13970,15586
sng89_reg1.html,Латвийская ССР.,Огрский район.,0,66008,30590,35418,41256,18732,22524,24752,11858,12894
sng89_reg1.html,Латвийская ССР.,Прейльский район.,0,45684,21369,24315,21823,10030,11793,23861,11339,12522
sng89_reg1.html,Латвийская ССР.,Резекненский район.,0,43470,20878,22592,7874,3711,4163,35596,17167,18429
sng89_reg1.html,Латвийская ССР.,Рижский район.,0,152046,71142,80904,40640,18525,22115,111406,52617,58789
sng89_reg1.html,Латвийская ССР.,Салдусский район.,0,39241,18590,20651,16181,7513,8668,23060,11077,11983
sng89_reg1.html,Латвийская ССР.,Стучкинский район.,0,44408,20591,23817,24412,11202,13210,19996,9389,10607
sng89_reg1.html,Латвийская ССР.,Талсинский район.,0,49716,23386,26330,23480,10811,12669,26236,12575,13661
sng89_reg1.html,Латвийская ССР.,Тукумский район.,0,59035,27834,31201,26293,12321,13972,32742,15513,17229
sng89_reg1.html,Латвийская ССР.,Цесисский район.,0,65345,31026,34319,25022,11549,13473,40323,19477,20846
rus89_reg1.html,Псковская область,Псковская область,1,846449,389089,457360,534144,246422,287722,312305,142667,169638
rus89_reg1.html,Псковская область,г. Псков,0,203789,92522,111267,203789,92522,111267,,,
rus89_reg1.html,Псковская область,г. Великие Луки,0,113745,52881,60864,113745,52881,60864,,,
rus89_reg1.html,Псковская область,г. Остров,0,29060,13543,15517,29060,13543,15517,,,
rus89_reg1.html,Псковская область,Бежаницкий район,0,22784,10398,12386,8894,4107,4787,13890,6291,7599
rus89_reg1.html,Псковская область,Великолукский район (сельское население),0,31911,14912,16999,,,,31911,14912,16999
rus89_reg1.html,Псковская область,Гдовский район,0,19842,9411,10431,6009,2796,3213,13833,6615,7218
rus89_reg1.html,Псковская область,Дедовичский район,0,18948,8937,10011,8494,4197,4297,10454,4740,5714
rus89_reg1.html,Псковская область,Дновский район,0,20110,9186,10924,12406,5796,6610,7704,3390,4314
rus89_reg1.html,Псковская область,Красногородский район,0,11886,5631,6255,5295,2536,2759,6591,3095,3496
rus89_reg1.html,Псковская область,Куньинский район,0,17698,7887,9811,4023,1888,2135,13675,5999,7676
rus89_reg1.html,Псковская область,Локнянский район,0,16782,7675,9107,6061,2866,3195,10721,4809,5912
rus89_reg1.html,Псковская область,Невельский район,0,38951,17962,20989,22472,10464,12008,16479,7498,8981
rus89_reg1.html,Псковская область,Новоржевский район,0,15477,6968,8509,5050,2350,2700,10427,4618,5809
rus89_reg1.html,Псковская область,Новосокольнический район,0,21319,9930,11389,10689,5029,5660,10630,4901,5729
rus89_reg1.html,Псковская область,Опочецкий район,0,28877,12783,16094,16190,7128,9062,12687,5655,7032
rus89_reg1.html,Псковская область,Островский район (сельское население),0,14199,6419,7780,,,,14199,6419,7780
rus89_reg1.html,Псковская область,Палкинский район,0,12392,5395,6997,3406,1589,1817,8986,3806,5180
rus89_reg1.html,Псковская область,Печорский район,0,27199,12669,14530,11935,5504,6431,15264,7165,8099
rus89_reg1.html,Псковская область,Плюсский район,0,13988,6474,7514,6204,2889,3315,7784,3585,4199
rus89_reg1.html,Псковская область,Порховский район,0,35015,16186,18829,14170,6684,7486,20845,9502,11343
rus89_reg1.html,Псковская область,Псковский район (сельское население),0,37557,17535,20022,,,,37557,17535,20022
rus89_reg1.html,Псковская область,Пустошкинский район,0,14063,6571,7492,6332,3001,3331,7731,3570,4161
rus89_reg1.html,Псковская область,Пушкино-Горский район,0,13566,6157,7409,7067,3273,3794,6499,2884,3615
rus89_reg1.html,Псковская область,Пыталовский район,0,16167,7559,8608,7166,3405,3761,9001,4154,4847
rus89_reg1.html,Псковская область,Себежский район,0,26926,12448,14478,14982,6966,8016,11944,5482,6462
rus89_reg1.html,Псковская область,Струго-Красненский район,0,16293,7462,8831,7067,3286,3781,9226,4176,5050
rus89_reg1.html,Псковская область,Усвятский район,0,7905,3588,4317,3638,1722,1916,4267,1866,2401
rus89_reg1.html,Брянская область,Брянская область,1,1474785,675511,799274,991863,460376,531487,482922,215135,267787
rus89_reg1.html,Брянская область,Брянский горсовет,0,473111,222361,250750,473111,222361,250750,,,
rus89_reg1.html,Брянская область,г. Дятьково,0,34413,15464,18949,34413,15464,18949,,,
rus89_reg1.html,Брянская область,Клинцовский горсовет,0,78414,35982,42432,78414,35982,42432,,,
rus89_reg1.html,Брянская область,г. Новозыбков,0,44854,20788,24066,44854,20788,24066,,,
rus89_reg1.html,Брянская область,Брасовский район,0,26873,12164,14709,11191,5066,6125,15682,7098,8584
rus89_reg1.html,Брянская область,Брянский район,0,72530,33458,39072,36353,16726,19627,36177,16732,19445
rus89_reg1.html,Брянская область,Выгоничский район,0,23058,10863,12195,5111,2353,2758,17947,8510,9437
rus89_reg1.html,Брянская область,Гордеевский район,0,16675,7552,9123,2119,982,1137,14556,6570,7986
rus89_reg1.html,Брянская область,Дубровский район,0,21694,9941,11753,8515,3964,4551,13179,5977,7202
rus89_reg1.html,Брянская область,Дятьковский район,0,48606,22196,26410,38544,17637,20907,10062,4559,5503
rus89_reg1.html,Брянская область,Жирятинский район (сельское население),0,8796,3998,4798,,,,8796,3998,4798
rus89_reg1.html,Брянская область,Жуковский район,0,36812,16607,20205,22921,10320,12601,13891,6287,7604
rus89_reg1.html,Брянская область,Злынковский район,0,17205,7738,9467,9152,4140,5012,8053,3598,4455
rus89_reg1.html,Брянская область,Карачевский район,0,41428,18733,22695,22446,10100,12346,18982,8633,10349
rus89_reg1.html,Брянская область,Клетнянский район,0,23885,11025,12860,14258,6672,7586,9627,4353,5274
rus89_reg1.html,Брянская область,Климовский район,0,40119,17874,22245,14637,6767,7870,25482,11107,14375
rus89_reg1.html,Брянская область,Клинцовский район (сельское население),0,29638,13298,16340,,,,29638,13298,16340
rus89_reg1.html,Брянская область,Комаричский район,0,21649,9543,12106,10199,4589,5610,11450,4954,6496
rus89_reg1.html,Брянская область,Красногорский район,0,23216,10609,12607,6909,3296,3613,16307,7313,8994
rus89_reg1.html,Брянская область,Мглинский район,0,24564,11002,13562,7704,3553,4151,16860,7449,9411
rus89_reg1.html,Брянская область,Навлинский район,0,32189,14782,17407,15931,7333,8598,16258,7449,8809
rus89_reg1.html,Брянская область,Новозыбковский район (сельское население),0,18424,7926,10498,,,,18424,7926,10498
rus89_reg1.html,Брянская область,Погарский район,0,37523,16592,20931,9959,4594,5365,27564,11998,15566
rus89_reg1.html,Брянская область,Почепский район,0,48957,21625,27332,17499,8059,9440,31458,13566,17892
rus89_reg1.html,Брянская область,Рогнединский район,0,11014,4950,6064,3452,1539,1913,7562,3411,4151
rus89_reg1.html,Брянская область,Севский район,0,20946,9439,11507,7820,3576,4244,13126,5863,7263
rus89_reg1.html,Брянская область,Стародубский район,0,51326,22756,28570,18906,8840,10066,32420,13916,18504
rus89_reg1.html,Брянская область,Суземский район,0,20786,9221,11565,12224,5419,6805,8562,3802,4760
rus89_reg1.html,Брянская область,Суражский район,0,31697,14154,17543,12559,5789,6770,19138,8365,10773
rus89_reg1.html,Брянская область,Трубчевский район,0,45000,20498,24502,24079,11302,12777,20921,9196,11725
rus89_reg1.html,Брянская область,Унечский район,0,49383,22372,27011,28583,13165,15418,20800,9207,11593
rus89_reg1.html,Смоленская область,Смоленская область,1,1158299,534083,624216,787940,366448,421492,370359,167635,202724
rus89_reg1.html,Смоленская область,г. Смоленск,0,341483,157607,183876,341483,157607,183876,,,
rus89_reg1.html,Смоленская область,г. Вязьма,0,59022,26942,32080,59022,26942,32080,,,
rus89_reg1.html,Смоленская область,г. Гагарин,0,28867,13226,15641,28867,13226,15641,,,
rus89_reg1.html,Смоленская область,г. Рославль,0,60470,28215,32255,60470,28215,32255,,,
rus89_reg1.html,Смоленская область,г. Сафоново,0,56571,26635,29936,56571,26635,29936,,,
rus89_reg1.html,Смоленская область,г. Ярцево,0,52304,23823,28481,52304,23823,28481,,,
rus89_reg1.html,Смоленская область,Велижский район,0,17239,7601,9638,9146,4134,5012,8093,3467,4626
rus89_reg1.html,Смоленская область,Вяземский район (сельское население),0,25106,11548,13558,,,,25106,11548,13558
rus89_reg1.html,Смоленская область,Гагаринский район (сельское население),0,21978,10139,11839,,,,21978,10139,11839
rus89_reg1.html,Смоленская область,Глинковский район (сельское население),0,7866,3542,4324,,,,7866,3542,4324
rus89_reg1.html,Смоленская область,Демидовский район,0,24237,11108,13129,13081,6272,6809,11156,4836,6320
rus89_reg1.html,Смоленская область,Дорогобужский район,0,36016,16751,19265,28750,13504,15246,7266,3247,4019
rus89_reg1.html,Смоленская область,Духовщинский район,0,23720,10943,12777,12576,5962,6614,11144,4981,6163
rus89_reg1.html,Смоленская область,Ельнинский район,0,19699,8679,11020,9868,4240,5628,9831,4439,5392
rus89_reg1.html,Смоленская область,Ершичский район,0,11544,5211,6333,1564,635,929,9980,4576,5404
rus89_reg1.html,Смоленская область,Кардымовский район,0,13505,6071,7434,4908,2271,2637,8597,3800,4797
rus89_reg1.html,Смоленская область,Краснинский район,0,18758,8512,10246,5087,2371,2716,13671,6141,7530
rus89_reg1.html,Смоленская область,Монастырщинский район,0,17559,7996,9563,5166,2345,2821,12393,5651,6742
rus89_reg1.html,Смоленская область,Новодугинский район,0,14240,6810,7430,4153,1944,2209,10087,4866,5221
rus89_reg1.html,Смоленская область,Починковский район,0,44162,20180,23982,10753,4861,5892,33409,15319,18090
rus89_reg1.html,Смоленская область,Рославльский район,0,61000,30555,30445,36699,19370,17329,24301,11185,13116
rus89_reg1.html,Смоленская область,Руднянский район,0,34724,15446,19278,15639,7024,8615,19085,8422,10663
rus89_reg1.html,Смоленская область,Сафоновский район,0,17115,7721,9394,2728,1218,1510,14387,6503,7884
rus89_reg1.html,Смоленская область,Смоленский район (сельское население),0,50620,22776,27844,,,,50620,22776,27844
rus89_reg1.html,Смоленская область,Сычевский район,0,18847,9202,9645,9643,4910,4733,9204,4292,4912
rus89_reg1.html,Смоленская область,Темкинский район (сельское население),0,8160,3785,4375,,,,8160,3785,4375
rus89_reg1.html,Смоленская область,Угранский район,0,14005,6294,7711,5059,2338,2721,8946,3956,4990
rus89_reg1.html,Смоленская область,Хиславичский район,0,15071,6795,8276,5013,2287,2726,10058,4508,5550
rus89_reg1.html,Смоленская область,Холм-Жирковский район,0,15966,7266,8700,3666,1677,1989,12300,5589,6711
rus89_reg1.html,Смоленская область,Шумячский район,0,17678,7964,9714,5724,2637,3087,11954,5327,6627
rus89_reg1.html,Смоленская область,Ярцевский район (сельское население),0,10767,4740,6027,,,,10767,4740,6027
