raion,highway_class,length_km
BY-HM,primary,272.244
BY-HM,primary_link,31.027
BY-HM,secondary,242.834
BY-HM,secondary_link,3.167
BY-HM,tertiary,160.684
BY-HM,tertiary_link,0.533
BY-HM,trunk,70.687
BY-HM,trunk_link,27.014
r-akciabrski,primary,67.264
r-akciabrski,secondary,115.22
r-akciabrski,tertiary,203.252
r-arshanski,motorway,50.48
r-arshanski,motorway_link,12.22
r-arshanski,primary,170.427
r-arshanski,primary_link,0.351
r-arshanski,secondary,23.207
r-arshanski,tertiary,604.802
r-arshanski,tertiary_link,0.339
r-arshanski,trunk,80.326
r-arshanski,trunk_link,11.522
r-ashmianski,primary,73.062
r-ashmianski,secondary,118.292
r-ashmianski,tertiary,469.371
r-ashmianski,trunk,41.645
r-ashmianski,trunk_link,2.588
r-asipovicki,primary,140.358
r-asipovicki,primary_link,0.79
r-asipovicki,secondary,51.862
r-asipovicki,secondary_link,0.03
r-asipovicki,tertiary,302.372
r-asipovicki,tertiary_link,0.035
r-asipovicki,trunk,101.844
r-asipovicki,trunk_link,7.648
r-astraviecki,primary,117.75
r-astraviecki,primary_link,0.46
r-astraviecki,secondary,96.572
r-astraviecki,tertiary,543.207
r-astraviecki,tertiary_link,0.303
r-babrujski,primary,162.377
r-babrujski,primary_link,6.675
r-babrujski,secondary,63.312
r-babrujski,secondary_link,2.148
r-babrujski,tertiary,452.062
r-babrujski,tertiary_link,0.054
r-babrujski,trunk,122.103
r-babrujski,trunk_link,24.286
r-baranavicki,motorway,140.726
r-baranavicki,motorway_link,11.243
r-baranavicki,primary,182.414
r-baranavicki,primary_link,1.356
r-baranavicki,secondary,153.445
r-baranavicki,secondary_link,0.978
r-baranavicki,tertiary,566.592
r-baranavicki,tertiary_link,0.226
r-barysauski,motorway,87.275
r-barysauski,motorway_link,10.841
r-barysauski,primary,149.919
r-barysauski,primary_link,3.087
r-barysauski,secondary,159.258
r-barysauski,secondary_link,0.054
r-barysauski,tertiary,589.998
r-barysauski,tertiary_link,0.757
r-bialynicki,primary,70.286
r-bialynicki,primary_link,1.049
r-bialynicki,secondary,24.033
r-bialynicki,tertiary,321.788
r-bialynicki,trunk,94.959
r-bialynicki,trunk_link,9.958
r-biarezinski,primary,113.388
r-biarezinski,primary_link,0.042
r-biarezinski,secondary,23.289
r-biarezinski,tertiary,466.342
r-biarezinski,tertiary_link,0.122
r-biarezinski,trunk,88.734
r-biarezinski,trunk_link,11.175
r-biarozauski,motorway,76.175
r-biarozauski,motorway_link,8.085
r-biarozauski,primary,119.483
r-biarozauski,primary_link,0.833
r-biarozauski,secondary,26.592
r-biarozauski,secondary_link,0.142
r-biarozauski,tertiary,377.193
r-biarozauski,tertiary_link,0.341
r-bierastavicki,primary,91.115
r-bierastavicki,primary_link,0.226
r-bierastavicki,secondary,14.173
r-bierastavicki,secondary_link,0.026
r-bierastavicki,tertiary,309.588
r-bierastavicki,tertiary_link,0.03
r-bieshankovicki,primary,84.776
r-bieshankovicki,secondary,15.755
r-bieshankovicki,tertiary,369.367
r-bieshankovicki,trunk,61.439
r-bieshankovicki,trunk_link,0.202
r-brahinski,primary,100.931
r-brahinski,primary_link,0.034
r-brahinski,secondary,27.61
r-brahinski,tertiary,248.566
r-brahinski,tertiary_link,0.082
r-braslauski,primary,133.163
r-braslauski,primary_link,0.108
r-braslauski,secondary,88.057
r-braslauski,tertiary,683.136
r-braslauski,tertiary_link,0.118
r-brescki,primary,156.545
r-brescki,primary_link,4.839
r-brescki,secondary,120.464
r-brescki,secondary_link,0.229
r-brescki,tertiary,478.11
r-brescki,tertiary_link,0.897
r-brescki,trunk,148.59
r-brescki,trunk_link,13.593
r-buda-kashalouski,primary,68.536
r-buda-kashalouski,primary_link,0.065
r-buda-kashalouski,tertiary,332.997
r-buda-kashalouski,tertiary_link,0.334
r-buda-kashalouski,trunk,106.813
r-buda-kashalouski,trunk_link,6.259
r-bychauski,primary,142.38
r-bychauski,primary_link,0.065
r-bychauski,secondary,21.644
r-bychauski,tertiary,327.266
r-bychauski,trunk,39.156
r-chacherski,primary,81.155
r-chacherski,tertiary,223.511
r-chacherski,trunk,14.589
r-chashnicki,primary,128.266
r-chashnicki,primary_link,0.076
r-chashnicki,secondary,33.251
r-chashnicki,tertiary,383.411
r-chashnicki,tertiary_link,0.084
r-chavuski,primary,121.396
r-chavuski,primary_link,0.144
r-chavuski,tertiary,353.885
r-chervienski,primary,51.268
r-chervienski,primary_link,0.033
r-chervienski,secondary,53.969
r-chervienski,tertiary,419.353
r-chervienski,tertiary_link,0.104
r-chervienski,trunk,104.027
r-chervienski,trunk_link,10.214
r-cherykauski,primary,89.822
r-cherykauski,primary_link,0.034
r-cherykauski,secondary,8.816
r-cherykauski,tertiary,147.782
r-chocimski,primary,58.895
r-chocimski,primary_link,0.045
r-chocimski,secondary,1.859
r-chocimski,tertiary,199.771
r-chojnicki,primary,64.075
r-chojnicki,primary_link,0.125
r-chojnicki,secondary,10.958
r-chojnicki,tertiary,271.466
r-chojnicki,tertiary_link,0.053
r-dobrushski,primary,74.445
r-dobrushski,primary_link,0.592
r-dobrushski,secondary,5.882
r-dobrushski,tertiary,259.89
r-dobrushski,trunk,31.538
r-dobrushski,trunk_link,0.037
r-dokshycki,primary,187.354
r-dokshycki,primary_link,0.042
r-dokshycki,secondary,30.069
r-dokshycki,secondary_link,0.161
r-dokshycki,tertiary,397.649
r-dokshycki,tertiary_link,1.577
r-dokshycki,trunk,31.801
r-drahichynski,primary,33.738
r-drahichynski,secondary,146.373
r-drahichynski,secondary_link,0.277
r-drahichynski,tertiary,499.96
r-drahichynski,tertiary_link,0.311
r-drahichynski,trunk,43.899
r-drahichynski,trunk_link,0.099
r-drybinski,primary,58.003
r-drybinski,secondary,17.849
r-drybinski,tertiary,121.918
r-dubrovienski,primary,50.679
r-dubrovienski,secondary,54.223
r-dubrovienski,tertiary,290.424
r-dubrovienski,trunk,79.348
r-dubrovienski,trunk_link,4.987
r-dziarzhynski,motorway,78.488
r-dziarzhynski,motorway_link,5.004
r-dziarzhynski,primary,73.582
r-dziarzhynski,primary_link,2.031
r-dziarzhynski,secondary,79.138
r-dziarzhynski,secondary_link,0.306
r-dziarzhynski,tertiary,514.42
r-dziarzhynski,tertiary_link,1.493
r-dziarzhynski,trunk,79.828
r-dziarzhynski,trunk_link,9.024
r-dziatlauski,primary,69.592
r-dziatlauski,primary_link,1.514
r-dziatlauski,secondary,19.274
r-dziatlauski,secondary_link,0.095
r-dziatlauski,tertiary,561.265
r-dziatlauski,tertiary_link,0.163
r-dziatlauski,trunk,43.817
r-hancavicki,primary,77.243
r-hancavicki,primary_link,0.327
r-hancavicki,secondary,83.215
r-hancavicki,tertiary,137.237
r-haradocki,primary,41.07
r-haradocki,secondary,35.941
r-haradocki,tertiary,691.329
r-haradocki,trunk,73.357
r-haradocki,trunk_link,0.294
r-hluski,primary,98.392
r-hluski,secondary,24.944
r-hluski,tertiary,293.515
r-hluski,tertiary_link,0.07
r-hlybocki,primary,103.306
r-hlybocki,primary_link,0.082
r-hlybocki,secondary,54.804
r-hlybocki,secondary_link,0.09
r-hlybocki,tertiary,448.783
r-homielski,primary,154.501
r-homielski,primary_link,5.813
r-homielski,secondary,94.055
r-homielski,secondary_link,0.151
r-homielski,tertiary,499.763
r-homielski,tertiary_link,0.57
r-homielski,trunk,172.337
r-homielski,trunk_link,10.964
r-horacki,primary,129.965
r-horacki,primary_link,0.035
r-horacki,secondary,43.365
r-horacki,tertiary,320.717
r-hrodzienski,primary,278.212
r-hrodzienski,primary_link,15.284
r-hrodzienski,secondary,143.612
r-hrodzienski,secondary_link,1.962
r-hrodzienski,tertiary,916.72
r-hrodzienski,tertiary_link,1.791
r-hrodzienski,trunk,113.113
r-hrodzienski,trunk_link,20.609
r-iujeuski,primary,87.935
r-iujeuski,primary_link,0.483
r-iujeuski,secondary,47.644
r-iujeuski,tertiary,597.373
r-iujeuski,tertiary_link,0.122
r-iujeuski,trunk,111.012
r-iujeuski,trunk_link,8.161
r-ivacevicki,motorway,94.646
r-ivacevicki,motorway_link,9.505
r-ivacevicki,primary,135.883
r-ivacevicki,primary_link,1.067
r-ivacevicki,secondary,12.098
r-ivacevicki,tertiary,388.612
r-ivacevicki,tertiary_link,0.199
r-ivacevicki,trunk,22.363
r-ivacevicki,trunk_link,0.164
r-ivanauski,primary,37.91
r-ivanauski,primary_link,0.047
r-ivanauski,secondary,58.967
r-ivanauski,secondary_link,0.215
r-ivanauski,tertiary,443.926
r-ivanauski,tertiary_link,0.476
r-ivanauski,trunk,28.736
r-ivanauski,trunk_link,0.679
r-jelski,primary,103.536
r-jelski,primary_link,0.029
r-jelski,secondary,53.637
r-jelski,tertiary,177.194
r-jelski,trunk,10.163
r-kalinkavicki,primary,101.847
r-kalinkavicki,primary_link,1.878
r-kalinkavicki,secondary,86.483
r-kalinkavicki,secondary_link,0.113
r-kalinkavicki,tertiary,476.678
r-kalinkavicki,tertiary_link,0.022
r-kalinkavicki,trunk,63.918
r-kalinkavicki,trunk_link,5.429
r-kamianiecki,primary,240.094
r-kamianiecki,primary_link,3.446
r-kamianiecki,secondary,82.185
r-kamianiecki,secondary_link,0.266
r-kamianiecki,tertiary,576.821
r-kamianiecki,tertiary_link,0.286
r-kapylski,primary,137.723
r-kapylski,primary_link,0.026
r-kapylski,secondary,193.671
r-kapylski,tertiary,540.826
r-karelicki,motorway,10.462
r-karelicki,motorway_link,0.767
r-karelicki,primary,50.613
r-karelicki,primary_link,0.16
r-karelicki,secondary,29.998
r-karelicki,secondary_link,0.021
r-karelicki,tertiary,434.764
r-karmianski,primary,36.371
r-karmianski,primary_link,0.068
r-karmianski,tertiary,218.633
r-kasciukovicki,primary,102.982
r-kasciukovicki,primary_link,0.451
r-kasciukovicki,secondary,8.031
r-kasciukovicki,tertiary,311.916
r-kirauski,primary,85.389
r-kirauski,primary_link,0.133
r-kirauski,secondary,41.793
r-kirauski,tertiary,286.405
r-kirauski,tertiary_link,0.08
r-kirauski,trunk,34.206
r-kirauski,trunk_link,1.862
r-klecki,primary,79.938
r-klecki,secondary,116.549
r-klecki,tertiary,256.652
r-klichauski,primary,80.219
r-klichauski,tertiary,387.606
r-klimavicki,primary,99.474
r-klimavicki,primary_link,0.318
r-klimavicki,tertiary,425.822
r-klimavicki,tertiary_link,1.382
r-klimavicki,trunk,3.445
r-kobrynski,motorway,60.541
r-kobrynski,motorway_link,3.853
r-kobrynski,primary,140.663
r-kobrynski,primary_link,1.27
r-kobrynski,secondary,68.392
r-kobrynski,tertiary,454.869
r-kobrynski,tertiary_link,0.73
r-kobrynski,trunk,88.85
r-kobrynski,trunk_link,14.177
r-krasnapolski,primary,62.927
r-krasnapolski,secondary,18.543
r-krasnapolski,tertiary,206.802
r-krasnapolski,tertiary_link,0.062
r-kruhlanski,primary,61.703
r-kruhlanski,tertiary,254.754
r-krupski,motorway,76.851
r-krupski,motorway_link,10.343
r-krupski,primary,90.941
r-krupski,primary_link,0.217
r-krupski,secondary,67.541
r-krupski,tertiary,458.857
r-krupski,tertiary_link,0.13
r-krychauski,primary,44.956
r-krychauski,secondary,23.16
r-krychauski,tertiary,224.404
r-lachavicki,primary,81.635
r-lachavicki,primary_link,0.543
r-lachavicki,secondary,11.46
r-lachavicki,tertiary,352.685
r-lachavicki,tertiary_link,0.09
r-lahojski,primary,162.714
r-lahojski,primary_link,0.586
r-lahojski,secondary,66.322
r-lahojski,secondary_link,0.089
r-lahojski,tertiary,611.581
r-lahojski,tertiary_link,0.662
r-lahojski,trunk,99.297
r-lahojski,trunk_link,11.95
r-lelchycki,primary,144.25
r-lelchycki,primary_link,0.102
r-lelchycki,secondary,30.173
r-lelchycki,tertiary,314.912
r-lelchycki,tertiary_link,0.342
r-lepielski,primary,113.315
r-lepielski,secondary,25.998
r-lepielski,tertiary,352.104
r-lepielski,trunk,69.699
r-lidski,primary,95.394
r-lidski,primary_link,1.951
r-lidski,secondary,82.439
r-lidski,secondary_link,0.282
r-lidski,tertiary,618.421
r-lidski,tertiary_link,0.162
r-lidski,trunk,156.946
r-lidski,trunk_link,10.498
r-lojeuski,primary,53.53
r-lojeuski,secondary,14.044
r-lojeuski,tertiary,233.951
r-lojeuski,trunk,3.748
r-loznienski,primary,36.499
r-loznienski,secondary,51.041
r-loznienski,tertiary,375.981
r-loznienski,trunk,44.384
r-loznienski,trunk_link,0.095
r-lubanski,primary,98.179
r-lubanski,secondary,186.673
r-lubanski,tertiary,310.404
r-lubanski,tertiary_link,0.062
r-luniniecki,primary,56.852
r-luniniecki,primary_link,1.062
r-luniniecki,secondary,159.275
r-luniniecki,tertiary,365.025
r-luniniecki,tertiary_link,0.305
r-luniniecki,trunk,73.377
r-luniniecki,trunk_link,3.908
r-mahilouski,primary,293.312
r-mahilouski,primary_link,6.928
r-mahilouski,secondary,129.307
r-mahilouski,secondary_link,2.004
r-mahilouski,tertiary,486.827
r-mahilouski,tertiary_link,0.201
r-mahilouski,trunk,116.665
r-mahilouski,trunk_link,18.75
r-maladziechanski,primary,92.126
r-maladziechanski,primary_link,2.062
r-maladziechanski,secondary,73.71
r-maladziechanski,secondary_link,0.179
r-maladziechanski,tertiary,561.867
r-maladziechanski,tertiary_link,0.767
r-malarycki,primary,19.99
r-malarycki,secondary,94.614
r-malarycki,secondary_link,0.048
r-malarycki,tertiary,357.306
r-malarycki,trunk,59.159
r-malarycki,trunk_link,0.387
r-mastouski,primary,156.314
r-mastouski,primary_link,0.216
r-mastouski,secondary,8.647
r-mastouski,secondary_link,0.032
r-mastouski,tertiary,416.896
r-mastouski,tertiary_link,0.058
r-mazyrski,primary,89.004
r-mazyrski,primary_link,5.352
r-mazyrski,secondary,71.999
r-mazyrski,secondary_link,0.927
r-mazyrski,tertiary,330.78
r-miadzielski,primary,190.134
r-miadzielski,primary_link,0.216
r-miadzielski,secondary,101.027
r-miadzielski,secondary_link,0.092
r-miadzielski,tertiary,541.567
r-miadzielski,tertiary_link,0.454
r-mijorski,primary,120.675
r-mijorski,primary_link,0.031
r-mijorski,secondary,87.167
r-mijorski,tertiary,423.652
r-mijorski,tertiary_link,0.454
r-minski,motorway,69.522
r-minski,motorway_link,13.676
r-minski,primary,111.593
r-minski,primary_link,5.321
r-minski,secondary,395.9
r-minski,secondary_link,3.828
r-minski,tertiary,798.874
r-minski,tertiary_link,1.821
r-minski,trunk,450.349
r-minski,trunk_link,95.909
r-mscislauski,primary,137.9
r-mscislauski,secondary,20.382
r-mscislauski,tertiary,366.239
r-naraulanski,primary,76.057
r-naraulanski,primary_link,0.094
r-naraulanski,secondary,13.082
r-naraulanski,tertiary,187.374
r-naraulanski,tertiary_link,0.149
r-navahrudski,primary,130.772
r-navahrudski,primary_link,0.838
r-navahrudski,secondary,50.298
r-navahrudski,secondary_link,0.026
r-navahrudski,tertiary,518.597
r-navahrudski,tertiary_link,0.482
r-niasvizhski,motorway,20.837
r-niasvizhski,motorway_link,1.089
r-niasvizhski,primary,111.375
r-niasvizhski,primary_link,0.297
r-niasvizhski,secondary,12.452
r-niasvizhski,tertiary,354.246
r-niasvizhski,tertiary_link,0.099
r-pastauski,primary,151.558
r-pastauski,primary_link,0.358
r-pastauski,secondary,92.563
r-pastauski,secondary_link,0.265
r-pastauski,tertiary,713.468
r-pastauski,tertiary_link,3.091
r-pietrykauski,secondary,273.75
r-pietrykauski,secondary_link,0.147
r-pietrykauski,tertiary,220.835
r-pietrykauski,tertiary_link,0.093
r-pietrykauski,trunk,60.901
r-pinski,primary,200.078
r-pinski,primary_link,0.306
r-pinski,secondary,122.174
r-pinski,tertiary,592.236
r-pinski,tertiary_link,0.286
r-pinski,trunk,56.426
r-pinski,trunk_link,4.41
r-polacki,primary,241.46
r-polacki,primary_link,7.87
r-polacki,secondary,105.352
r-polacki,secondary_link,1.252
r-polacki,tertiary,760.977
r-polacki,tertiary_link,0.249
r-pruzhanski,primary,290.215
r-pruzhanski,primary_link,0.19
r-pruzhanski,secondary,49.718
r-pruzhanski,secondary_link,0.071
r-pruzhanski,tertiary,488.936
r-pruzhanski,tertiary_link,0.083
r-puchavicki,primary,134.439
r-puchavicki,primary_link,0.096
r-puchavicki,secondary,16.868
r-puchavicki,tertiary,672.421
r-puchavicki,tertiary_link,0.205
r-puchavicki,trunk,94.162
r-puchavicki,trunk_link,7.229
r-rahachouski,primary,111.244
r-rahachouski,primary_link,0.252
r-rahachouski,secondary,38.948
r-rahachouski,tertiary,396.015
r-rahachouski,tertiary_link,0.04
r-rahachouski,trunk,59.759
r-rahachouski,trunk_link,1.452
r-rasonski,primary,120.747
r-rasonski,secondary,26.765
r-rasonski,tertiary,316.512
r-rechycki,primary,94.86
r-rechycki,secondary,41.704
r-rechycki,tertiary,527.195
r-rechycki,tertiary_link,0.146
r-rechycki,trunk,100.377
r-rechycki,trunk_link,4.82
r-salihorski,primary,80.297
r-salihorski,primary_link,0.346
r-salihorski,secondary,242.315
r-salihorski,secondary_link,0.468
r-salihorski,tertiary,462.136
r-salihorski,tertiary_link,0.082
r-salihorski,trunk,10.309
r-salihorski,trunk_link,0.754
r-sharkoushchynski,primary,82.21
r-sharkoushchynski,primary_link,0.037
r-sharkoushchynski,secondary,65.979
r-sharkoushchynski,tertiary,271.587
r-shchuchynski,primary,90.444
r-shchuchynski,primary_link,0.79
r-shchuchynski,secondary,135.325
r-shchuchynski,secondary_link,0.152
r-shchuchynski,tertiary,675.484
r-shchuchynski,tertiary_link,0.015
r-shchuchynski,trunk,78.879
r-shchuchynski,trunk_link,3.93
r-shklouski,primary,132.162
r-shklouski,primary_link,0.157
r-shklouski,secondary,25.023
r-shklouski,tertiary,327.896
r-shklouski,trunk,36.495
r-shklouski,trunk_link,3.57
r-shumilinski,primary,82.354
r-shumilinski,primary_link,0.281
r-shumilinski,secondary,83.066
r-shumilinski,tertiary,343.125
r-shumilinski,tertiary_link,0.035
r-siennienski,primary,171.443
r-siennienski,primary_link,0.185
r-siennienski,tertiary,630.223
r-siennienski,tertiary_link,0.03
r-siennienski,trunk,13.836
r-siennienski,trunk_link,0.11
r-slauharadski,primary,95.113
r-slauharadski,primary_link,1.463
r-slauharadski,secondary,42.074
r-slauharadski,secondary_link,0.14
r-slauharadski,tertiary,162.852
r-slauharadski,tertiary_link,0.415
r-slonimski,primary,90.933
r-slonimski,primary_link,1.726
r-slonimski,secondary,62.479
r-slonimski,secondary_link,0.113
r-slonimski,tertiary,438.827
r-slonimski,trunk,43.097
r-slonimski,trunk_link,0.782
r-slucki,primary,85.059
r-slucki,primary_link,1.108
r-slucki,secondary,223.735
r-slucki,tertiary,431.328
r-slucki,trunk,109.061
r-slucki,trunk_link,8.959
r-smalavicki,motorway,90.016
r-smalavicki,motorway_link,5.432
r-smalavicki,primary,137.185
r-smalavicki,primary_link,8.293
r-smalavicki,secondary,100.636
r-smalavicki,secondary_link,1.482
r-smalavicki,tertiary,450.868
r-smalavicki,tertiary_link,3.405
r-smalavicki,trunk,53.44
r-smalavicki,trunk_link,13.648
r-smarhonski,primary,129.785
r-smarhonski,secondary,41.232
r-smarhonski,tertiary,646.679
r-smarhonski,tertiary_link,3.538
r-smarhonski,trunk,21.607
r-smarhonski,trunk_link,1.657
r-staradarozhski,primary,101.826
r-staradarozhski,secondary,58.224
r-staradarozhski,tertiary,295.216
r-staubcouski,motorway,64.168
r-staubcouski,motorway_link,4.576
r-staubcouski,primary,115.641
r-staubcouski,primary_link,0.339
r-staubcouski,secondary,32.088
r-staubcouski,secondary_link,0.452
r-staubcouski,tertiary,543.905
r-stolinski,primary,113.3
r-stolinski,primary_link,0.175
r-stolinski,secondary,86.597
r-stolinski,tertiary,371.476
r-svietlahorski,primary,123.171
r-svietlahorski,primary_link,0.333
r-svietlahorski,secondary,36.512
r-svietlahorski,secondary_link,0.321
r-svietlahorski,tertiary,357.204
r-svietlahorski,tertiary_link,0.159
r-svislacki,primary,89.747
r-svislacki,primary_link,0.074
r-svislacki,secondary,20.544
r-svislacki,secondary_link,0.05
r-svislacki,tertiary,408.017
r-svislacki,tertiary_link,0.095
r-talachynski,motorway,93.075
r-talachynski,motorway_link,12.578
r-talachynski,primary,85.696
r-talachynski,primary_link,0.104
r-talachynski,secondary,74.372
r-talachynski,tertiary,283.132
r-talachynski,tertiary_link,0.252
r-ushacki,primary,126.705
r-ushacki,secondary,30.019
r-ushacki,tertiary,338.158
r-uzdzienski,primary,69.924
r-uzdzienski,primary_link,2.372
r-uzdzienski,secondary,19.435
r-uzdzienski,tertiary,484.45
r-uzdzienski,tertiary_link,0.119
r-uzdzienski,trunk,70.211
r-uzdzienski,trunk_link,4.994
r-valozhynski,primary,62.711
r-valozhynski,primary_link,0.225
r-valozhynski,secondary,89.012
r-valozhynski,tertiary,663.539
r-valozhynski,tertiary_link,0.135
r-valozhynski,trunk,174.983
r-valozhynski,trunk_link,21.477
r-vaukavyski,primary,157.485
r-vaukavyski,primary_link,1.539
r-vaukavyski,secondary,47.883
r-vaukavyski,secondary_link,0.024
r-vaukavyski,tertiary,477.462
r-vaukavyski,tertiary_link,0.236
r-viciebski,primary,283.987
r-viciebski,primary_link,11.275
r-viciebski,secondary,169.316
r-viciebski,secondary_link,0.816
r-viciebski,tertiary,590.947
r-viciebski,tertiary_link,0.549
r-viciebski,trunk,111.586
r-viciebski,trunk_link,14.871
r-vierchniadzvinski,primary,122.737
r-vierchniadzvinski,primary_link,0.421
r-vierchniadzvinski,secondary,91.142
r-vierchniadzvinski,tertiary,458.414
r-vierchniadzvinski,tertiary_link,0.03
r-vierchniadzvinski,trunk,1.439
r-vietkauski,primary,71.484
r-vietkauski,primary_link,0.027
r-vietkauski,secondary,39.325
r-vietkauski,tertiary,269.149
r-vilejski,primary,201.398
r-vilejski,primary_link,0.763
r-vilejski,secondary,155.022
r-vilejski,secondary_link,0.072
r-vilejski,tertiary,716.904
r-vilejski,tertiary_link,0.792
r-voranauski,primary,98.315
r-voranauski,primary_link,0.207
r-voranauski,secondary,63.776
r-voranauski,tertiary,587.133
r-voranauski,trunk,37.66
r-voranauski,trunk_link,0.097
r-zelvienski,primary,112.899
r-zelvienski,primary_link,0.433
r-zelvienski,secondary,7.865
r-zelvienski,tertiary,376.776
r-zelvienski,tertiary_link,0.141
r-zhabinkauski,primary,38.936
r-zhabinkauski,primary_link,0.195
r-zhabinkauski,secondary,22.456
r-zhabinkauski,tertiary,272.189
r-zhabinkauski,trunk,34.59
r-zhabinkauski,trunk_link,3.668
r-zhlobinski,primary,41.068
r-zhlobinski,primary_link,0.416
r-zhlobinski,secondary,73.251
r-zhlobinski,tertiary,456.881
r-zhlobinski,trunk,82.656
r-zhlobinski,trunk_link,8.707
r-zhytkavicki,primary,125.124
r-zhytkavicki,secondary,59.206
r-zhytkavicki,secondary_link,0.044
r-zhytkavicki,tertiary,317.023
r-zhytkavicki,tertiary_link,0.085
r-zhytkavicki,trunk,39.425
