raion,epoch,grid_sum,official,pct_diff,pass
r-baranavicki,1975,244811.4,184915.1,32.39,False
r-brescki,1975,218459.4,194538.2,12.3,False
r-biarozauski,1975,75124.6,68660.7,9.41,False
r-hancavicki,1975,36862.2,35802.4,2.96,True
r-drahichynski,1975,49223.3,62700.8,-21.49,False
r-zhabinkauski,1975,23648.8,25204.4,-6.17,False
r-ivanauski,1975,51666.6,60505.4,-14.61,False
r-ivacevicki,1975,70174.2,72192.6,-2.8,True
r-kamianiecki,1975,43107.1,49900.3,-13.61,False
r-kobrynski,1975,88216.0,76750.3,14.94,False
r-luniniecki,1975,78829.0,79746.2,-1.15,True
r-lachavicki,1975,37637.1,46159.1,-18.46,False
r-malarycki,1975,26525.2,31196.0,-14.97,False
r-pinski,1975,234069.3,165775.2,41.2,False
r-pruzhanski,1975,67729.4,76740.1,-11.74,False
r-stolinski,1975,87606.3,102083.0,-14.18,False
r-arshanski,1975,192617.9,173755.3,10.86,False
r-bieshankovicki,1975,26791.4,32594.4,-17.8,False
r-braslauski,1975,41158.9,45737.4,-10.01,False
r-vierchniadzvinski,1975,34419.5,36242.8,-5.03,False
r-viciebski,1975,358822.6,326867.4,9.78,False
r-haradocki,1975,39651.5,42306.7,-6.28,False
r-hlybocki,1975,55329.4,58313.0,-5.12,False
r-dokshycki,1975,39582.4,46275.3,-14.46,False
r-dubrovienski,1975,25911.7,30314.6,-14.52,False
r-loznienski,1975,24186.2,26821.3,-9.82,False
r-lepielski,1975,47238.8,42806.8,10.35,False
r-mijorski,1975,37952.4,41320.8,-8.15,False
r-pastauski,1975,54006.6,59979.3,-9.96,False
r-polacki,1975,343872.3,171969.2,99.96,False
r-rasonski,1975,17529.5,16529.0,6.05,False
r-siennienski,1975,40247.0,47161.6,-14.66,False
r-talachynski,1975,41439.6,46995.0,-11.82,False
r-ushacki,1975,24886.0,28391.6,-12.35,False
r-chashnicki,1975,46385.1,46935.0,-1.17,True
r-sharkoushchynski,1975,27335.7,28836.8,-5.21,False
r-shumilinski,1975,30590.0,27994.3,9.27,False
r-akciabrski,1975,21552.2,23105.0,-6.72,False
r-brahinski,1975,43322.2,48131.6,-9.99,False
r-buda-kashalouski,1975,45648.7,62419.1,-26.87,False
r-vietkauski,1975,21213.2,48006.8,-55.81,False
r-homielski,1975,444995.4,426209.9,4.41,False
r-dobrushski,1975,44761.9,61520.3,-27.24,False
r-jelski,1975,22335.1,27566.8,-18.98,False
r-zhlobinski,1975,99927.2,82395.0,21.28,False
r-zhytkavicki,1975,51519.8,58539.6,-11.99,False
r-kalinkavicki,1975,71517.0,84517.8,-15.38,False
r-karmianski,1975,19240.2,31374.9,-38.68,False
r-lelchycki,1975,32578.3,41070.7,-20.68,False
r-lojeuski,1975,19358.9,23291.1,-16.88,False
r-mazyrski,1975,122817.6,94327.2,30.2,False
r-naraulanski,1975,12079.7,30620.9,-60.55,False
r-pietrykauski,1975,47232.6,58826.9,-19.71,False
r-rahachouski,1975,72626.1,81931.7,-11.36,False
r-rechycki,1975,111421.4,116351.4,-4.24,False
r-svietlahorski,1975,95565.6,82415.8,15.96,False
r-chojnicki,1975,27025.1,52443.4,-48.47,False
r-chacherski,1975,18322.5,34728.8,-47.24,False
r-astraviecki,1975,32668.7,33597.6,-2.76,True
r-ashmianski,1975,39543.3,43182.0,-8.43,False
r-bierastavicki,1975,22966.4,24405.4,-5.9,False
r-vaukavyski,1975,88953.3,70520.4,26.14,False
r-voranauski,1975,41227.0,47215.2,-12.68,False
r-hrodzienski,1975,274155.9,247929.2,10.58,False
r-dziatlauski,1975,43702.4,52011.1,-15.97,False
r-zelvienski,1975,30239.2,34706.6,-12.87,False
r-iujeuski,1975,42401.1,53023.9,-20.03,False
r-karelicki,1975,36143.8,43735.4,-17.36,False
r-lidski,1975,150833.2,114670.3,31.54,False
r-mastouski,1975,45852.6,48628.8,-5.71,False
r-navahrudski,1975,64577.1,71336.9,-9.48,False
r-svislacki,1975,29240.7,34108.3,-14.27,False
r-slonimski,1975,77885.1,69686.1,11.77,False
r-smarhonski,1975,64539.8,53477.1,20.69,False
r-shchuchynski,1975,69763.4,84380.6,-17.32,False
r-barysauski,1975,218840.3,166385.7,31.53,False
r-biarezinski,1975,37126.6,41275.7,-10.05,False
r-valozhynski,1975,49603.4,67687.7,-26.72,False
r-vilejski,1975,69592.5,74706.8,-6.85,False
r-dziarzhynski,1975,57488.1,48996.8,17.33,False
r-kapylski,1975,46134.2,58099.6,-20.59,False
r-klecki,1975,43523.0,48868.2,-10.94,False
r-krupski,1975,37314.4,45171.2,-17.39,False
r-lahojski,1975,45295.8,51631.8,-12.27,False
r-lubanski,1975,45927.7,55756.0,-17.63,False
r-maladziechanski,1975,145568.7,122165.8,19.16,False
r-minski,1975,281935.4,139493.0,102.11,False
r-miadzielski,1975,41975.5,45842.1,-8.43,False
r-niasvizhski,1975,47797.9,51501.7,-7.19,False
r-puchavicki,1975,76446.7,73415.6,4.13,False
r-salihorski,1975,139617.3,113538.1,22.97,False
r-slucki,1975,105735.9,101120.1,4.56,False
r-smalavicki,1975,17145.2,78401.8,-78.13,False
r-staradarozhski,1975,27697.6,31288.8,-11.48,False
r-staubcouski,1975,49003.3,55542.9,-11.77,False
r-uzdzienski,1975,29969.2,29603.6,1.24,True
r-chervienski,1975,41139.7,48826.8,-15.74,False
r-asipovicki,1975,62776.2,61770.9,1.63,True
r-babrujski,1975,275323.1,213468.1,28.98,False
r-bychauski,1975,51725.3,65855.3,-21.46,False
r-bialynicki,1975,30299.0,35361.0,-14.32,False
r-hluski,1975,25519.5,29073.1,-12.22,False
r-horacki,1975,86866.7,70290.7,23.58,False
r-drybinski,1975,18618.0,,,
r-kasciukovicki,1975,36090.4,42684.9,-15.45,False
r-kirauski,1975,31272.9,34395.9,-9.08,False
r-klimavicki,1975,38599.6,43625.3,-11.52,False
r-klichauski,1975,26110.4,30224.8,-13.61,False
r-krasnapolski,1975,15907.6,28940.2,-45.03,False
r-kruhlanski,1975,21051.4,21708.4,-3.03,False
r-krychauski,1975,42858.4,45192.9,-5.17,False
r-mahilouski,1975,329550.8,314788.0,4.69,False
r-mscislauski,1975,36219.7,39121.1,-7.42,False
r-slauharadski,1975,19093.2,28321.2,-32.58,False
r-chocimski,1975,19961.3,20500.9,-2.63,True
r-chavuski,1975,31173.5,35836.8,-13.01,False
r-cherykauski,1975,18822.4,25244.2,-25.44,False
r-shklouski,1975,45228.8,52991.9,-14.65,False
BY-HM,1975,1029438.2,1104195.7,-6.77,False
r-baranavicki,1980,243420.0,195596.4,24.45,False
r-brescki,1980,256345.3,227215.4,12.82,False
r-biarozauski,1980,74604.9,69782.9,6.91,False
r-hancavicki,1980,36559.9,36424.6,0.37,True
r-drahichynski,1980,48863.7,59664.4,-18.1,False
r-zhabinkauski,1980,23496.3,25189.9,-6.72,False
r-ivanauski,1980,51212.3,57692.4,-11.23,False
r-ivacevicki,1980,69586.4,70729.2,-1.62,True
r-kamianiecki,1980,42805.1,46949.7,-8.83,False
r-kobrynski,1980,87648.2,79066.3,10.85,False
r-luniniecki,1980,78275.8,81490.9,-3.95,False
r-lachavicki,1980,37297.1,43782.1,-14.81,False
r-malarycki,1980,26358.0,30347.1,-13.15,False
r-pinski,1980,232653.8,175402.7,32.64,False
r-pruzhanski,1980,67140.2,74041.5,-9.32,False
r-stolinski,1980,86990.4,99633.9,-12.69,False
r-arshanski,1980,187763.9,175391.6,7.05,False
r-bieshankovicki,1980,26053.4,29977.7,-13.09,False
r-braslauski,1980,40044.3,41951.6,-4.55,False
r-vierchniadzvinski,1980,33495.5,34317.6,-2.4,True
r-viciebski,1980,395802.3,361092.6,9.61,False
r-haradocki,1980,38537.5,40093.3,-3.88,False
r-hlybocki,1980,53846.2,56063.4,-3.95,False
r-dokshycki,1980,38469.2,42583.0,-9.66,False
r-dubrovienski,1980,25192.6,28014.2,-10.07,False
r-loznienski,1980,23529.6,25057.8,-6.1,False
r-lepielski,1980,45984.6,41088.3,11.92,False
r-mijorski,1980,36879.6,38275.8,-3.65,False
r-pastauski,1980,52561.1,56950.0,-7.71,False
r-polacki,1980,335607.7,186134.0,80.3,False
r-rasonski,1980,17037.7,16008.0,6.43,False
r-siennienski,1980,39128.4,43756.9,-10.58,False
r-talachynski,1980,40302.0,43887.2,-8.17,False
r-ushacki,1980,24171.3,26027.5,-7.13,False
r-chashnicki,1980,45169.2,46221.6,-2.28,True
r-sharkoushchynski,1980,26585.3,27527.0,-3.42,False
r-shumilinski,1980,29719.4,27117.9,9.59,False
r-akciabrski,1980,21306.4,21818.9,-2.35,True
r-brahinski,1980,43226.0,42928.9,0.69,True
r-buda-kashalouski,1980,45174.5,57292.0,-21.15,False
r-vietkauski,1980,21001.9,43367.0,-51.57,False
r-homielski,1980,515821.0,486413.2,6.05,False
r-dobrushski,1980,44309.6,58171.4,-23.83,False
r-jelski,1980,22098.0,27580.9,-19.88,False
r-zhlobinski,1980,99175.5,84067.2,17.97,False
r-zhytkavicki,1980,50943.3,55945.4,-8.94,False
r-kalinkavicki,1980,70849.8,81992.5,-13.59,False
r-karmianski,1980,19036.0,29418.2,-35.29,False
r-lelchycki,1980,32296.6,38291.0,-15.65,False
r-lojeuski,1980,19133.4,22050.1,-13.23,False
r-mazyrski,1980,121899.5,106235.4,14.74,False
r-naraulanski,1980,11977.0,28174.8,-57.49,False
r-pietrykauski,1980,46675.8,54949.4,-15.06,False
r-rahachouski,1980,71913.8,88498.1,-18.74,False
r-rechycki,1980,110456.0,110769.7,-0.28,True
r-svietlahorski,1980,94731.9,86938.6,8.96,False
r-chojnicki,1980,26759.9,49346.9,-45.77,False
r-chacherski,1980,18134.6,32185.9,-43.66,False
r-astraviecki,1980,31904.9,31596.0,0.98,True
r-ashmianski,1980,38669.4,42276.2,-8.53,False
r-bierastavicki,1980,22447.9,23064.5,-2.67,True
r-vaukavyski,1980,87017.1,72047.1,20.78,False
r-voranauski,1980,40260.7,45164.7,-10.86,False
r-hrodzienski,1980,316999.5,280053.0,13.19,False
r-dziatlauski,1980,42637.1,48147.9,-11.45,False
r-zelvienski,1980,29482.6,32523.5,-9.35,False
r-iujeuski,1980,41368.3,48526.5,-14.75,False
r-karelicki,1980,35242.0,40218.3,-12.37,False
r-lidski,1980,147661.5,123551.2,19.51,False
r-mastouski,1980,44778.1,46048.9,-2.76,True
r-navahrudski,1980,63085.1,67108.9,-6.0,False
r-svislacki,1980,28533.0,32183.9,-11.34,False
r-slonimski,1980,76210.2,69967.2,8.92,False
r-smarhonski,1980,63185.8,53925.7,17.17,False
r-shchuchynski,1980,68095.4,79062.6,-13.87,False
r-barysauski,1980,216166.8,176526.0,22.46,False
r-biarezinski,1980,36476.0,38551.4,-5.38,False
r-valozhynski,1980,48828.0,61529.7,-20.64,False
r-vilejski,1980,68479.3,73329.3,-6.61,False
r-dziarzhynski,1980,56716.3,51958.1,9.16,False
r-kapylski,1980,45404.1,52958.6,-14.26,False
r-klecki,1980,42825.3,46553.0,-8.01,False
r-krupski,1980,36690.9,41602.9,-11.81,False
r-lahojski,1980,44614.9,48238.0,-7.51,False
r-lubanski,1980,45169.9,52601.2,-14.13,False
r-maladziechanski,1980,143515.2,132507.2,8.31,False
r-minski,1980,294755.1,148256.9,98.81,False
r-miadzielski,1980,41275.2,43782.0,-5.73,False
r-niasvizhski,1980,47085.1,50702.2,-7.13,False
r-puchavicki,1980,75347.9,72523.4,3.89,False
r-salihorski,1980,137796.1,124722.5,10.48,False
r-slucki,1980,104232.6,101914.2,2.27,True
r-smalavicki,1980,17255.7,84375.2,-79.55,False
r-staradarozhski,1980,27274.4,29724.8,-8.24,False
r-staubcouski,1980,48280.6,52905.7,-8.74,False
r-uzdzienski,1980,29467.0,28137.3,4.73,False
r-chervienski,1980,40509.6,46288.5,-12.48,False
r-asipovicki,1980,61102.9,60897.5,0.34,True
r-babrujski,1980,268330.8,234181.6,14.58,False
r-bychauski,1980,50229.4,60317.3,-16.72,False
r-bialynicki,1980,29450.1,33109.9,-11.05,False
r-hluski,1980,24765.7,25997.0,-4.74,False
r-horacki,1980,84171.3,67462.3,24.77,False
r-drybinski,1980,18085.0,,,
r-kasciukovicki,1980,35076.0,38678.8,-9.31,False
r-kirauski,1980,30433.0,31767.3,-4.2,False
r-klimavicki,1980,37495.8,40327.1,-7.02,False
r-klichauski,1980,25365.3,27315.1,-7.14,False
r-krasnapolski,1980,15457.5,25771.8,-40.02,False
r-kruhlanski,1980,20469.8,20142.5,1.62,True
r-krychauski,1980,41712.5,45401.2,-8.12,False
r-mahilouski,1980,380300.6,355112.4,7.09,False
r-mscislauski,1980,35169.8,35299.8,-0.37,True
r-slauharadski,1980,18571.2,26451.4,-29.79,False
r-chocimski,1980,19381.8,19290.9,0.47,True
r-chavuski,1980,30281.9,33331.5,-9.15,False
r-cherykauski,1980,18345.5,23555.2,-22.12,False
r-shklouski,1980,43932.8,48397.7,-9.23,False
BY-HM,1980,1207697.2,1294625.7,-6.71,False
r-baranavicki,1985,245136.7,205878.4,19.07,False
r-brescki,1985,298408.9,268112.4,11.3,False
r-biarozauski,1985,74925.4,69767.4,7.39,False
r-hancavicki,1985,36628.2,37357.6,-1.95,True
r-drahichynski,1985,48980.8,56471.4,-13.26,False
r-zhabinkauski,1985,23647.0,25559.4,-7.48,False
r-ivanauski,1985,51290.2,55069.4,-6.86,False
r-ivacevicki,1985,69715.9,69070.2,0.93,True
r-kamianiecki,1985,42985.4,45303.2,-5.12,False
r-kobrynski,1985,88178.5,84132.8,4.81,False
r-luniniecki,1985,78625.2,82165.4,-4.31,False
r-lachavicki,1985,37310.1,41612.6,-10.34,False
r-malarycki,1985,26477.3,29442.6,-10.07,False
r-pinski,1985,234112.8,184011.2,27.23,False
r-pruzhanski,1985,67167.4,71184.0,-5.64,False
r-stolinski,1985,87368.6,95288.4,-8.31,False
r-arshanski,1985,185052.3,179579.6,3.05,False
r-bieshankovicki,1985,25543.5,27656.2,-7.64,False
r-braslauski,1985,39307.6,38484.6,2.14,True
r-vierchniadzvinski,1985,32877.7,33160.6,-0.85,True
r-viciebski,1985,420850.0,387720.6,8.54,False
r-haradocki,1985,37750.8,39039.8,-3.3,False
r-hlybocki,1985,52882.1,53615.4,-1.37,True
r-dokshycki,1985,37685.2,39828.0,-5.38,False
r-dubrovienski,1985,24678.0,26470.2,-6.77,False
r-loznienski,1985,23094.9,24346.8,-5.14,False
r-lepielski,1985,45181.6,42624.8,6.0,False
r-mijorski,1985,36108.5,35619.8,1.37,True
r-pastauski,1985,51619.0,53090.0,-2.77,True
r-polacki,1985,331595.7,198489.0,67.06,False
r-rasonski,1985,16683.2,15663.0,6.51,False
r-siennienski,1985,38332.3,41331.4,-7.26,False
r-talachynski,1985,39518.3,42168.2,-6.28,False
r-ushacki,1985,23643.9,24565.0,-3.75,False
r-chashnicki,1985,44402.1,44694.6,-0.65,True
r-sharkoushchynski,1985,26065.9,26107.0,-0.16,True
r-shumilinski,1985,29109.3,27662.4,5.23,False
r-akciabrski,1985,21244.5,21148.4,0.45,True
r-brahinski,1985,43516.4,33613.4,29.46,False
r-buda-kashalouski,1985,45116.0,53852.0,-16.22,False
r-vietkauski,1985,21016.3,38897.0,-45.97,False
r-homielski,1985,578994.3,544974.2,6.24,False
r-dobrushski,1985,44316.2,55673.4,-20.4,False
r-jelski,1985,22071.1,26580.4,-16.96,False
r-zhlobinski,1985,99711.6,91908.2,8.49,False
r-zhytkavicki,1985,50847.1,54092.4,-6.0,False
r-kalinkavicki,1985,70959.7,80335.0,-11.67,False
r-karmianski,1985,19013.2,27599.2,-31.11,False
r-lelchycki,1985,32345.5,35866.0,-9.82,False
r-lojeuski,1985,19077.1,21140.6,-9.76,False
r-mazyrski,1985,122572.6,116467.4,5.24,False
r-naraulanski,1985,12013.4,24208.8,-50.38,False
r-pietrykauski,1985,46498.2,51786.4,-10.21,False
r-rahachouski,1985,71946.0,89003.6,-19.17,False
r-rechycki,1985,110780.2,111103.2,-0.29,True
r-svietlahorski,1985,95002.6,92301.6,2.93,True
r-chojnicki,1985,26765.5,43506.4,-38.48,False
r-chacherski,1985,18142.3,29620.4,-38.75,False
r-astraviecki,1985,31449.7,30646.0,2.62,True
r-ashmianski,1985,38209.8,40167.2,-4.87,False
r-bierastavicki,1985,22159.0,22042.0,0.53,True
r-vaukavyski,1985,86044.7,75442.6,14.05,False
r-voranauski,1985,39671.7,41823.2,-5.14,False
r-hrodzienski,1985,356989.8,314183.0,13.62,False
r-dziatlauski,1985,41932.9,45147.4,-7.12,False
r-zelvienski,1985,28943.9,30306.0,-4.49,False
r-iujeuski,1985,40678.1,44544.0,-8.68,False
r-karelicki,1985,34625.3,36794.8,-5.9,False
r-lidski,1985,146212.6,133162.2,9.8,False
r-mastouski,1985,44128.5,43998.4,0.3,True
r-navahrudski,1985,62224.5,64653.4,-3.76,False
r-svislacki,1985,28046.4,30548.4,-8.19,False
r-slonimski,1985,75398.6,70908.2,6.33,False
r-smarhonski,1985,62542.3,57164.2,9.41,False
r-shchuchynski,1985,67003.6,73310.6,-8.6,False
r-barysauski,1985,216535.6,188141.0,15.09,False
r-biarezinski,1985,36105.0,36843.4,-2.0,True
r-valozhynski,1985,48473.8,57553.2,-15.78,False
r-vilejski,1985,67990.1,70890.8,-4.09,False
r-dziarzhynski,1985,56700.8,55633.6,1.92,True
r-kapylski,1985,45043.5,48991.6,-8.06,False
r-klecki,1985,42497.2,44788.0,-5.11,False
r-krupski,1985,36375.9,38752.4,-6.13,False
r-lahojski,1985,44368.1,46138.0,-3.84,False
r-lubanski,1985,44834.2,49947.2,-10.24,False
r-maladziechanski,1985,143222.0,140503.2,1.94,True
r-minski,1985,307173.6,147636.4,108.06,False
r-miadzielski,1985,40924.6,42317.0,-3.29,False
r-niasvizhski,1985,46893.1,49458.2,-5.19,False
r-puchavicki,1985,75081.7,75000.4,0.11,True
r-salihorski,1985,137667.6,133420.0,3.18,False
r-slucki,1985,103910.5,103980.2,-0.07,True
r-smalavicki,1985,17856.8,93851.2,-80.97,False
r-staradarozhski,1985,27115.4,28533.8,-4.97,False
r-staubcouski,1985,48080.7,51244.2,-6.17,False
r-uzdzienski,1985,29275.2,27723.8,5.6,False
r-chervienski,1985,40283.1,43426.0,-7.24,False
r-asipovicki,1985,60114.1,61655.0,-2.5,True
r-babrujski,1985,264716.1,244704.6,8.18,False
r-bychauski,1985,49171.8,57513.8,-14.5,False
r-bialynicki,1985,28872.7,31534.4,-8.44,False
r-hluski,1985,24212.4,24212.0,0.0,True
r-horacki,1985,81996.2,65533.8,25.12,False
r-drybinski,1985,17703.8,,,
r-kasciukovicki,1985,34395.7,36452.8,-5.64,False
r-kirauski,1985,29883.8,30848.8,-3.13,False
r-klimavicki,1985,36777.3,38162.6,-3.63,False
r-klichauski,1985,24837.1,25775.6,-3.64,False
r-krasnapolski,1985,15149.3,23100.8,-34.42,False
r-kruhlanski,1985,20089.4,19515.0,2.94,True
r-krychauski,1985,41023.6,45327.2,-9.49,False
r-mahilouski,1985,414499.7,388034.4,6.82,False
r-mscislauski,1985,34434.5,33528.8,2.7,True
r-slauharadski,1985,18242.7,24973.4,-26.95,False
r-chocimski,1985,18963.0,18685.4,1.49,True
r-chavuski,1985,29658.1,32174.0,-7.82,False
r-cherykauski,1985,18048.1,22961.2,-21.4,False
r-shklouski,1985,43026.8,45611.2,-5.67,False
BY-HM,1985,1350857.2,1458409.2,-7.37,False
r-baranavicki,1990,249466.2,217002.0,14.96,False
r-brescki,1990,337074.6,310265.0,8.64,False
r-biarozauski,1990,75809.3,70677.5,7.26,False
r-hancavicki,1990,36876.8,37802.0,-2.45,True
r-drahichynski,1990,49305.5,53708.5,-8.2,False
r-zhabinkauski,1990,24052.0,25577.5,-5.96,False
r-ivanauski,1990,51639.7,52435.5,-1.52,True
r-ivacevicki,1990,70208.2,67721.5,3.67,False
r-kamianiecki,1990,43455.7,44243.0,-1.78,True
r-kobrynski,1990,89585.3,89443.0,0.16,True
r-luniniecki,1990,79587.7,82152.5,-3.12,False
r-lachavicki,1990,37451.0,39588.5,-5.4,False
r-malarycki,1990,26771.2,28559.5,-6.26,False
r-pinski,1990,237854.2,191549.0,24.17,False
r-pruzhanski,1990,67390.4,69199.0,-2.61,True
r-stolinski,1990,88411.4,91106.0,-2.96,True
r-arshanski,1990,183866.6,183965.0,-0.05,True
r-bieshankovicki,1990,25091.2,25849.5,-2.93,True
r-braslauski,1990,38715.1,35805.5,8.13,False
r-vierchniadzvinski,1990,32366.6,32367.5,-0.0,True
r-viciebski,1990,437747.2,414811.5,5.53,False
r-haradocki,1990,37033.4,37998.5,-2.54,True
r-hlybocki,1990,52152.1,51628.5,1.01,True
r-dokshycki,1990,36977.9,37362.0,-1.03,True
r-dubrovienski,1990,24187.5,25117.5,-3.7,False
r-loznienski,1990,22749.9,23789.0,-4.37,False
r-lepielski,1990,44596.6,44027.0,1.29,True
r-mijorski,1990,35381.1,33747.5,4.84,False
r-pastauski,1990,50890.1,50601.0,0.57,True
r-polacki,1990,331241.6,210536.5,57.33,False
r-rasonski,1990,16343.5,15643.5,4.47,False
r-siennienski,1990,37592.9,39095.5,-3.84,False
r-talachynski,1990,38833.0,40796.5,-4.81,False
r-ushacki,1990,23123.3,23397.5,-1.17,True
r-chashnicki,1990,43862.2,43836.5,0.06,True
r-sharkoushchynski,1990,25608.6,25085.5,2.09,True
r-shumilinski,1990,28565.6,28349.0,0.76,True
r-akciabrski,1990,21219.4,20606.0,2.98,True
r-brahinski,1990,43943.2,24930.5,76.26,False
r-buda-kashalouski,1990,45190.4,49500.0,-8.71,False
r-vietkauski,1990,21156.7,31160.5,-32.1,False
r-homielski,1990,626139.7,590911.5,5.96,False
r-dobrushski,1990,44569.3,52187.5,-14.6,False
r-jelski,1990,22123.8,24490.0,-9.66,False
r-zhlobinski,1990,101374.6,99390.5,2.0,True
r-zhytkavicki,1990,50931.6,52455.0,-2.9,True
r-kalinkavicki,1990,71549.2,77854.5,-8.1,False
r-karmianski,1990,19059.5,24172.0,-21.15,False
r-lelchycki,1990,32574.7,33213.0,-1.92,True
r-lojeuski,1990,19063.0,20156.5,-5.43,False
r-mazyrski,1990,124641.2,125026.5,-0.31,True
r-naraulanski,1990,12148.8,19968.0,-39.16,False
r-pietrykauski,1990,46348.0,48778.0,-4.98,False
r-rahachouski,1990,72365.3,88454.0,-18.19,False
r-rechycki,1990,112027.6,109985.0,1.86,True
r-svietlahorski,1990,96063.4,97146.0,-1.11,True
r-chojnicki,1990,26903.9,35267.0,-23.71,False
r-chacherski,1990,18263.7,25284.0,-27.77,False
r-astraviecki,1990,31130.4,29993.0,3.79,False
r-ashmianski,1990,38001.9,38440.0,-1.14,True
r-bierastavicki,1990,21982.6,21312.0,3.15,False
r-vaukavyski,1990,85717.5,78829.5,8.74,False
r-voranauski,1990,39224.9,38925.0,0.77,True
r-hrodzienski,1990,392652.8,348193.5,12.77,False
r-dziatlauski,1990,41306.2,42673.5,-3.2,False
r-zelvienski,1990,28391.5,28416.0,-0.09,True
r-iujeuski,1990,40039.4,40879.0,-2.05,True
r-karelicki,1990,34039.8,33828.0,0.63,True
r-lidski,1990,146054.5,142775.5,2.3,True
r-mastouski,1990,43652.7,42529.0,2.64,True
r-navahrudski,1990,61682.7,62694.5,-1.61,True
r-svislacki,1990,27567.0,29170.0,-5.5,False
r-slonimski,1990,75192.1,72230.5,4.1,False
r-smarhonski,1990,62401.6,60827.5,2.59,True
r-shchuchynski,1990,66027.6,67804.5,-2.62,True
r-barysauski,1990,219974.3,199816.5,10.09,False
r-biarezinski,1990,35728.4,35538.5,0.53,True
r-valozhynski,1990,48216.0,53836.0,-10.44,False
r-vilejski,1990,67705.1,69020.0,-1.91,True
r-dziarzhynski,1990,57378.6,59037.0,-2.81,True
r-kapylski,1990,44723.2,45609.0,-1.94,True
r-klecki,1990,42251.5,43088.0,-1.94,True
r-krupski,1990,36110.8,36336.0,-0.62,True
r-lahojski,1990,44315.3,45479.0,-2.56,True
r-lubanski,1990,44648.4,47612.0,-6.22,False
r-maladziechanski,1990,144320.7,147800.0,-2.35,True
r-minski,1990,318646.3,146570.0,117.4,False
r-miadzielski,1990,40637.4,40872.5,-0.58,True
r-niasvizhski,1990,47034.8,48481.5,-2.98,True
r-puchavicki,1990,75373.1,77841.0,-3.17,False
r-salihorski,1990,138911.8,140889.0,-1.4,True
r-slucki,1990,104409.4,105866.5,-1.38,True
r-smalavicki,1990,19282.7,102966.0,-81.27,False
r-staradarozhski,1990,27072.8,27690.5,-2.23,True
r-staubcouski,1990,48204.1,49457.5,-2.53,True
r-uzdzienski,1990,29243.1,27646.5,5.78,False
r-chervienski,1990,40248.9,40868.0,-1.51,True
r-asipovicki,1990,59594.3,61780.5,-3.54,False
r-babrujski,1990,263970.6,253561.5,4.11,False
r-bychauski,1990,48230.3,54035.5,-10.74,False
r-bialynicki,1990,28398.0,30037.0,-5.46,False
r-hluski,1990,23684.0,22842.0,3.69,False
r-horacki,1990,79573.5,59345.5,34.09,False
r-drybinski,1990,17354.7,,,
r-kasciukovicki,1990,33864.4,34186.0,-0.94,True
r-kirauski,1990,29464.8,29757.0,-0.98,True
r-klimavicki,1990,36257.0,35865.5,1.09,True
r-klichauski,1990,24360.2,24422.0,-0.25,True
r-krasnapolski,1990,14891.3,18382.0,-18.99,False
r-kruhlanski,1990,19808.9,19256.5,2.87,True
r-krychauski,1990,40634.0,44834.0,-9.37,False
r-mahilouski,1990,440430.2,415836.0,5.91,False
r-mscislauski,1990,33791.0,32206.0,4.92,False
r-slauharadski,1990,18024.2,21745.5,-17.11,False
r-chocimski,1990,18571.7,18300.5,1.48,True
r-chavuski,1990,29113.4,30974.0,-6.01,False
r-cherykauski,1990,17844.7,20943.0,-14.79,False
r-shklouski,1990,42237.4,41591.0,1.55,True
BY-HM,1990,1470971.0,1611518.0,-8.72,False
r-baranavicki,1995,255337.5,218447.5,16.89,False
r-brescki,1995,351768.5,325712.5,8.0,False
r-biarozauski,1995,76509.7,72807.0,5.09,False
r-hancavicki,1995,36927.2,37056.5,-0.35,True
r-drahichynski,1995,49377.7,52303.5,-5.59,False
r-zhabinkauski,1995,24681.1,25542.0,-3.37,False
r-ivanauski,1995,51771.9,51331.5,0.86,True
r-ivacevicki,1995,70370.7,68817.5,2.26,True
r-kamianiecki,1995,43884.8,44111.5,-0.51,True
r-kobrynski,1995,91410.3,91372.0,0.04,True
r-luniniecki,1995,80638.5,81070.5,-0.53,True
r-lachavicki,1995,37314.7,38128.5,-2.13,True
r-malarycki,1995,27113.3,28727.5,-5.62,False
r-pinski,1995,242580.5,192147.5,26.25,False
r-pruzhanski,1995,66855.3,67109.0,-0.38,True
r-stolinski,1995,89503.4,89713.0,-0.23,True
r-arshanski,1995,183149.7,183681.5,-0.29,True
r-bieshankovicki,1995,24404.0,24787.0,-1.55,True
r-braslauski,1995,37846.9,36011.5,5.1,False
r-vierchniadzvinski,1995,31598.4,31634.0,-0.11,True
r-viciebski,1995,430697.3,407408.5,5.72,False
r-haradocki,1995,35898.9,36246.5,-0.96,True
r-hlybocki,1995,51144.8,50798.0,0.68,True
r-dokshycki,1995,35917.1,35851.0,0.18,True
r-dubrovienski,1995,23418.5,23743.5,-1.37,True
r-loznienski,1995,22256.6,22825.0,-2.49,True
r-lepielski,1995,43797.2,43449.5,0.8,True
r-mijorski,1995,34209.1,33027.0,3.58,False
r-pastauski,1995,49852.5,49777.5,0.15,True
r-polacki,1995,333724.1,218008.0,53.08,False
r-rasonski,1995,15796.2,15539.0,1.65,True
r-siennienski,1995,36385.4,36610.0,-0.61,True
r-talachynski,1995,37774.4,38609.0,-2.16,True
r-ushacki,1995,22279.9,22469.0,-0.84,True
r-chashnicki,1995,43124.1,43092.5,0.07,True
r-sharkoushchynski,1995,24890.9,24511.0,1.55,True
r-shumilinski,1995,27746.3,27601.5,0.52,True
r-akciabrski,1995,20932.8,20417.5,2.52,True
r-brahinski,1995,43869.0,20553.0,113.44,False
r-buda-kashalouski,1995,44833.7,45910.5,-2.35,True
r-vietkauski,1995,21231.7,24249.0,-12.44,False
r-homielski,1995,615768.0,575385.0,7.02,False
r-dobrushski,1995,44585.9,48906.5,-8.83,False
r-jelski,1995,21997.6,22388.0,-1.74,True
r-zhlobinski,1995,103902.4,103808.0,0.09,True
r-zhytkavicki,1995,50605.2,50960.0,-0.7,True
r-kalinkavicki,1995,72044.6,74440.0,-3.22,False
r-karmianski,1995,18941.1,20440.5,-7.34,False
r-lelchycki,1995,32666.3,32232.0,1.35,True
r-lojeuski,1995,18853.7,18956.5,-0.54,True
r-mazyrski,1995,127755.8,128317.5,-0.44,True
r-naraulanski,1995,12301.0,15627.0,-21.28,False
r-pietrykauski,1995,45543.3,46131.5,-1.28,True
r-rahachouski,1995,72417.7,79177.5,-8.54,False
r-rechycki,1995,113448.5,111369.5,1.87,True
r-svietlahorski,1995,97286.3,97955.0,-0.68,True
r-chojnicki,1995,26881.8,29005.0,-7.32,False
r-chacherski,1995,18334.0,20512.0,-10.62,False
r-astraviecki,1995,30609.4,29792.5,2.74,True
r-ashmianski,1995,37722.2,37865.5,-0.38,True
r-bierastavicki,1995,21736.9,21355.5,1.79,True
r-vaukavyski,1995,85450.6,82158.0,4.01,False
r-voranauski,1995,38486.1,38160.5,0.85,True
r-hrodzienski,1995,405167.1,362287.5,11.84,False
r-dziatlauski,1995,40253.4,40456.0,-0.5,True
r-zelvienski,1995,27387.1,27150.0,0.87,True
r-iujeuski,1995,38944.0,38974.5,-0.08,True
r-karelicki,1995,33048.1,32708.0,1.04,True
r-lidski,1995,146419.1,146125.5,0.2,True
r-mastouski,1995,42868.0,42095.5,1.84,True
r-navahrudski,1995,60811.8,60597.0,0.35,True
r-svislacki,1995,26696.2,27529.0,-3.03,False
r-slonimski,1995,75100.0,73785.5,1.78,True
r-smarhonski,1995,62336.4,61689.5,1.05,True
r-shchuchynski,1995,64281.5,64209.0,0.11,True
r-barysauski,1995,225964.6,201348.0,12.23,False
r-biarezinski,1995,34799.9,34470.0,0.96,True
r-valozhynski,1995,47375.5,50383.0,-5.97,False
r-vilejski,1995,66780.2,66822.0,-0.06,True
r-dziarzhynski,1995,58865.5,60514.0,-2.72,True
r-kapylski,1995,43785.0,43941.0,-0.36,True
r-klecki,1995,41507.8,41814.0,-0.73,True
r-krupski,1995,35396.2,35084.0,0.89,True
r-lahojski,1995,43916.4,44813.5,-2.0,True
r-lubanski,1995,44111.3,45459.5,-2.97,True
r-maladziechanski,1995,146034.9,147452.0,-0.96,True
r-minski,1995,326713.2,144574.0,125.98,False
r-miadzielski,1995,39837.4,39214.0,1.59,True
r-niasvizhski,1995,47207.7,47593.0,-0.81,True
r-puchavicki,1995,75661.8,78215.0,-3.26,False
r-salihorski,1995,140910.8,142473.0,-1.1,True
r-slucki,1995,105100.8,105612.5,-0.48,True
r-smalavicki,1995,23584.9,105199.5,-77.58,False
r-staradarozhski,1995,26842.2,27026.5,-0.68,True
r-staubcouski,1995,48255.7,48326.5,-0.15,True
r-uzdzienski,1995,29109.6,27766.5,4.84,False
r-chervienski,1995,40034.4,40114.5,-0.2,True
r-asipovicki,1995,59170.9,60177.5,-1.67,True
r-babrujski,1995,265341.2,250873.0,5.77,False
r-bychauski,1995,46853.7,48963.5,-4.31,False
r-bialynicki,1995,27718.1,28481.0,-2.68,True
r-hluski,1995,22867.9,22375.0,2.2,True
r-horacki,1995,75448.3,54282.5,38.99,False
r-drybinski,1995,16819.9,14920.5,12.73,False
r-kasciukovicki,1995,33166.6,33070.0,0.29,True
r-kirauski,1995,28956.7,28430.0,1.85,True
r-klimavicki,1995,35605.0,34693.5,2.63,True
r-klichauski,1995,23624.2,23283.0,1.47,True
r-krasnapolski,1995,14514.1,14909.5,-2.65,True
r-kruhlanski,1995,19458.0,19266.0,1.0,True
r-krychauski,1995,40270.2,42268.5,-4.73,False
r-mahilouski,1995,438336.6,410218.0,6.85,False
r-mscislauski,1995,32853.7,31989.0,2.7,True
r-slauharadski,1995,17772.9,18600.0,-4.45,False
r-chocimski,1995,17955.2,17762.5,1.08,True
r-chavuski,1995,28292.8,28885.0,-2.05,True
r-cherykauski,1995,17566.0,18530.0,-5.2,False
r-shklouski,1995,41075.0,39482.5,4.03,False
BY-HM,1995,1494493.3,1657050.0,-9.81,False
r-baranavicki,2000,254839.2,216596.0,17.66,False
r-brescki,2000,365459.4,333800.0,9.48,False
r-biarozauski,2000,74265.9,73611.2,0.89,True
r-hancavicki,2000,35138.8,36330.4,-3.28,False
r-drahichynski,2000,46877.3,50665.6,-7.48,False
r-zhabinkauski,2000,24705.5,25687.2,-3.82,False
r-ivanauski,2000,49396.9,50390.4,-1.97,True
r-ivacevicki,2000,67127.1,69248.0,-3.06,False
r-kamianiecki,2000,42572.3,43358.4,-1.81,True
r-kobrynski,2000,90711.8,91675.2,-1.05,True
r-luniniecki,2000,78666.6,79972.8,-1.63,True
r-lachavicki,2000,35096.5,36445.6,-3.7,False
r-malarycki,2000,26302.5,28864.0,-8.87,False
r-pinski,2000,240289.2,191516.0,25.47,False
r-pruzhanski,2000,62441.3,64014.4,-2.46,True
r-stolinski,2000,87190.7,88480.8,-1.46,True
r-arshanski,2000,176741.5,181230.4,-2.48,True
r-bieshankovicki,2000,22367.5,23359.2,-4.25,False
r-braslauski,2000,35089.9,35678.4,-1.65,True
r-vierchniadzvinski,2000,29204.5,30334.4,-3.72,False
r-viciebski,2000,424911.7,394113.6,7.81,False
r-haradocki,2000,32697.8,34054.4,-3.98,False
r-hlybocki,2000,47722.4,49316.8,-3.23,False
r-dokshycki,2000,32817.3,34041.6,-3.6,False
r-dubrovienski,2000,21220.1,22049.6,-3.76,False
r-loznienski,2000,20664.0,21500.0,-3.89,False
r-lepielski,2000,40999.4,42259.2,-2.98,True
r-mijorski,2000,30990.4,31463.2,-1.5,True
r-pastauski,2000,46403.9,47624.0,-2.56,True
r-polacki,2000,329960.7,222612.8,48.22,False
r-rasonski,2000,14294.0,14822.4,-3.57,False
r-siennienski,2000,33042.4,33716.0,-2.0,True
r-talachynski,2000,34652.6,35694.4,-2.92,True
r-ushacki,2000,20021.8,21170.4,-5.43,False
r-chashnicki,2000,40475.2,41408.0,-2.25,True
r-sharkoushchynski,2000,22800.5,23437.6,-2.72,True
r-shumilinski,2000,25374.3,26062.4,-2.64,True
r-akciabrski,2000,19357.4,19868.0,-2.57,True
r-brahinski,2000,41955.5,17224.8,143.58,False
r-buda-kashalouski,2000,41938.2,43316.8,-3.18,False
r-vietkauski,2000,20366.8,21238.4,-4.1,False
r-homielski,2000,609727.1,561296.0,8.63,False
r-dobrushski,2000,42532.0,46570.4,-8.67,False
r-jelski,2000,20676.6,21220.8,-2.56,True
r-zhlobinski,2000,104178.9,106932.8,-2.58,True
r-zhytkavicki,2000,47513.0,49056.0,-3.15,False
r-kalinkavicki,2000,69562.5,71384.0,-2.55,True
r-karmianski,2000,17798.9,18504.8,-3.81,False
r-lelchycki,2000,31263.1,31351.2,-0.28,True
r-lojeuski,2000,17523.4,17690.4,-0.94,True
r-mazyrski,2000,128160.4,131528.0,-2.56,True
r-naraulanski,2000,12023.8,12403.2,-3.06,False
r-pietrykauski,2000,41733.2,42910.4,-2.74,True
r-rahachouski,2000,69078.7,70064.0,-1.41,True
r-rechycki,2000,110947.6,113211.2,-2.0,True
r-svietlahorski,2000,95132.7,97548.0,-2.48,True
r-chojnicki,2000,25554.6,25968.0,-1.59,True
r-chacherski,2000,17607.2,17859.2,-1.41,True
r-astraviecki,2000,28607.5,29128.0,-1.79,True
r-ashmianski,2000,35968.4,36924.8,-2.59,True
r-bierastavicki,2000,20566.2,21128.8,-2.66,True
r-vaukavyski,2000,82199.1,84392.8,-2.6,True
r-voranauski,2000,35766.4,37016.8,-3.38,False
r-hrodzienski,2000,416440.0,371660.0,12.05,False
r-dziatlauski,2000,36846.6,37709.6,-2.29,True
r-zelvienski,2000,24552.4,25360.0,-3.18,False
r-iujeuski,2000,35503.9,36859.2,-3.68,False
r-karelicki,2000,30003.6,31232.8,-3.94,False
r-lidski,2000,142508.0,146340.8,-2.62,True
r-mastouski,2000,39949.8,40752.8,-1.97,True
r-navahrudski,2000,57228.4,57815.2,-1.02,True
r-svislacki,2000,24128.0,25426.4,-5.11,False
r-slonimski,2000,72555.1,74316.8,-2.37,True
r-smarhonski,2000,60230.7,60963.2,-1.2,True
r-shchuchynski,2000,58793.7,60334.4,-2.55,True
r-barysauski,2000,232405.7,199576.8,16.45,False
r-biarezinski,2000,31522.8,32792.0,-3.87,False
r-valozhynski,2000,43765.2,46532.8,-5.95,False
r-vilejski,2000,62162.8,63595.2,-2.25,True
r-dziarzhynski,2000,59351.2,61502.4,-3.5,False
r-kapylski,2000,40099.0,41765.6,-3.99,False
r-klecki,2000,38323.2,39962.4,-4.1,False
r-krupski,2000,32510.8,33254.4,-2.24,True
r-lahojski,2000,41361.0,42501.6,-2.68,True
r-lubanski,2000,41191.0,42895.2,-3.97,False
r-maladziechanski,2000,143871.9,145663.2,-1.23,True
r-minski,2000,324309.0,145218.4,123.32,False
r-miadzielski,2000,36624.8,36942.4,-0.86,True
r-niasvizhski,2000,45554.7,46168.8,-1.33,True
r-puchavicki,2000,73111.4,76844.0,-4.86,False
r-salihorski,2000,139267.6,142996.8,-2.61,True
r-slucki,2000,102083.8,104240.0,-2.07,True
r-smalavicki,2000,32718.4,105699.2,-69.05,False
r-staradarozhski,2000,25275.0,25782.4,-1.97,True
r-staubcouski,2000,46378.4,47242.4,-1.83,True
r-uzdzienski,2000,27659.1,27286.4,1.37,True
r-chervienski,2000,37903.1,39043.2,-2.92,True
r-asipovicki,2000,56810.9,58244.0,-2.46,True
r-babrujski,2000,261574.5,247076.8,5.87,False
r-bychauski,2000,42882.5,44181.6,-2.94,True
r-bialynicki,2000,25642.2,26389.6,-2.83,True
r-hluski,2000,20669.3,21480.0,-3.77,False
r-horacki,2000,65687.6,53612.0,22.52,False
r-drybinski,2000,15320.6,15692.8,-2.37,True
r-kasciukovicki,2000,30874.2,31752.0,-2.76,True
r-kirauski,2000,27076.2,27028.0,0.18,True
r-klimavicki,2000,33425.0,33489.6,-0.19,True
r-klichauski,2000,21562.3,21752.8,-0.88,True
r-krasnapolski,2000,13393.3,13815.2,-3.05,False
r-kruhlanski,2000,18229.5,18745.6,-2.75,True
r-krychauski,2000,38494.7,39709.6,-3.06,False
r-mahilouski,2000,438492.0,404208.8,8.48,False
r-mscislauski,2000,30136.6,31222.4,-3.48,False
r-slauharadski,2000,16804.1,17320.0,-2.98,True
r-chocimski,2000,16291.5,16720.0,-2.56,True
r-chavuski,2000,25944.8,26296.0,-1.34,True
r-cherykauski,2000,16533.2,17488.0,-5.46,False
r-shklouski,2000,37688.7,38432.0,-1.93,True
BY-HM,2000,1526500.3,1692680.0,-9.82,False
r-baranavicki,2005,248807.8,214300.0,16.1,False
r-brescki,2005,374780.1,343700.0,9.04,False
r-biarozauski,2005,70037.1,71100.0,-1.49,True
r-hancavicki,2005,32189.0,34600.0,-6.97,False
r-drahichynski,2005,42657.7,48200.0,-11.5,False
r-zhabinkauski,2005,24149.2,25100.0,-3.79,False
r-ivanauski,2005,45424.6,48500.0,-6.34,False
r-ivacevicki,2005,61690.5,65900.0,-6.39,False
r-kamianiecki,2005,40020.0,41500.0,-3.57,False
r-kobrynski,2005,87992.8,89700.0,-1.9,True
r-luniniecki,2005,74435.0,76900.0,-3.21,False
r-lachavicki,2005,31628.5,33800.0,-6.42,False
r-malarycki,2005,24620.4,27600.0,-10.8,False
r-pinski,2005,232305.9,188300.0,23.37,False
r-pruzhanski,2005,55868.7,60100.0,-7.04,False
r-stolinski,2005,82436.4,85700.0,-3.81,False
r-arshanski,2005,166204.7,175000.0,-5.03,False
r-bieshankovicki,2005,19637.5,21800.0,-9.92,False
r-braslauski,2005,31311.0,33200.0,-5.69,False
r-vierchniadzvinski,2005,25954.1,28000.0,-7.31,False
r-viciebski,2005,423745.4,393400.0,7.71,False
r-haradocki,2005,28487.5,30800.0,-7.51,False
r-hlybocki,2005,42910.6,46100.0,-6.92,False
r-dokshycki,2005,28688.1,31200.0,-8.05,False
r-dubrovienski,2005,18329.2,19900.0,-7.89,False
r-loznienski,2005,18462.7,19800.0,-6.75,False
r-lepielski,2005,37030.5,40000.0,-7.42,False
r-mijorski,2005,26816.6,28300.0,-5.24,False
r-pastauski,2005,41595.8,44000.0,-5.46,False
r-polacki,2005,320419.9,218600.0,46.58,False
r-rasonski,2005,12330.5,13000.0,-5.15,False
r-siennienski,2005,28686.9,30000.0,-4.38,False
r-talachynski,2005,30475.8,32100.0,-5.06,False
r-ushacki,2005,17131.7,19100.0,-10.31,False
r-chashnicki,2005,36693.9,38400.0,-4.44,False
r-sharkoushchynski,2005,20015.5,21400.0,-6.47,False
r-shumilinski,2005,22227.4,23300.0,-4.6,False
r-akciabrski,2005,17099.2,18100.0,-5.53,False
r-brahinski,2005,39984.9,16400.0,143.81,False
r-buda-kashalouski,2005,37578.3,40300.0,-6.75,False
r-vietkauski,2005,18885.4,20000.0,-5.57,False
r-homielski,2005,615488.2,563100.0,9.3,False
r-dobrushski,2005,39219.0,44000.0,-10.87,False
r-jelski,2005,18654.3,19500.0,-4.34,False
r-zhlobinski,2005,102343.7,106100.0,-3.54,False
r-zhytkavicki,2005,42790.4,46000.0,-6.98,False
r-kalinkavicki,2005,65017.9,67700.0,-3.96,False
r-karmianski,2005,16066.3,17500.0,-8.19,False
r-lelchycki,2005,28914.5,28300.0,2.17,True
r-lojeuski,2005,15556.1,16000.0,-2.77,True
r-mazyrski,2005,126026.4,132500.0,-4.89,False
r-naraulanski,2005,11425.0,12700.0,-10.04,False
r-pietrykauski,2005,36394.0,37900.0,-3.97,False
r-rahachouski,2005,63578.2,65800.0,-3.38,False
r-rechycki,2005,105511.8,108500.0,-2.75,True
r-svietlahorski,2005,90450.0,93800.0,-3.57,False
r-chojnicki,2005,23411.4,24100.0,-2.86,True
r-chacherski,2005,16362.5,17000.0,-3.75,False
r-astraviecki,2005,25787.0,27300.0,-5.54,False
r-ashmianski,2005,33272.0,34700.0,-4.12,False
r-bierastavicki,2005,18782.2,20000.0,-6.09,False
r-vaukavyski,2005,76856.6,82200.0,-6.5,False
r-voranauski,2005,31956.1,34000.0,-6.01,False
r-hrodzienski,2005,423128.1,380800.0,11.12,False
r-dziatlauski,2005,32238.5,34700.0,-7.09,False
r-zelvienski,2005,20917.1,22100.0,-5.35,False
r-iujeuski,2005,30893.9,33200.0,-6.95,False
r-karelicki,2005,25956.1,28100.0,-7.63,False
r-lidski,2005,135320.6,139800.0,-3.2,False
r-mastouski,2005,35834.9,36800.0,-2.62,True
r-navahrudski,2005,52060.1,54200.0,-3.95,False
r-svislacki,2005,20756.4,22700.0,-8.56,False
r-slonimski,2005,68235.2,72000.0,-5.23,False
r-smarhonski,2005,56661.6,58100.0,-2.48,True
r-shchuchynski,2005,51431.7,54400.0,-5.46,False
r-barysauski,2005,242800.3,194700.0,24.7,False
r-biarezinski,2005,27129.8,29800.0,-8.96,False
r-valozhynski,2005,38689.4,41900.0,-7.66,False
r-vilejski,2005,55491.9,58500.0,-5.14,False
r-dziarzhynski,2005,58787.3,61500.0,-4.41,False
r-kapylski,2005,34992.8,38000.0,-7.91,False
r-klecki,2005,33825.0,35300.0,-4.18,False
r-krupski,2005,28511.0,29500.0,-3.35,False
r-lahojski,2005,37559.4,39500.0,-4.91,False
r-lubanski,2005,36888.5,39500.0,-6.61,False
r-maladziechanski,2005,138530.2,142700.0,-2.92,True
r-minski,2005,314348.3,149500.0,110.27,False
r-miadzielski,2005,32176.0,32600.0,-1.3,True
r-niasvizhski,2005,42662.7,43500.0,-1.92,True
r-puchavicki,2005,68641.3,72600.0,-5.45,False
r-salihorski,2005,134452.8,139600.0,-3.69,False
r-slucki,2005,96495.5,99900.0,-3.41,False
r-smalavicki,2005,48416.2,104800.0,-53.8,False
r-staradarozhski,2005,22926.5,23500.0,-2.44,True
r-staubcouski,2005,43183.5,45100.0,-4.25,False
r-uzdzienski,2005,25382.4,25600.0,-0.85,True
r-chervienski,2005,34548.2,36000.0,-4.03,False
r-asipovicki,2005,53098.2,54200.0,-2.03,True
r-babrujski,2005,253171.9,242800.0,4.27,False
r-bychauski,2005,37589.6,39200.0,-4.11,False
r-bialynicki,2005,22799.5,22400.0,1.78,True
r-hluski,2005,17825.3,19500.0,-8.59,False
r-horacki,2005,53953.4,52100.0,3.56,False
r-drybinski,2005,13350.8,14300.0,-6.64,False
r-kasciukovicki,2005,27667.1,28200.0,-1.89,True
r-kirauski,2005,24371.6,24900.0,-2.12,True
r-klimavicki,2005,30330.8,30400.0,-0.23,True
r-klichauski,2005,18850.6,19100.0,-1.31,True
r-krasnapolski,2005,11877.6,12700.0,-6.48,False
r-kruhlanski,2005,16478.7,17200.0,-4.19,False
r-krychauski,2005,35752.4,37600.0,-4.91,False
r-mahilouski,2005,440475.5,409700.0,7.51,False
r-mscislauski,2005,26503.8,28900.0,-8.29,False
r-slauharadski,2005,15382.8,16200.0,-5.04,False
r-chocimski,2005,14126.1,14600.0,-3.25,False
r-chavuski,2005,22814.8,22700.0,0.51,True
r-cherykauski,2005,15051.0,16600.0,-9.33,False
r-shklouski,2005,33151.4,34600.0,-4.19,False
BY-HM,2005,1587792.3,1765800.0,-10.08,False
r-baranavicki,2010,245471.1,209986.5,16.9,False
r-brescki,2010,384424.8,352178.0,9.16,False
r-biarozauski,2010,66746.9,66623.5,0.19,True
r-hancavicki,2010,29795.2,30796.0,-3.25,False
r-drahichynski,2010,39222.2,42308.0,-7.29,False
r-zhabinkauski,2010,23853.0,24961.0,-4.44,False
r-ivanauski,2010,42208.8,43173.5,-2.23,True
r-ivacevicki,2010,57287.9,59261.0,-3.33,False
r-kamianiecki,2010,38010.0,38674.5,-1.72,True
r-kobrynski,2010,86253.3,87616.5,-1.56,True
r-luniniecki,2010,71170.0,72600.5,-1.97,True
r-lachavicki,2010,28799.7,29981.5,-3.94,False
r-malarycki,2010,23285.2,25558.5,-8.89,False
r-pinski,2010,226947.1,182551.5,24.32,False
r-pruzhanski,2010,50510.6,51848.5,-2.58,True
r-stolinski,2010,78758.5,79803.5,-1.31,True
r-arshanski,2010,157932.3,163028.0,-3.13,False
r-bieshankovicki,2010,17421.4,18029.5,-3.37,False
r-braslauski,2010,28229.0,28882.5,-2.26,True
r-vierchniadzvinski,2010,23307.1,24306.5,-4.11,False
r-viciebski,2010,426927.8,398669.5,7.09,False
r-haradocki,2010,25080.4,26200.5,-4.28,False
r-hlybocki,2010,38987.7,40606.0,-3.99,False
r-dokshycki,2010,25343.6,26414.0,-4.05,False
r-dubrovienski,2010,16004.3,16661.5,-3.94,False
r-loznienski,2010,16668.6,17417.0,-4.3,False
r-lepielski,2010,33796.3,35023.5,-3.5,False
r-mijorski,2010,23448.5,23849.0,-1.68,True
r-pastauski,2010,37674.7,39065.0,-3.56,False
r-polacki,2010,314422.4,214282.5,46.73,False
r-rasonski,2010,10748.6,11261.5,-4.55,False
r-siennienski,2010,25167.1,25699.5,-2.07,True
r-talachynski,2010,27083.0,28166.0,-3.85,False
r-ushacki,2010,14812.3,15670.5,-5.48,False
r-chashnicki,2010,33614.3,34548.0,-2.7,True
r-sharkoushchynski,2010,17754.7,18205.0,-2.47,True
r-shumilinski,2010,19675.1,20340.0,-3.27,False
r-akciabrski,2010,15263.8,15770.0,-3.21,False
r-brahinski,2010,38755.8,13973.5,177.35,False
r-buda-kashalouski,2010,34027.4,35087.0,-3.02,False
r-vietkauski,2010,17695.2,18667.5,-5.21,False
r-homielski,2010,623503.8,566079.5,10.14,False
r-dobrushski,2010,36539.4,40155.0,-9.0,False
r-jelski,2010,17005.8,17566.5,-3.19,False
r-zhlobinski,2010,101595.5,104318.5,-2.61,True
r-zhytkavicki,2010,38941.8,40336.5,-3.46,False
r-kalinkavicki,2010,61406.1,63508.0,-3.31,False
r-karmianski,2010,14654.2,15259.5,-3.97,False
r-lelchycki,2010,27021.4,27356.0,-1.22,True
r-lojeuski,2010,13956.9,14105.0,-1.05,True
r-mazyrski,2010,125227.1,129270.5,-3.13,False
r-naraulanski,2010,10970.0,11291.0,-2.84,True
r-pietrykauski,2010,32070.0,33287.5,-3.66,False
r-rahachouski,2010,59130.6,60548.0,-2.34,True
r-rechycki,2010,101393.6,104044.0,-2.55,True
r-svietlahorski,2010,86899.9,89492.5,-2.9,True
r-chojnicki,2010,21672.7,22078.0,-1.84,True
r-chacherski,2010,15364.1,15652.0,-1.84,True
r-astraviecki,2010,23486.8,24145.0,-2.73,True
r-ashmianski,2010,31097.6,32267.0,-3.62,False
r-bierastavicki,2010,17330.9,17661.0,-1.87,True
r-vaukavyski,2010,72617.8,74659.5,-2.73,True
r-voranauski,2010,28847.2,29949.0,-3.68,False
r-hrodzienski,2010,430255.4,386530.0,11.31,False
r-dziatlauski,2010,28503.9,29147.5,-2.21,True
r-zelvienski,2010,18006.7,18681.5,-3.61,False
r-iujeuski,2010,27163.7,28252.5,-3.85,False
r-karelicki,2010,22690.2,23710.0,-4.3,False
r-lidski,2010,129845.0,134534.0,-3.49,False
r-mastouski,2010,32480.3,33134.5,-1.97,True
r-navahrudski,2010,47857.6,48674.5,-1.68,True
r-svislacki,2010,18043.6,19128.0,-5.67,False
r-slonimski,2010,64851.5,66911.0,-3.08,False
r-smarhonski,2010,53866.3,54977.0,-2.02,True
r-shchuchynski,2010,45461.4,46833.5,-2.93,True
r-barysauski,2010,264539.2,187233.5,41.29,False
r-biarezinski,2010,23594.0,24750.0,-4.67,False
r-valozhynski,2010,34561.8,37043.5,-6.7,False
r-vilejski,2010,50060.6,51543.0,-2.88,True
r-dziarzhynski,2010,58832.8,61286.0,-4.0,False
r-kapylski,2010,30860.2,32304.5,-4.47,False
r-klecki,2010,30169.8,31816.0,-5.17,False
r-krupski,2010,25265.8,26100.5,-3.2,False
r-lahojski,2010,34525.8,35783.0,-3.51,False
r-lubanski,2010,33383.4,34977.5,-4.56,False
r-maladziechanski,2010,134835.6,137756.5,-2.12,True
r-minski,2010,308988.7,161937.0,90.81,False
r-miadzielski,2010,28564.0,29172.0,-2.08,True
r-niasvizhski,2010,40370.7,41221.5,-2.06,True
r-puchavicki,2010,65112.9,68881.5,-5.47,False
r-salihorski,2010,131096.8,135840.5,-3.49,False
r-slucki,2010,92241.9,94581.5,-2.47,True
r-smalavicki,2010,73000.9,104825.5,-30.36,False
r-staradarozhski,2010,21014.5,21715.0,-3.23,False
r-staubcouski,2010,40631.6,41646.5,-2.44,True
r-uzdzienski,2010,23539.1,23504.0,0.15,True
r-chervienski,2010,31822.2,33109.0,-3.89,False
r-asipovicki,2010,50148.4,51847.0,-3.28,False
r-babrujski,2010,247608.3,235622.0,5.09,False
r-bychauski,2010,33295.0,34641.5,-3.89,False
r-bialynicki,2010,20485.0,21550.5,-4.94,False
r-hluski,2010,15533.6,16175.5,-3.97,False
r-horacki,2010,44779.6,46905.5,-4.53,False
r-drybinski,2010,11756.1,12017.0,-2.17,True
r-kasciukovicki,2010,25052.2,26112.0,-4.06,False
r-kirauski,2010,22174.7,22032.5,0.65,True
r-klimavicki,2010,27812.4,28075.5,-0.94,True
r-klichauski,2010,16653.9,16932.0,-1.64,True
r-krasnapolski,2010,10644.0,11035.0,-3.54,False
r-kruhlanski,2010,15052.5,15599.0,-3.5,False
r-krychauski,2010,33552.5,34801.0,-3.59,False
r-mahilouski,2010,434838.4,402136.5,8.13,False
r-mscislauski,2010,23557.4,24466.5,-3.72,False
r-slauharadski,2010,14229.1,14712.0,-3.28,False
r-chocimski,2010,12377.1,12847.5,-3.66,False
r-chavuski,2010,20273.2,21001.5,-3.47,False
r-cherykauski,2010,13844.4,14739.5,-6.07,False
r-shklouski,2010,29468.5,30484.0,-3.33,False
BY-HM,2010,1649795.8,1850449.0,-10.84,False
r-baranavicki,2015,240307.3,211368.0,13.69,False
r-brescki,2015,405329.9,376063.0,7.78,False
r-biarozauski,2015,64433.3,64217.0,0.34,True
r-hancavicki,2015,28427.1,28480.0,-0.19,True
r-drahichynski,2015,37314.1,38357.0,-2.72,True
r-zhabinkauski,2015,23358.5,24543.0,-4.83,False
r-ivanauski,2015,40334.3,40062.0,0.68,True
r-ivacevicki,2015,54722.7,55679.0,-1.72,True
r-kamianiecki,2015,36643.7,36182.0,1.28,True
r-kobrynski,2015,84230.8,85928.0,-1.98,True
r-luniniecki,2015,68786.0,68610.0,0.26,True
r-lachavicki,2015,27297.7,26695.0,2.26,True
r-malarycki,2015,22411.3,24592.0,-8.87,False
r-pinski,2015,221300.3,184760.0,19.78,False
r-pruzhanski,2015,47723.7,48670.0,-1.94,True
r-stolinski,2015,76134.9,74725.0,1.89,True
r-arshanski,2015,150176.1,158747.0,-5.4,False
r-bieshankovicki,2015,16114.0,16105.0,0.06,True
r-braslauski,2015,26271.8,26705.0,-1.62,True
r-vierchniadzvinski,2015,21664.8,22170.0,-2.28,True
r-viciebski,2015,438546.6,411381.0,6.6,False
r-haradocki,2015,23120.1,23667.0,-2.31,True
r-hlybocki,2015,36408.1,38100.0,-4.44,False
r-dokshycki,2015,23399.7,24038.0,-2.66,True
r-dubrovienski,2015,14722.2,14950.0,-1.52,True
r-loznienski,2015,15526.0,15924.0,-2.5,True
r-lepielski,2015,31616.2,33419.0,-5.39,False
r-mijorski,2015,21560.6,21215.0,1.63,True
r-pastauski,2015,35136.8,36951.0,-4.91,False
r-polacki,2015,302896.2,216836.0,39.69,False
r-rasonski,2015,9865.0,9797.0,0.69,True
r-siennienski,2015,23169.8,22604.0,2.5,True
r-talachynski,2015,25065.9,25702.0,-2.47,True
r-ushacki,2015,13558.2,13969.0,-2.94,True
r-chashnicki,2015,31494.6,31811.0,-0.99,True
r-sharkoushchynski,2015,16418.7,15903.0,3.24,False
r-shumilinski,2015,18177.7,18521.0,-1.85,True
r-akciabrski,2015,14329.8,14347.0,-0.12,True
r-brahinski,2015,38505.3,12430.0,209.78,False
r-buda-kashalouski,2015,32127.4,30964.0,3.76,False
r-vietkauski,2015,16942.5,17812.0,-4.88,False
r-homielski,2015,663402.4,594527.0,11.58,False
r-dobrushski,2015,34913.0,37054.0,-5.78,False
r-jelski,2015,16101.9,15877.0,1.42,True
r-zhlobinski,2015,99558.3,102159.0,-2.55,True
r-zhytkavicki,2015,36834.8,37035.0,-0.54,True
r-kalinkavicki,2015,58975.8,60624.0,-2.72,True
r-karmianski,2015,13878.8,13825.0,0.39,True
r-lelchycki,2015,25836.6,24968.0,3.48,False
r-lojeuski,2015,13118.7,12535.0,4.66,False
r-mazyrski,2015,122769.8,131812.0,-6.86,False
r-naraulanski,2015,10606.7,10693.0,-0.81,True
r-pietrykauski,2015,29952.3,29109.0,2.9,True
r-rahachouski,2015,56438.0,58331.0,-3.25,False
r-rechycki,2015,98064.6,99856.0,-1.79,True
r-svietlahorski,2015,84044.7,85492.0,-1.69,True
r-chojnicki,2015,20646.6,19890.0,3.8,False
r-chacherski,2015,14722.3,14624.0,0.67,True
r-astraviecki,2015,22021.4,23826.0,-7.57,False
r-ashmianski,2015,29454.2,31190.0,-5.57,False
r-bierastavicki,2015,16326.4,15950.0,2.36,True
r-vaukavyski,2015,69086.2,71271.0,-3.07,False
r-voranauski,2015,26934.7,26953.0,-0.07,True
r-hrodzienski,2015,451245.2,411182.0,9.74,False
r-dziatlauski,2015,26398.7,25875.0,2.02,True
r-zelvienski,2015,16499.8,16053.0,2.78,True
r-iujeuski,2015,25100.0,24758.0,1.38,True
r-karelicki,2015,20915.5,21025.0,-0.52,True
r-lidski,2015,124308.3,132291.0,-6.03,False
r-mastouski,2015,30384.0,29342.0,3.55,False
r-navahrudski,2015,45023.3,46098.0,-2.33,True
r-svislacki,2015,16596.6,16401.0,1.19,True
r-slonimski,2015,61837.1,65371.0,-5.41,False
r-smarhonski,2015,51380.0,53113.0,-3.26,False
r-shchuchynski,2015,42093.6,41889.0,0.49,True
r-barysauski,2015,270422.9,183010.0,47.76,False
r-biarezinski,2015,21829.1,22937.0,-4.83,False
r-valozhynski,2015,32318.2,34061.0,-5.12,False
r-vilejski,2015,47008.8,48674.0,-3.42,False
r-dziarzhynski,2015,57631.1,63205.0,-8.82,False
r-kapylski,2015,28710.5,29062.0,-1.21,True
r-klecki,2015,28191.7,29022.0,-2.86,True
r-krupski,2015,23555.4,23587.0,-0.13,True
r-lahojski,2015,32692.8,35145.0,-6.98,False
r-lubanski,2015,31386.4,32478.0,-3.36,False
r-maladziechanski,2015,130554.1,136797.0,-4.56,False
r-minski,2015,312814.1,188294.0,66.13,False
r-miadzielski,2015,26647.1,26890.0,-0.9,True
r-niasvizhski,2015,38661.4,39287.0,-1.59,True
r-puchavicki,2015,62419.4,65984.0,-5.4,False
r-salihorski,2015,127033.2,134647.0,-5.65,False
r-slucki,2015,88689.4,92379.0,-3.99,False
r-smalavicki,2015,85041.0,107426.0,-20.84,False
r-staradarozhski,2015,19867.8,20109.0,-1.2,True
r-staubcouski,2015,38806.3,39917.0,-2.78,True
r-uzdzienski,2015,22344.0,23066.0,-3.13,False
r-chervienski,2015,30131.1,31918.0,-5.6,False
r-asipovicki,2015,47521.6,48719.0,-2.46,True
r-babrujski,2015,237980.3,235845.0,0.91,True
r-bychauski,2015,30749.5,30970.0,-0.71,True
r-bialynicki,2015,19024.6,19574.0,-2.81,True
r-hluski,2015,14250.5,14349.0,-0.69,True
r-horacki,2015,40276.7,45764.0,-11.99,False
r-drybinski,2015,10830.5,10480.0,3.34,False
r-kasciukovicki,2015,23342.9,23989.0,-2.69,True
r-kirauski,2015,20723.4,20012.0,3.56,False
r-klimavicki,2015,26040.5,25661.0,1.48,True
r-klichauski,2015,15366.3,15395.0,-0.19,True
r-krasnapolski,2015,9875.8,9969.0,-0.94,True
r-kruhlanski,2015,14074.7,14386.0,-2.16,True
r-krychauski,2015,31714.1,32896.0,-3.59,False
r-mahilouski,2015,447720.1,414836.0,7.93,False
r-mscislauski,2015,21791.0,22098.0,-1.39,True
r-slauharadski,2015,13372.3,13388.0,-0.12,True
r-chocimski,2015,11376.1,11338.0,0.34,True
r-chavuski,2015,18743.5,18936.0,-1.02,True
r-cherykauski,2015,12984.9,13767.0,-5.68,False
r-shklouski,2015,27246.5,28323.0,-3.8,False
BY-HM,2015,1729087.2,1938280.0,-10.79,False
r-baranavicki,2020,227498.4,204114.5,11.46,False
r-brescki,2020,433173.8,385237.5,12.44,False
r-biarozauski,2020,60855.7,60333.0,0.87,True
r-hancavicki,2020,26786.6,26120.0,2.55,True
r-drahichynski,2020,35134.5,36142.0,-2.79,True
r-zhabinkauski,2020,22110.3,24771.5,-10.74,False
r-ivanauski,2020,38016.1,37641.5,1.0,True
r-ivacevicki,2020,51575.3,53052.0,-2.78,True
r-kamianiecki,2020,34605.2,33173.0,4.32,False
r-kobrynski,2020,79697.5,84184.0,-5.33,False
r-luniniecki,2020,64967.0,65296.0,-0.5,True
r-lachavicki,2020,25688.0,23680.0,8.48,False
r-malarycki,2020,21153.6,23705.5,-10.77,False
r-pinski,2020,209359.8,169585.5,23.45,False
r-pruzhanski,2020,44872.0,44314.5,1.26,True
r-stolinski,2020,71966.0,71729.0,0.33,True
r-arshanski,2020,138850.3,147089.0,-5.6,False
r-bieshankovicki,2020,14824.8,14459.5,2.53,True
r-braslauski,2020,24198.7,24411.0,-0.87,True
r-vierchniadzvinski,2020,19949.2,20244.0,-1.46,True
r-viciebski,2020,457270.0,399304.5,14.52,False
r-haradocki,2020,21254.3,21901.0,-2.95,True
r-hlybocki,2020,33552.1,34974.5,-4.07,False
r-dokshycki,2020,21515.8,22143.0,-2.83,True
r-dubrovienski,2020,13565.8,14261.0,-4.87,False
r-loznienski,2020,14301.8,15980.0,-10.5,False
r-lepielski,2020,29144.1,31815.5,-8.4,False
r-mijorski,2020,19816.5,18985.0,4.38,False
r-pastauski,2020,32375.4,34184.0,-5.29,False
r-polacki,2020,280725.9,201425.0,39.37,False
r-rasonski,2020,9060.9,9153.5,-1.01,True
r-siennienski,2020,21297.4,20729.5,2.74,True
r-talachynski,2020,23061.8,23734.0,-2.83,True
r-ushacki,2020,12447.6,12548.0,-0.8,True
r-chashnicki,2020,29042.9,28682.5,1.26,True
r-sharkoushchynski,2020,15103.0,14528.0,3.96,False
r-shumilinski,2020,16714.2,17495.0,-4.46,False
r-akciabrski,2020,13435.1,14039.0,-4.3,False
r-brahinski,2020,37225.3,12390.0,200.45,False
r-buda-kashalouski,2020,30147.6,30968.0,-2.65,True
r-vietkauski,2020,15947.8,17551.0,-9.13,False
r-homielski,2020,716093.6,579463.5,23.58,False
r-dobrushski,2020,32885.8,36458.5,-9.8,False
r-jelski,2020,15120.9,15170.5,-0.33,True
r-zhlobinski,2020,94071.9,100740.0,-6.62,False
r-zhytkavicki,2020,34575.2,34718.0,-0.41,True
r-kalinkavicki,2020,55519.6,57457.0,-3.37,False
r-karmianski,2020,13033.7,14029.0,-7.09,False
r-lelchycki,2020,24320.3,24938.0,-2.48,True
r-lojeuski,2020,12295.5,11779.5,4.38,False
r-mazyrski,2020,116034.0,127646.5,-9.1,False
r-naraulanski,2020,9998.9,10722.0,-6.74,False
r-pietrykauski,2020,28064.8,27344.5,2.63,True
r-rahachouski,2020,53094.5,53659.0,-1.05,True
r-rechycki,2020,92450.4,98320.0,-5.97,False
r-svietlahorski,2020,79239.4,80263.0,-1.28,True
r-chojnicki,2020,19415.0,19523.5,-0.56,True
r-chacherski,2020,13851.5,14718.5,-5.89,False
r-astraviecki,2020,20391.8,28140.0,-27.53,False
r-ashmianski,2020,27313.8,30703.5,-11.04,False
r-bierastavicki,2020,15110.3,15446.0,-2.17,True
r-vaukavyski,2020,64136.6,67678.5,-5.23,False
r-voranauski,2020,24911.5,24020.5,3.71,False
r-hrodzienski,2020,478856.6,406693.5,17.74,False
r-dziatlauski,2020,24375.3,24758.0,-1.55,True
r-zelvienski,2020,15208.9,14376.0,5.79,False
r-iujeuski,2020,23165.9,21697.5,6.77,False
r-karelicki,2020,19291.8,19690.5,-2.03,True
r-lidski,2020,115506.2,135014.5,-14.45,False
r-mastouski,2020,28107.8,27340.5,2.81,True
r-navahrudski,2020,41696.7,42843.5,-2.68,True
r-svislacki,2020,15312.3,14572.5,5.08,False
r-slonimski,2020,57409.7,63455.5,-9.53,False
r-smarhonski,2020,47726.6,50696.5,-5.86,False
r-shchuchynski,2020,38870.0,35269.0,10.21,False
r-barysauski,2020,256451.3,175026.5,46.52,False
r-biarezinski,2020,20306.2,22950.0,-11.52,False
r-valozhynski,2020,30078.0,34476.0,-12.76,False
r-vilejski,2020,43852.9,48208.5,-9.03,False
r-dziarzhynski,2020,54167.4,69874.5,-22.48,False
r-kapylski,2020,26739.3,28428.0,-5.94,False
r-klecki,2020,26270.3,27333.0,-3.89,False
r-krupski,2020,21945.2,23146.0,-5.19,False
r-lahojski,2020,30540.4,38654.5,-20.99,False
r-lubanski,2020,29283.4,30042.5,-2.53,True
r-maladziechanski,2020,122481.3,132268.5,-7.4,False
r-minski,2020,320269.2,254764.0,25.71,False
r-miadzielski,2020,24817.9,25980.5,-4.47,False
r-niasvizhski,2020,36188.2,39584.5,-8.58,False
r-puchavicki,2020,58461.8,68988.0,-15.26,False
r-salihorski,2020,119224.7,131009.0,-9.0,False
r-slucki,2020,83050.2,88709.5,-6.38,False
r-smalavicki,2020,82473.6,116506.0,-29.21,False
r-staradarozhski,2020,18558.5,20390.5,-8.98,False
r-staubcouski,2020,36314.8,38646.5,-6.03,False
r-uzdzienski,2020,20894.9,23847.5,-12.38,False
r-chervienski,2020,28145.1,33459.0,-15.88,False
r-asipovicki,2020,43855.8,45757.5,-4.16,False
r-babrujski,2020,220160.3,229986.0,-4.27,False
r-bychauski,2020,28247.8,30228.0,-6.55,False
r-bialynicki,2020,17491.8,18738.0,-6.65,False
r-hluski,2020,13074.9,13227.5,-1.15,True
r-horacki,2020,36819.0,40276.0,-8.58,False
r-drybinski,2020,9944.9,10311.0,-3.55,False
r-kasciukovicki,2020,21481.6,22781.5,-5.71,False
r-kirauski,2020,19129.8,18316.5,4.44,False
r-klimavicki,2020,23972.7,23656.0,1.34,True
r-klichauski,2020,14116.0,14512.0,-2.73,True
r-krasnapolski,2020,9080.2,9436.5,-3.78,False
r-kruhlanski,2020,12956.9,13594.0,-4.69,False
r-krychauski,2020,29257.4,29530.0,-0.92,True
r-mahilouski,2020,467964.6,399074.5,17.26,False
r-mscislauski,2020,20024.7,19829.5,0.98,True
r-slauharadski,2020,12323.3,12997.5,-5.19,False
r-chocimski,2020,10436.0,10472.5,-0.35,True
r-chavuski,2020,17219.5,18011.0,-4.39,False
r-cherykauski,2020,11968.9,13235.5,-9.57,False
r-shklouski,2020,25037.1,25826.0,-3.05,False
BY-HM,2020,1849713.9,2014033.5,-8.16,False
