check,expected,actual,status,comment
BY: сумма районов 2019 + г. Минск = страна (data.json),9413446,9413446,OK,районов с данными 118: 7395165; Минск 2018281
BY: сумма районов BY-BR 2019 = область (data.json),1348115,1348115,OK,
BY: сумма районов BY-HO 2019 = область (data.json),1388512,1388512,OK,
BY: сумма районов BY-HR 2019 = область (data.json),1026816,1026816,OK,
BY: сумма районов BY-MA 2019 = область (data.json),1024751,1024751,OK,
BY: сумма районов BY-MI 2019 = область (data.json),1471240,1471240,OK,
BY: сумма районов BY-VI 2019 = область (data.json),1135731,1135731,OK,
BY: сумма районов 1989 + г. Минск = страна (data.json),10199709,10176175,DIFF (объяснено),"районов с данными 117: 8586739; Минск 1589436; нет данных: Дрибинский район; разница 23534 = пункты, подчинённые Минскому горсовету вне черты города (Демоскоп: Минский горсовет 1612970 − г. Минск 1589436); Дрибинский район в 1989 ещё не существовал"
BY: сумма районов 2026 + г. Минск = страна (data.json),9056080,9022796,DIFF (объяснено),районов с данными 117: 7027705; Минск 1995091; нет данных: Червенский район; разница = отсутствующий Червенский район (остаток 33284)
BY 1989: data.json pop = Демоскоп (район + города обл. подчинения в полигоне),117 районов с данными 1989,114 совпали точно,DIFF,"Могилёвский район: data.json 414372 vs Демоскоп 55184 (Могилевский район (сельское население) 55184 + []) | Рогачёвский район: data.json 89408 vs Демоскоп 77700 (Рогачевский район 41943 + [('г. Рогачев', 35757)]) | Речицкий район: data.json 111370 vs Демоскоп 123078 (Речицкий район 53651 + [('г. Речица', 69427)]) || Объяснение: у Могилёвского в Демоскопе нет строки горсовета (data.json = район + г. Могилёв 359188, сходится); Рогачёвский/Речицкий — в data.json переставлены значения районов (41943↔53651; то же в 1970 и 1979 по копиям Демоскопа проекта data/raw/demo70/79/89.html); перепись 1999 (без центра: Рогачёвский 34955, Речицкий 47439) согласуется с разметкой Демоскопа"
LT: сумма 60 самоуправлений 2021 = Lietuvos Respublika (OSP),2810761,2810761,OK,
LT: сумма 60 самоуправлений 1996 = Lietuvos Respublika (OSP),3615212,3615212,OK,
LT: сумма 60 самоуправлений 2026 = Lietuvos Respublika (OSP),2887592,2887592,OK,
LT: страна на 1.01.2021 = итог переписи 2021 (2 810 761),2810761,2810761,OK,значение 2021 в OSP помечено «patikslinti ir perskaičiuoti»
LV: Krāslava novads (2009) 1990 = 25 318,25318,25318,OK,
LV: Krāslava novads (2009) 2022 = 13 165,13165,13165,OK,
LV: сумма 21 единицы 1990 = Latgale region (LV005),422311,422311,OK,
LV: сумма 21 единицы 2000 = Latgale region (LV005),385660,385660,OK,
LV: сумма 21 единицы 2011 = Latgale region (LV005),304986,304986,OK,
LV: сумма 21 единицы 2021 = Latgale region (LV005),252682,252682,OK,
LV: сумма 21 единицы 2022 = Latgale region (LV005),247220,247220,OK,
Демоскоп 1989: сумма строк = итог «Литовская ССР.»,3689779,3689779,OK,55 строк
Демоскоп 1989: сумма строк = итог «Латвийская ССР.»,2680029,2680029,OK,33 строк
Демоскоп 1989: сумма строк = итог «Псковская область»,846449,846449,OK,27 строк
Демоскоп 1989: сумма строк = итог «Смоленская область»,1158299,1158299,OK,31 строк
Демоскоп 1989: сумма строк = итог «Брянская область»,1474785,1474785,OK,31 строк
Демоскоп 1989: сумма строк = итог «Волынская область.»,1061181,1061181,OK,19 строк
Демоскоп 1989: сумма строк = итог «Ровенская область.»,1169687,1169687,OK,18 строк
Демоскоп 1989: сумма строк = итог «Житомирская область.»,1545433,1545433,OK,26 строк
Демоскоп 1989: сумма строк = итог «Киевская область.»,1939973,1939973,OK,33 строк
Демоскоп 1989: сумма строк = итог «Черниговская область.»,1415907,1415907,OK,25 строк
RU приграничье 2002: ВПН-2002 табл.1.4 = столбец census2002_admin_district(T1.4),17 единиц,16 совпали,OK,; пусто в таблице координатора: RU-SMO-ershichskij_r (взято из офиц. таблицы)
RU приграничье 2010: ВПН-2010 табл.11 vs столбец census2010_localities_sum(FGIS),17 единиц,1 совпали,INFO,RU-PSK-nevelskij_r: табл. коорд. 27253 vs офиц. 26657; RU-PSK-pustoshkinskij_r: табл. коорд. 9792 vs офиц. 9379; RU-PSK-usvyatskij_r: табл. коорд. 5630 vs офиц. 5598; RU-PSK-sebezhskij_r: табл. коорд. 23622 vs офиц. 21674; RU-SMO-ershichskij_r: табл. коорд. 7106 vs офиц. 7102; RU-SMO-hislavichskij_r: табл. коорд. 9078 vs офиц. 9070; RU-SMO-shumyachskij_r: табл. коорд. 11126 vs офиц. 10713; RU-SMO-velizhskij_r: табл. коорд. 12259 vs офиц. 12248; RU-SMO-rudnyanskij_r: табл. коорд. 24311 vs офиц. 25244; RU-SMO-krasninskij_r: табл. коорд. 13769 vs офиц. 12895; RU-SMO-monastyrshchinskij_r: табл. коорд. 10969 vs офиц. 10788; RU-BRY-kletnyanskij_r: табл. коорд. 20169 vs офиц. 20166; RU-BRY-surazhskij_r: табл. коорд. 24756 vs офиц. 24623; RU-BRY-gordeevskij_r: табл. коорд. 12215 vs офиц. 12218; RU-BRY-zlynkovskij_r: табл. коорд. 12922 vs офиц. 12917; RU-BRY-klimovskij_r: табл. коорд. 30312 vs офиц. 30003
RU приграничье 2021: ВПН-2021 табл.5 = столбец census2021_localities_sum(FGIS),17 единиц,17 совпали,OK,
RU приграничье 2025: БД ПМО 2025 = столбец est_2025_or_2024(BD_PMO),17 единиц,17 совпали,OK,
PL: Gródek 1995 = 6769,6769,6769,OK,
PL: Gródek 2025 = 4757,4757,4757,OK,
PL: Podlaskie 1988 — сумма гмин (информативно),,1188547,INFO,118 гмин с данными
PL: Lubelskie 1988 — сумма гмин (информативно),,2209221,INFO,213 гмин с данными
PL: Podlaskie 1995 — сумма гмин (информативно),,1221877,INFO,118 гмин с данными
PL: Lubelskie 1995 — сумма гмин (информативно),,2244628,INFO,212 гмин с данными
PL: Podlaskie 2002 — сумма гмин (информативно),,1207704,INFO,118 гмин с данными
PL: Lubelskie 2002 — сумма гмин (информативно),,2196992,INFO,213 гмин с данными
PL: Podlaskie 2011 — сумма гмин (информативно),,1200982,INFO,118 гмин с данными
PL: Lubelskie 2011 — сумма гмин (информативно),,2171857,INFO,213 гмин с данными
PL: Podlaskie 2021 — сумма гмин (информативно),,1148720,INFO,118 гмин с данными
PL: Lubelskie 2021 — сумма гмин (информативно),,2038299,INFO,213 гмин с данными
PL: Podlaskie 2025 — сумма гмин (информативно),,1126679,INFO,119 гмин с данными
PL: Lubelskie 2025 — сумма гмин (информативно),,1980772,INFO,213 гмин с данными
PL: powiat sokólski 1988: сумма 10 гмин = агрегат BDL (by-unit 062013711000),80988,80988,OK,NSP 1988 в API под годом 1998
PL: powiat sokólski 1995: сумма 10 гмин = агрегат BDL (by-unit 062013711000),80506,80506,OK,
PL: powiat sokólski 2002: сумма 10 гмин = агрегат BDL (by-unit 062013711000),74606,74606,OK,
PL: powiat sokólski 2011: сумма 10 гмин = агрегат BDL (by-unit 062013711000),71678,71678,OK,
PL: powiat sokólski 2021: сумма 10 гмин = агрегат BDL (by-unit 062013711000),62775,62775,OK,
PL: powiat sokólski 2025: сумма 10 гмин = агрегат BDL (by-unit 062013711000),59827,59827,OK,
geo: единицы без координат,0,0,OK,
