region,unit_OSM_2026,area_km2,census1989_admin_district(Demoscope),census2002_admin_district(T1.4),census2002_localities_sum(FGIS),est_2009(BD_PMO),census2010_localities_sum(FGIS),est_2021(BD_PMO),census2021_localities_sum(FGIS),est_2022(BD_PMO),est_2023(BD_PMO),est_2025_or_2024(BD_PMO)
Псковская,Невельский муниципальный округ,2676.7,38951,31419,31423,27246,27253,22289,21554,21353,20868,20047
Псковская,Пустошкинский муниципальный округ,1856.3,14063,12071,11978,10185,9792,7565,7691,7615,7404,6993
Псковская,Усвятский муниципальный округ,1106.8,7905,6360,6360,5595,5630,4773,4841,4830,4747,4699
Псковская,Себежский муниципальный округ,3056.3,26926,25473,25186,22366,23622,18503,19103,19040,18606,18046
Смоленская,Ершичский муниципальный округ,1046.9,11544,,8879,7468,7106,5586,5357,5330,5172,4926
Смоленская,Хиславичский муниципальный округ,1153.0,15071,12007,11781,9745,9078,7478,6719,6675,6535,6268
Смоленская,Шумячский муниципальный округ,1368.7,17678,14032,14249,11362,11126,8749,8545,8463,8196,7753
Смоленская,Велижский муниципальный округ,1482.4,17239,14329,14349,12649,12259,10117,9391,9283,8985,8583
Смоленская,Руднянский муниципальный округ,2116.7,34724,28037,27363,25845,24311,21940,21283,21199,20861,20184
Смоленская,Краснинский муниципальный округ,1498.5,18758,15537,15213,13522,13769,11647,10786,10720,10449,9981
Смоленская,Монастырщинский муниципальный округ,1517.5,17559,13876,14675,11289,10969,8572,8232,8154,7915,7570
Брянская,Клетнянский район,1580.0,23885,22501,22492,20600,20169,17563,17032,17219,16687,16202
Брянская,Суражский район,1128.9,31697,27223,27217,25115,24756,21681,22345,21221,21884,21522
Брянская,Гордеевский район,851.0,16675,13956,13388,12401,12215,10147,10060,9964,9808,9513
Брянская,Красногорский район,1073.8,23216,16863,16825,14701,13208,11355,10250,11235,10092,9795
Брянская,Злынковский район,735.3,17205,14056,14056,13171,12922,11873,11610,11822,11527,11289
Брянская,Новозыбковский городской округ,1024.0,18424,,59144,12915,54842,,49379,,,
Брянская,Климовский район,1547.8,40119,34556,34563,31205,30312,24998,25897,24686,25313,24461
