oblast,old_raion,area_km2_GADM,census1989_thousands*1000(2001.ukrcensus),census2001_thousands*1000(2001.ukrcensus),est_2009(bulletin2011),est_2018(bulletin2020),est_2020(bulletin2020),est_2022_localities_by_KOATUU(data.gov.ua)
Chernihiv,Чернігівський (old raion),2545.0,75800,61300,54594,52503,51152,49634
Chernihiv,Городнянський (old raion),1644.6,44400,36300,31547,27861,26850,25854
Chernihiv,Ріпкинський (old raion),2007.6,47300,37600,31558,26770,25646,24293
Kiev,Іванківський (old raion),3457.3,43200,35400,31935,29765,29174,28573
Kiev,Поліський (old raion),1381.7,30500,7500,6346,5624,5456,5387
Rivne,Дубровицький (old raion),1831.0,56200,50900,48585,47503,46727,46467
Rivne,Рокитнівський (old raion),2371.4,49700,51900,52769,57583,58223,58362
Rivne,Зарічненський (old raion),1378.6,37100,36100,35104,35115,34722,34467
Volyn,Любешівський (old raion),1431.2,37000,36800,35659,35824,35134,35416
Volyn,Ратнівський (old raion),1382.3,52100,52600,51624,52193,51817,48815
Volyn,Шацький (old raion),805.7,18900,18200,17295,16764,16585,16245
Zhytomyr,Народицький (old raion),1227.9,24300,11400,9572,9501,9458,9282
Zhytomyr,Олевський (old raion),2257.4,57400,46900,42511,41423,40721,39876
Zhytomyr,Овруцький (old raion),3095.7,85000,67800,61173,55608,53916,51955
