bulletin,row,y1,y2,y3,years
chnas_2011,Бахчисарайський район,89897,90113,90339,2009;2010;2011
chnas_2011,Білогірський район,64050,63943,63949,2009;2010;2011
chnas_2011,Джанкойський район,75370,74923,74538,2009;2010;2011
chnas_2011,Кіровський район,54029,53991,53844,2009;2010;2011
chnas_2011,Красногвардійський район,90772,90711,90722,2009;2010;2011
chnas_2011,Красноперекопський район,29879,29809,29634,2009;2010;2011
chnas_2011,Ленінський район,63915,63565,63486,2009;2010;2011
chnas_2011,Нижньогірський район,51471,51233,50935,2009;2010;2011
chnas_2011,Первомайський район,36239,36014,35790,2009;2010;2011
chnas_2011,Роздольненський район,34633,34528,34364,2009;2010;2011
chnas_2011,Сакський район,77140,77456,77665,2009;2010;2011
chnas_2011,Сімферопольський район,154456,155338,156210,2009;2010;2011
chnas_2011,Совєтський район,34257,34295,34241,2009;2010;2011
chnas_2011,Чорноморський район,31827,31893,31904,2009;2010;2011
chnas_2011,Барський район,55468,54938,54554,2009;2010;2011
chnas_2011,Бершадський район,64349,63604,62899,2009;2010;2011
chnas_2011,Вінницький район,75886,76256,76605,2009;2010;2011
chnas_2011,Гайсинський район,60304,59828,59306,2009;2010;2011
chnas_2011,Жмеринський район,37074,36690,36327,2009;2010;2011
chnas_2011,Іллінецький район,39171,38953,38742,2009;2010;2011
chnas_2011,Калинівський район,60489,60123,59884,2009;2010;2011
chnas_2011,Козятинський район,42318,41944,41535,2009;2010;2011
chnas_2011,Крижопільський район,36277,35780,35408,2009;2010;2011
chnas_2011,Липовецький район,40631,40336,40002,2009;2010;2011
chnas_2011,Літинський район,38085,37632,37198,2009;2010;2011
chnas_2011,Могилів-Подільський район,35602,35114,34761,2009;2010;2011
chnas_2011,Мурованокуриловецький район,28486,27973,27524,2009;2010;2011
chnas_2011,Немирівський район,53327,52764,52242,2009;2010;2011
chnas_2011,Оратівський район,23736,23336,22982,2009;2010;2011
chnas_2011,Піщанський район,22590,22274,22107,2009;2010;2011
chnas_2011,Погребищенський район,33245,32805,32437,2009;2010;2011
chnas_2011,Теплицький район,31347,30872,30527,2009;2010;2011
chnas_2011,Томашпільський район,35931,35622,35233,2009;2010;2011
chnas_2011,Тростянецький район,38277,37902,37603,2009;2010;2011
chnas_2011,Тульчинський район,59106,58621,58094,2009;2010;2011
chnas_2011,Тиврівський район,44363,44107,43904,2009;2010;2011
chnas_2011,Хмільницький район,39636,39171,38861,2009;2010;2011
chnas_2011,Чернівецький район,24229,23729,23338,2009;2010;2011
chnas_2011,Чечельницький район,23532,23233,22880,2009;2010;2011
chnas_2011,Шаргородський район,60257,59683,59268,2009;2010;2011
chnas_2011,Ямпільський район,43195,42679,42242,2009;2010;2011
chnas_2011,Володимир-Волинський район,25947,25795,25670,2009;2010;2011
chnas_2011,Горохівський район,54355,53975,53668,2009;2010;2011
chnas_2011,Іваничівський район,33609,33273,32993,2009;2010;2011
chnas_2011,Камінь-Каширський район,62017,62263,62494,2009;2010;2011
chnas_2011,Ківерцівський район,64402,64147,63968,2009;2010;2011
chnas_2011,Ковельський район,40973,40758,40675,2009;2010;2011
chnas_2011,Локачинський район,23435,23185,23026,2009;2010;2011
chnas_2011,Луцький район,59315,59769,60422,2009;2010;2011
chnas_2011,Любешівський район,35659,35697,35812,2009;2010;2011
chnas_2011,Любомльський район,40296,40051,39855,2009;2010;2011
chnas_2011,Маневицький район,55462,55368,55272,2009;2010;2011
chnas_2011,Ратнівський район,51624,51546,51651,2009;2010;2011
chnas_2011,Рожищенський район,40799,40587,40475,2009;2010;2011
chnas_2011,Старовижівський район,31485,31164,30980,2009;2010;2011
chnas_2011,Турійський район,26897,26785,26552,2009;2010;2011
chnas_2011,Шацький район,17295,17157,17084,2009;2010;2011
chnas_2011,Апостолівський район,58311,57989,57674,2009;2010;2011
chnas_2011,Васильківський район,34344,34106,33915,2009;2010;2011
chnas_2011,Верхньодніпровський район,54647,54616,54464,2009;2010;2011
chnas_2011,Дніпропетровський район,82172,82764,83396,2009;2010;2011
chnas_2011,Криворізький район,44295,44551,44736,2009;2010;2011
chnas_2011,Криничанський район,37004,36757,36576,2009;2010;2011
chnas_2011,Магдалинівський район,35454,35297,35087,2009;2010;2011
chnas_2011,Межівський район,25548,25367,25127,2009;2010;2011
chnas_2011,Нікопольський район,42940,42756,42643,2009;2010;2011
chnas_2011,Новомосковський район,74577,74533,74593,2009;2010;2011
chnas_2011,Павлоградський район,29488,29196,28912,2009;2010;2011
chnas_2011,Петриківський район,25440,25423,25542,2009;2010;2011
chnas_2011,Петропавлівський район,29836,29325,28832,2009;2010;2011
chnas_2011,Покровський район,37549,37175,36754,2009;2010;2011
chnas_2011,П'ятихатський район,47307,46934,46503,2009;2010;2011
chnas_2011,Синельниківський район,39382,39317,39202,2009;2010;2011
chnas_2011,Солонянський район,39828,39764,39654,2009;2010;2011
chnas_2011,Софіївський район,24153,23740,23424,2009;2010;2011
chnas_2011,Томаківський район,26810,26425,26149,2009;2010;2011
chnas_2011,Царичанський район,28190,27945,27821,2009;2010;2011
chnas_2011,Широківський район,28545,28359,28116,2009;2010;2011
chnas_2011,Юр'ївський район,14154,14032,13967,2009;2010;2011
chnas_2011,Амвросіївський район,48138,47465,46705,2009;2010;2011
chnas_2011,Артемівський район,47203,46650,45972,2009;2010;2011
chnas_2011,Великоновосілківський район,43612,42975,42372,2009;2010;2011
chnas_2011,Волноваський район,86523,86015,85297,2009;2010;2011
chnas_2011,Володарський район,29859,29776,29605,2009;2010;2011
chnas_2011,Добропільський район,17687,17359,17104,2009;2010;2011
chnas_2011,Костянтинівський район,19472,19451,19358,2009;2010;2011
chnas_2011,Красноармійський район,33555,33144,32792,2009;2010;2011
chnas_2011,Краснолиманський район,20718,20508,22373,2009;2010;2011
chnas_2011,Мар'їнський район,85514,85272,84815,2009;2010;2011
chnas_2011,Новоазовський район,36931,36724,36364,2009;2010;2011
chnas_2011,Олександрівський район,20712,20432,20090,2009;2010;2011
chnas_2011,Першотравневий район,27731,27601,27391,2009;2010;2011
chnas_2011,Слов'янський район,35170,34919,34661,2009;2010;2011
chnas_2011,Старобешівський район,52008,51748,51371,2009;2010;2011
chnas_2011,Тельманівський район,30879,30561,30235,2009;2010;2011
chnas_2011,Шахтарський район,20830,20556,20275,2009;2010;2011
chnas_2011,Ясинуватський район,28659,28538,28214,2009;2010;2011
chnas_2011,Андрушівський район,35734,35367,35022,2009;2010;2011
chnas_2011,Баранівський район,43000,42517,42190,2009;2010;2011
chnas_2011,Бердичівський район,30318,29885,29669,2009;2010;2011
chnas_2011,Брусилівський район,16284,16050,15811,2009;2010;2011
chnas_2011,Володарсько-Волинський район,36067,35831,35755,2009;2010;2011
chnas_2011,Ємільчинський район,36563,35961,35383,2009;2010;2011
chnas_2011,Житомирський район,69240,69437,69708,2009;2010;2011
chnas_2011,Коростенський район,29672,29233,28919,2009;2010;2011
chnas_2011,Коростишівський район,41529,41311,41199,2009;2010;2011
chnas_2011,Лугинський район,18181,17901,17627,2009;2010;2011
chnas_2011,Любарський район,28872,28634,28204,2009;2010;2011
chnas_2011,Малинський район,20732,20378,20119,2009;2010;2011
chnas_2011,Народицький район,9572,9636,9656,2009;2010;2011
chnas_2011,Новоград-Волинський район,48300,47904,47570,2009;2010;2011
chnas_2011,Овруцький район,61173,60621,59950,2009;2010;2011
chnas_2011,Олевський район,42511,42249,42121,2009;2010;2011
chnas_2011,Попільнянський район,33989,33657,33403,2009;2010;2011
chnas_2011,Радомишльський район,38141,37724,37271,2009;2010;2011
chnas_2011,Романівський район,30434,30045,29629,2009;2010;2011
chnas_2011,Ружинський район,29967,29580,29077,2009;2010;2011
chnas_2011,Червоноармійський район,24191,24007,23841,2009;2010;2011
chnas_2011,Черняхівський район,31240,30990,30688,2009;2010;2011
chnas_2011,Чуднівський район,37824,37249,36834,2009;2010;2011
chnas_2011,Берегівський район,51968,51792,51720,2009;2010;2011
chnas_2011,Великоберезнянський район,26543,26507,26414,2009;2010;2011
chnas_2011,Виноградівський район,117766,117921,118489,2009;2010;2011
chnas_2011,Воловецький район,24324,24286,24325,2009;2010;2011
chnas_2011,Іршавський район,98535,98813,98865,2009;2010;2011
chnas_2011,Міжгірський район,48518,48334,48186,2009;2010;2011
chnas_2011,Мукачівський район,100304,100389,100620,2009;2010;2011
chnas_2011,Перечинський район,31075,31069,31131,2009;2010;2011
chnas_2011,Рахівський район,90252,90433,90783,2009;2010;2011
chnas_2011,Свалявський район,54123,54157,54231,2009;2010;2011
chnas_2011,Тячівський район,172074,172417,172959,2009;2010;2011
chnas_2011,Ужгородський район,67708,67985,68362,2009;2010;2011
chnas_2011,Хустський район,95106,95175,95272,2009;2010;2011
chnas_2011,Бердянський район,27352,27019,26693,2009;2010;2011
chnas_2011,Василівський район,67268,66746,66285,2009;2010;2011
chnas_2011,Великобілозерський район,8488,8396,8346,2009;2010;2011
chnas_2011,Веселівський район,22602,22477,22285,2009;2010;2011
chnas_2011,Вільнянський район,48730,48477,48220,2009;2010;2011
chnas_2011,Гуляйпільський район,29555,29062,28650,2009;2010;2011
chnas_2011,Запорізький район,56907,57163,57341,2009;2010;2011
chnas_2011,Кам'янсько-Дніпровський район,42329,42147,41825,2009;2010;2011
chnas_2011,Куйбишевський район,24553,24199,23928,2009;2010;2011
chnas_2011,Мелітопольський район,51638,51298,50929,2009;2010;2011
chnas_2011,Михайлівський район,30261,30109,29940,2009;2010;2011
chnas_2011,Новомиколаївський район,17475,17277,17045,2009;2010;2011
chnas_2011,Оріхівський район,48516,48159,47871,2009;2010;2011
chnas_2011,Пологівський район,43390,42978,42552,2009;2010;2011
chnas_2011,Приазовський район,29506,29206,28956,2009;2010;2011
chnas_2011,Приморський район,32004,31679,31484,2009;2010;2011
chnas_2011,Розівський район,10059,9845,9647,2009;2010;2011
chnas_2011,Токмацький район,24761,24450,24090,2009;2010;2011
chnas_2011,Чернігівський район,19085,18777,18424,2009;2010;2011
chnas_2011,Якимівський район,35416,35128,34937,2009;2010;2011
chnas_2011,Богородчанський район,69154,69396,69498,2009;2010;2011
chnas_2011,Верховинський район,29475,29540,29634,2009;2010;2011
chnas_2011,Галицький район,62429,62093,61845,2009;2010;2011
chnas_2011,Городенківський район,56639,56368,56027,2009;2010;2011
chnas_2011,Долинський район,69462,69321,69240,2009;2010;2011
chnas_2011,Калуський район,60949,60811,60538,2009;2010;2011
chnas_2011,Коломийський район,101813,101476,100980,2009;2010;2011
chnas_2011,Косівський район,88371,88256,88209,2009;2010;2011
chnas_2011,Надвірнянський район,113057,113405,113798,2009;2010;2011
chnas_2011,Рогатинський район,45418,44732,44122,2009;2010;2011
chnas_2011,Рожнятівський район,73715,73731,73555,2009;2010;2011
chnas_2011,Снятинський район,66480,66300,66192,2009;2010;2011
chnas_2011,Тисменицький район,83153,83159,83402,2009;2010;2011
chnas_2011,Тлумацький район,49974,49659,49284,2009;2010;2011
chnas_2011,Баришівський район,37700,37356,37125,2009;2010;2011
chnas_2011,Білоцерківський район,50599,50109,49696,2009;2010;2011
chnas_2011,Богуславський район,36964,36640,36379,2009;2010;2011
chnas_2011,Бориспільський район,52723,52420,52415,2009;2010;2011
chnas_2011,Бородянський район,56885,56988,57050,2009;2010;2011
chnas_2011,Броварський район,69072,68742,68553,2009;2010;2011
chnas_2011,Васильківський район,59606,58603,58060,2009;2010;2011
chnas_2011,Володарський район,19305,18848,18568,2009;2010;2011
chnas_2011,Вишгородський район,71895,71744,71639,2009;2010;2011
chnas_2011,Згурівський район,18830,18396,17946,2009;2010;2011
chnas_2011,Іванківський район,31935,31549,31243,2009;2010;2011
chnas_2011,Кагарлицький район,34964,34710,34545,2009;2010;2011
chnas_2011,Києво-Святошинський район,153312,154348,155425,2009;2010;2011
chnas_2011,Макарівський район,40228,39396,38815,2009;2010;2011
chnas_2011,Миронівський район,36125,35763,35469,2009;2010;2011
chnas_2011,Обухівський район,35789,35534,35547,2009;2010;2011
chnas_2011,Переяслав-Хмельницький район,31138,30591,30068,2009;2010;2011
chnas_2011,Поліський район,6346,6191,6081,2009;2010;2011
chnas_2011,Рокитнянський район,30016,29292,28775,2009;2010;2011
chnas_2011,Сквирський район,39925,39489,39243,2009;2010;2011
chnas_2011,Ставищенський район,24734,24321,23841,2009;2010;2011
chnas_2011,Таращанський район,31323,30808,30291,2009;2010;2011
chnas_2011,Тетіївський район,33192,32887,32568,2009;2010;2011
chnas_2011,Фастівський район,32643,32158,31752,2009;2010;2011
chnas_2011,Яготинський район,35058,34781,34508,2009;2010;2011
chnas_2011,Бобринецький район,27734,27203,26919,2009;2010;2011
chnas_2011,Вільшанський район,13899,13634,13484,2009;2010;2011
chnas_2011,Гайворонський район,40334,40112,39714,2009;2010;2011
chnas_2011,Голованівський район,33275,33048,32663,2009;2010;2011
chnas_2011,Добровеличківський район,37413,36622,35942,2009;2010;2011
chnas_2011,Долинський район,35814,35685,35588,2009;2010;2011
chnas_2011,Знам'янський район,25424,24956,24560,2009;2010;2011
chnas_2011,Кіровоградський район,37772,37722,37655,2009;2010;2011
chnas_2011,Компаніївський район,16111,15978,15810,2009;2010;2011
chnas_2011,Маловисківський район,46461,46047,45676,2009;2010;2011
chnas_2011,Новгородківський район,16545,16367,16216,2009;2010;2011
chnas_2011,Новоархангельський район,26584,26195,25925,2009;2010;2011
chnas_2011,Новомиргородський район,30831,30394,30054,2009;2010;2011
chnas_2011,Новоукраїнський район,44940,44572,44238,2009;2010;2011
chnas_2011,Олександрівський район,30762,30181,29574,2009;2010;2011
chnas_2011,Олександрійський район,38281,37956,37493,2009;2010;2011
chnas_2011,Онуфріївський район,19462,19328,19187,2009;2010;2011
chnas_2011,Петрівський район,25994,25835,25519,2009;2010;2011
chnas_2011,Світловодський район,13968,13588,13349,2009;2010;2011
chnas_2011,Ульяновський район,24806,24398,24044,2009;2010;2011
chnas_2011,Устинівський район,14173,14042,13842,2009;2010;2011
chnas_2011,Антрацитівський район,32760,32315,31850,2009;2010;2011
chnas_2011,Біловодський район,25222,24947,24760,2009;2010;2011
chnas_2011,Білокуракинський район,20567,20385,20189,2009;2010;2011
chnas_2011,Краснодонський район,30604,30441,30267,2009;2010;2011
chnas_2011,Кремінський район,44350,43742,43066,2009;2010;2011
chnas_2011,Лутугинський район,69432,68821,68411,2009;2010;2011
chnas_2011,Марківський район,16573,16413,16197,2009;2010;2011
chnas_2011,Міловський район,15960,15914,15795,2009;2010;2011
chnas_2011,Новоайдарський район,26185,25984,25779,2009;2010;2011
chnas_2011,Новопсковський район,35888,35729,35549,2009;2010;2011
chnas_2011,Перевальський район,75145,74077,73115,2009;2010;2011
chnas_2011,Попаснянський район,42882,42344,41722,2009;2010;2011
chnas_2011,Сватівський район,39003,38482,38034,2009;2010;2011
chnas_2011,Свердловський район,12757,12557,12374,2009;2010;2011
chnas_2011,Слов'яносербський район,56437,56066,55919,2009;2010;2011
chnas_2011,Станично-Луганський район,49985,49798,49734,2009;2010;2011
chnas_2011,Старобільський район,49871,49062,48263,2009;2010;2011
chnas_2011,Троїцький район,21962,21738,21473,2009;2010;2011
chnas_2011,Бродівський район,61097,60943,60483,2009;2010;2011
chnas_2011,Буський район,46816,46609,46481,2009;2010;2011
chnas_2011,Городоцький район,69908,69708,69472,2009;2010;2011
chnas_2011,Дрогобицький район,74345,74329,74444,2009;2010;2011
chnas_2011,Жидачівський район,73118,72405,71724,2009;2010;2011
chnas_2011,Жовківський район,109093,109345,109388,2009;2010;2011
chnas_2011,Золочівський район,70695,70378,70166,2009;2010;2011
chnas_2011,Кам'янка-Бузький район,57833,57633,57515,2009;2010;2011
chnas_2011,Миколаївський район,63697,63535,63382,2009;2010;2011
chnas_2011,Мостиський район,57690,57495,57381,2009;2010;2011
chnas_2011,Перемишлянський район,41328,40925,40403,2009;2010;2011
chnas_2011,Пустомитівський район,111201,111835,112361,2009;2010;2011
chnas_2011,Радехівський район,49296,48972,48740,2009;2010;2011
chnas_2011,Самбірський район,70346,69951,69700,2009;2010;2011
chnas_2011,Сколівський район,47116,47115,47198,2009;2010;2011
chnas_2011,Сокальський район,94210,93983,93728,2009;2010;2011
chnas_2011,Старосамбірський район,78695,78494,78236,2009;2010;2011
chnas_2011,Стрийський район,61988,61971,62056,2009;2010;2011
chnas_2011,Турківський район,50680,50424,50313,2009;2010;2011
chnas_2011,Яворівський район,122498,122744,123157,2009;2010;2011
chnas_2011,Арбузинський район,21625,21385,21109,2009;2010;2011
chnas_2011,Баштанський район,38691,38753,38683,2009;2010;2011
chnas_2011,Березанський район,24069,24010,23926,2009;2010;2011
chnas_2011,Березнегуватський район,21350,21278,21170,2009;2010;2011
chnas_2011,Братський район,19031,18910,18694,2009;2010;2011
chnas_2011,Веселинівський район,24386,24295,24113,2009;2010;2011
chnas_2011,Вознесенський район,31929,31790,31561,2009;2010;2011
chnas_2011,Врадіївський район,18925,18666,18435,2009;2010;2011
chnas_2011,Доманівський район,26641,26469,26262,2009;2010;2011
chnas_2011,Єланецький район,16164,16134,16066,2009;2010;2011
chnas_2011,Жовтневий район,51821,51668,51481,2009;2010;2011
chnas_2011,Казанківський район,21038,20876,20717,2009;2010;2011
chnas_2011,Кривоозерський район,26008,25771,25680,2009;2010;2011
chnas_2011,Миколаївський район,31589,31440,31373,2009;2010;2011
chnas_2011,Новобузький район,32161,32186,31946,2009;2010;2011
chnas_2011,Новоодеський район,34896,34697,34499,2009;2010;2011
chnas_2011,Очаківський район,15977,16018,15966,2009;2010;2011
chnas_2011,Первомайський район,32140,31903,31665,2009;2010;2011
chnas_2011,Снігурівський район,43157,42577,42134,2009;2010;2011
chnas_2011,Ананьївський район,28994,28638,28284,2009;2010;2011
chnas_2011,Арцизький район,46890,46572,46377,2009;2010;2011
chnas_2011,Балтський район,44425,43776,43439,2009;2010;2011
chnas_2011,Березівський район,34363,34250,34052,2009;2010;2011
chnas_2011,Білгород-Дністровський район,59977,60111,60232,2009;2010;2011
chnas_2011,Біляївський район,95193,94256,93612,2009;2010;2011
chnas_2011,Болградський район,69665,69456,69384,2009;2010;2011
chnas_2011,Великомихайлівський район,31148,30993,30992,2009;2010;2011
chnas_2011,Іванівський район,27200,27039,26954,2009;2010;2011
chnas_2011,Ізмаїльський район,52337,52148,52037,2009;2010;2011
chnas_2011,Кілійський район,54438,54078,53782,2009;2010;2011
chnas_2011,Кодимський район,31362,30975,30666,2009;2010;2011
chnas_2011,Комінтернівський район,69396,69387,69368,2009;2010;2011
chnas_2011,Котовський район,28556,28340,28099,2009;2010;2011
chnas_2011,Красноокнянський район,20930,20686,20556,2009;2010;2011
chnas_2011,Любашівський район,31404,31298,31161,2009;2010;2011
chnas_2011,Миколаївський район,17213,16909,16720,2009;2010;2011
chnas_2011,Овідіопольський район,67836,69167,70554,2009;2010;2011
chnas_2011,Ренійський район,38018,37953,37965,2009;2010;2011
chnas_2011,Роздільнянський район,56938,57154,57498,2009;2010;2011
chnas_2011,Савранський район,20270,20067,19858,2009;2010;2011
chnas_2011,Саратський район,46663,46278,45994,2009;2010;2011
chnas_2011,Тарутинський район,42339,42182,42035,2009;2010;2011
chnas_2011,Татарбунарський район,39405,39213,39160,2009;2010;2011
chnas_2011,Фрунзівський район,20039,20057,20104,2009;2010;2011
chnas_2011,Ширяївський район,27777,27515,27546,2009;2010;2011
chnas_2011,Великобагачанський район,27139,26750,26436,2009;2010;2011
chnas_2011,Гадяцький район,57719,57110,56711,2009;2010;2011
chnas_2011,Глобинський район,50066,49097,47975,2009;2010;2011
chnas_2011,Гребінківський район,23937,23673,23408,2009;2010;2011
chnas_2011,Диканський район,19992,19866,19656,2009;2010;2011
chnas_2011,Зіньківський район,37672,37193,36778,2009;2010;2011
chnas_2011,Карлівський район,37537,36957,36303,2009;2010;2011
chnas_2011,Кобеляцький район,46590,45805,45164,2009;2010;2011
chnas_2011,Козельщинський район,21394,21036,20742,2009;2010;2011
chnas_2011,Котелевський район,20257,20193,20045,2009;2010;2011
chnas_2011,Кременчуцький район,41670,41344,40963,2009;2010;2011
chnas_2011,Лохвицький район,46418,45962,45450,2009;2010;2011
chnas_2011,Лубенський район,34913,34426,33942,2009;2010;2011
chnas_2011,Машівський район,20685,20486,20337,2009;2010;2011
chnas_2011,Миргородський район,35348,34833,34369,2009;2010;2011
chnas_2011,Новосанжарський район,36715,36374,36067,2009;2010;2011
chnas_2011,Оржицький район,25922,25597,25325,2009;2010;2011
chnas_2011,Пирятинський район,33736,33419,33127,2009;2010;2011
chnas_2011,Полтавський район,66703,66621,66623,2009;2010;2011
chnas_2011,Решетилівський район,27535,27345,27121,2009;2010;2011
chnas_2011,Семенівський район,28014,27549,27198,2009;2010;2011
chnas_2011,Хорольський район,37582,37083,36674,2009;2010;2011
chnas_2011,Чорнухинський район,12935,12680,12440,2009;2010;2011
chnas_2011,Чутівський район,24382,24145,23965,2009;2010;2011
chnas_2011,Шишацький район,21886,21602,21376,2009;2010;2011
chnas_2011,Березнівський район,62602,62768,62749,2009;2010;2011
chnas_2011,Володимирецький район,60826,61215,61713,2009;2010;2011
chnas_2011,Гощанський район,36198,36040,35913,2009;2010;2011
chnas_2011,Демидівський район,15184,15049,14897,2009;2010;2011
chnas_2011,Дубенський район,46177,45951,45784,2009;2010;2011
chnas_2011,Дубровицький район,48585,48407,48323,2009;2010;2011
chnas_2011,Зарічненський район,35104,34881,34921,2009;2010;2011
chnas_2011,Здолбунівський район,56979,56920,56801,2009;2010;2011
chnas_2011,Корецький район,35379,34959,34589,2009;2010;2011
chnas_2011,Костопільський район,64059,64263,64424,2009;2010;2011
chnas_2011,Млинівський район,39164,38858,38568,2009;2010;2011
chnas_2011,Острозький район,29319,29242,29103,2009;2010;2011
chnas_2011,Радивилівський район,38235,38055,37806,2009;2010;2011
chnas_2011,Рівненський район,88218,88521,88938,2009;2010;2011
chnas_2011,Рокитнівський район,52769,52887,53267,2009;2010;2011
chnas_2011,Сарненський район,99269,99672,100135,2009;2010;2011
chnas_2011,Білопільський район,54906,54444,53766,2009;2010;2011
chnas_2011,Буринський район,29107,28292,27651,2009;2010;2011
chnas_2011,Великописарівський район,21667,21260,20839,2009;2010;2011
chnas_2011,Глухівський район,26316,25847,25335,2009;2010;2011
chnas_2011,Конотопський район,33089,32344,31951,2009;2010;2011
chnas_2011,Краснопільський район,30429,30163,29923,2009;2010;2011
chnas_2011,Кролевецький район,41706,41147,40614,2009;2010;2011
chnas_2011,Лебединський район,22868,22462,21947,2009;2010;2011
chnas_2011,Липоводолинський район,21048,20746,20363,2009;2010;2011
chnas_2011,Недригайлівський район,27055,26640,26210,2009;2010;2011
chnas_2011,Охтирський район,28461,28074,27721,2009;2010;2011
chnas_2011,Путивльський район,30526,30058,29691,2009;2010;2011
chnas_2011,Роменський район,38498,37571,36698,2009;2010;2011
chnas_2011,Середино-Будський район,17936,17765,17607,2009;2010;2011
chnas_2011,Сумський район,63158,63025,62954,2009;2010;2011
chnas_2011,Тростянецький район,38263,37816,37479,2009;2010;2011
chnas_2011,Шосткинський район,22129,21949,21724,2009;2010;2011
chnas_2011,Ямпільський район,26380,26007,25726,2009;2010;2011
chnas_2011,Бережанський район,42994,42631,42298,2009;2010;2011
chnas_2011,Борщівський район,70945,70260,69667,2009;2010;2011
chnas_2011,Бучацький район,63970,63943,63885,2009;2010;2011
chnas_2011,Гусятинський район,63655,63205,62772,2009;2010;2011
chnas_2011,Заліщицький район,49704,49309,48912,2009;2010;2011
chnas_2011,Збаразький район,59140,58943,58814,2009;2010;2011
chnas_2011,Зборівський район,44695,44270,43819,2009;2010;2011
chnas_2011,Козівський район,40072,39818,39505,2009;2010;2011
chnas_2011,Кременецький район,69880,69662,69442,2009;2010;2011
chnas_2011,Лановецький район,31135,30760,30529,2009;2010;2011
chnas_2011,Монастириський район,31279,30918,30522,2009;2010;2011
chnas_2011,Підволочиський район,44054,43878,43672,2009;2010;2011
chnas_2011,Підгаєцький район,20445,20225,19930,2009;2010;2011
chnas_2011,Теребовлянський район,68406,68080,67770,2009;2010;2011
chnas_2011,Тернопільський район,63877,64159,64457,2009;2010;2011
chnas_2011,Чортківський район,77154,76808,76407,2009;2010;2011
chnas_2011,Шумський район,34627,34419,34280,2009;2010;2011
chnas_2011,Балаклійський район,85476,84998,84571,2009;2010;2011
chnas_2011,Барвінківський район,25753,25270,24679,2009;2010;2011
chnas_2011,Близнюківський район,21420,21148,20774,2009;2010;2011
chnas_2011,Богодухівський район,40967,40676,40411,2009;2010;2011
chnas_2011,Борівський район,18334,18101,17846,2009;2010;2011
chnas_2011,Валківський район,33107,32869,32567,2009;2010;2011
chnas_2011,Великобурлуцький район,24277,23955,23725,2009;2010;2011
chnas_2011,Вовчанський район,49602,49125,48689,2009;2010;2011
chnas_2011,Дворічанський район,19057,18868,18751,2009;2010;2011
chnas_2011,Дергачівський район,95220,95019,94927,2009;2010;2011
chnas_2011,Зачепилівський район,16442,16299,16119,2009;2010;2011
chnas_2011,Зміївський район,74236,73522,73036,2009;2010;2011
chnas_2011,Золочівський район,28798,28290,27764,2009;2010;2011
chnas_2011,Ізюмський район,19211,18908,18684,2009;2010;2011
chnas_2011,Кегичівський район,21995,21867,21780,2009;2010;2011
chnas_2011,Коломацький район,7895,7783,7699,2009;2010;2011
chnas_2011,Красноградський район,46339,46081,45816,2009;2010;2011
chnas_2011,Краснокутський район,29867,29609,29339,2009;2010;2011
chnas_2011,Куп'янський район,26627,26309,26054,2009;2010;2011
chnas_2011,Лозівський район,31181,30950,30749,2009;2010;2011
chnas_2011,Нововодолазький район,35726,35339,34963,2009;2010;2011
chnas_2011,Первомайський район,17593,17248,17017,2009;2010;2011
chnas_2011,Печенізький район,10817,10686,10553,2009;2010;2011
chnas_2011,Сахновщинський район,22967,22764,22542,2009;2010;2011
chnas_2011,Харківський район,183591,182986,183083,2009;2010;2011
chnas_2011,Чугуївський район,47699,47246,46980,2009;2010;2011
chnas_2011,Шевченківський район,21388,21340,21216,2009;2010;2011
chnas_2011,Бериславський район,50612,50099,49697,2009;2010;2011
chnas_2011,Білозерський район,67548,67509,67456,2009;2010;2011
chnas_2011,Великолепетиський район,17839,17710,17569,2009;2010;2011
chnas_2011,Великоолександрівський район,27457,27179,26885,2009;2010;2011
chnas_2011,Верхньорогачицький район,12919,12762,12610,2009;2010;2011
chnas_2011,Високопільський район,15751,15695,15568,2009;2010;2011
chnas_2011,Генічеський район,61879,61726,61571,2009;2010;2011
chnas_2011,Голопристанський район,62078,61881,61682,2009;2010;2011
chnas_2011,Горностаївський район,20307,20252,20117,2009;2010;2011
chnas_2011,Іванівський район,15124,14931,14770,2009;2010;2011
chnas_2011,Каланчацький район,22324,22353,22298,2009;2010;2011
chnas_2011,Каховський район,36824,36614,36407,2009;2010;2011
chnas_2011,Нижньосірогозький район,17137,16946,16793,2009;2010;2011
chnas_2011,Нововоронцовський район,22458,22347,22153,2009;2010;2011
chnas_2011,Новотроїцький район,38095,37732,37453,2009;2010;2011
chnas_2011,Скадовський район,48672,48602,48630,2009;2010;2011
chnas_2011,Цюрупинський район,72910,72720,72570,2009;2010;2011
chnas_2011,Чаплинський район,36593,36279,36125,2009;2010;2011
chnas_2011,Білогірський район,28678,28359,28128,2009;2010;2011
chnas_2011,Віньковецький район,27143,26602,26179,2009;2010;2011
chnas_2011,Волочиський район,54987,54326,53786,2009;2010;2011
chnas_2011,Городоцький район,52294,51681,51043,2009;2010;2011
chnas_2011,Деражнянський район,33992,33518,33258,2009;2010;2011
chnas_2011,Дунаєвецький район,66755,65914,65198,2009;2010;2011
chnas_2011,Ізяславський район,48014,47296,46745,2009;2010;2011
chnas_2011,Кам'янець-Подільський район,69847,68979,68401,2009;2010;2011
chnas_2011,Красилівський район,55575,54934,54465,2009;2010;2011
chnas_2011,Летичівський район,30569,30164,29766,2009;2010;2011
chnas_2011,Новоушицький район,31941,31401,30934,2009;2010;2011
chnas_2011,Полонський район,47034,46663,46367,2009;2010;2011
chnas_2011,Славутський район,32194,31672,31301,2009;2010;2011
chnas_2011,Старокостянтинівський район,32323,31720,31155,2009;2010;2011
chnas_2011,Старосинявський район,22289,21964,21671,2009;2010;2011
chnas_2011,Теофіпольський район,28382,28476,28201,2009;2010;2011
chnas_2011,Хмельницький район,53194,52940,52877,2009;2010;2011
chnas_2011,Чемеровецький район,45030,44254,43625,2009;2010;2011
chnas_2011,Шепетівський район,36064,35698,35253,2009;2010;2011
chnas_2011,Ярмолинецький район,33856,33212,32575,2009;2010;2011
chnas_2011,Городищенський район,43735,43320,42818,2009;2010;2011
chnas_2011,Драбівський район,38318,37903,37417,2009;2010;2011
chnas_2011,Жашківський район,40005,39529,39084,2009;2010;2011
chnas_2011,Звенигородський район,48342,47779,47094,2009;2010;2011
chnas_2011,Золотоніський район,44064,43620,43265,2009;2010;2011
chnas_2011,Кам'янський район,30845,30300,29877,2009;2010;2011
chnas_2011,Канівський район,21118,20806,20577,2009;2010;2011
chnas_2011,Катеринопільський район,25909,25584,25286,2009;2010;2011
chnas_2011,Корсунь-Шевченківський район,45718,45426,45068,2009;2010;2011
chnas_2011,Лисянський район,25317,25060,24848,2009;2010;2011
chnas_2011,Маньківський район,29479,29314,29035,2009;2010;2011
chnas_2011,Монастирищенський район,38026,37759,37489,2009;2010;2011
chnas_2011,Смілянський район,34562,34298,33886,2009;2010;2011
chnas_2011,Тальнівський район,37566,36955,36374,2009;2010;2011
chnas_2011,Уманський район,45599,44940,44521,2009;2010;2011
chnas_2011,Христинівський район,36167,36022,35801,2009;2010;2011
chnas_2011,Черкаський район,77022,76845,76618,2009;2010;2011
chnas_2011,Чорнобаївський район,44540,43997,43329,2009;2010;2011
chnas_2011,Чигиринський район,30531,29948,29370,2009;2010;2011
chnas_2011,Шполянський район,47210,46719,46186,2009;2010;2011
chnas_2011,Вижницький район,56463,56132,55790,2009;2010;2011
chnas_2011,Герцаївський район,32250,32316,32367,2009;2010;2011
chnas_2011,Глибоцький район,72344,72694,72890,2009;2010;2011
chnas_2011,Заставнівський район,52410,51897,51524,2009;2010;2011
chnas_2011,Кельменецький район,43978,43515,43182,2009;2010;2011
chnas_2011,Кіцманський район,70619,70466,70231,2009;2010;2011
chnas_2011,Новоселицький район,82327,81668,80942,2009;2010;2011
chnas_2011,Путильський район,25483,25600,25651,2009;2010;2011
chnas_2011,Сокирянський район,45291,45004,44692,2009;2010;2011
chnas_2011,Сторожинецький район,96388,96855,97363,2009;2010;2011
chnas_2011,Хотинський район,66438,65827,65101,2009;2010;2011
chnas_2011,Бахмацький район,49275,48633,47984,2009;2010;2011
chnas_2011,Бобровицький район,36282,35780,35308,2009;2010;2011
chnas_2011,Борзнянський район,36552,35794,35108,2009;2010;2011
chnas_2011,Варвинський район,17831,17639,17368,2009;2010;2011
chnas_2011,Городнянський район,31547,31077,30630,2009;2010;2011
chnas_2011,Ічнянський район,35537,34949,34423,2009;2010;2011
chnas_2011,Козелецький район,52432,51407,50444,2009;2010;2011
chnas_2011,Коропський район,26938,26408,25867,2009;2010;2011
chnas_2011,Корюківський район,29498,29100,28815,2009;2010;2011
chnas_2011,Куликівський район,19505,19187,18829,2009;2010;2011
chnas_2011,Менський район,40400,39871,39305,2009;2010;2011
chnas_2011,Ніжинський район,31342,30683,30098,2009;2010;2011
chnas_2011,Новгород-Сіверський район,30354,29889,29308,2009;2010;2011
chnas_2011,Носівський район,32305,31877,31451,2009;2010;2011
chnas_2011,Прилуцький район,39358,38794,38210,2009;2010;2011
chnas_2011,Ріпкинський район,31558,30986,30389,2009;2010;2011
chnas_2011,Семенівський район,19693,19366,19104,2009;2010;2011
chnas_2011,Сосницький район,21298,20986,20644,2009;2010;2011
chnas_2011,Срібнянський район,12564,12389,12187,2009;2010;2011
chnas_2011,Талалаївський район,14559,14346,14125,2009;2010;2011
chnas_2011,Чернігівський район,54594,53897,53337,2009;2010;2011
chnas_2011,Щорський район,26031,25742,25431,2009;2010;2011
zb_chuselnist_2020:12,Барський район,51444,50783,50000,2018;2019;2020
zb_chuselnist_2020:12,Бершадський район,58449,57593,56776,2018;2019;2020
zb_chuselnist_2020:12,Вінницький район,80556,81022,81278,2018;2019;2020
zb_chuselnist_2020:13,Гайсинський район,56206,55785,55331,2018;2019;2020
zb_chuselnist_2020:13,Жмеринський район,33781,33160,32552,2018;2019;2020
zb_chuselnist_2020:13,Іллінецький район,36874,36600,36249,2018;2019;2020
zb_chuselnist_2020:13,Калинівський район,57409,56979,56268,2018;2019;2020
zb_chuselnist_2020:13,Козятинський район,38975,38342,37618,2018;2019;2020
zb_chuselnist_2020:13,Крижопільський район,32976,32611,32134,2018;2019;2020
zb_chuselnist_2020:13,Липовецький район,37272,36716,36123,2018;2019;2020
zb_chuselnist_2020:13,Літинський район,34905,34324,33691,2018;2019;2020
zb_chuselnist_2020:13,Могилів-Подільський район,32647,32362,31793,2018;2019;2020
zb_chuselnist_2020:13,Мурованокуриловецький район,24919,24494,23971,2018;2019;2020
zb_chuselnist_2020:14,Немирівський район,48347,47720,46906,2018;2019;2020
zb_chuselnist_2020:14,Оратівський район,20793,20331,19809,2018;2019;2020
zb_chuselnist_2020:14,Піщанський район,20678,20374,20021,2018;2019;2020
zb_chuselnist_2020:14,Погребищенський район,29397,28940,28321,2018;2019;2020
zb_chuselnist_2020:14,Теплицький район,27818,27437,26946,2018;2019;2020
zb_chuselnist_2020:14,Тиврівський район,41819,41337,40873,2018;2019;2020
zb_chuselnist_2020:14,Томашпільський район,32933,32462,31944,2018;2019;2020
zb_chuselnist_2020:14,Тростянецький район,35200,34755,34304,2018;2019;2020
zb_chuselnist_2020:14,Тульчинський район,54727,54136,53426,2018;2019;2020
zb_chuselnist_2020:15,Хмільницький район,35864,35239,34576,2018;2019;2020
zb_chuselnist_2020:15,Чернівецький район,20999,20648,20209,2018;2019;2020
zb_chuselnist_2020:15,Чечельницький район,20840,20532,20120,2018;2019;2020
zb_chuselnist_2020:15,Шаргородський район,56661,56109,55359,2018;2019;2020
zb_chuselnist_2020:15,Ямпільський район,39328,38695,38110,2018;2019;2020
zb_chuselnist_2020:15,Володимир-Волинський район,25175,24824,24545,2018;2019;2020
zb_chuselnist_2020:15,Горохівський район,51320,50761,50220,2018;2019;2020
zb_chuselnist_2020:15,Іваничівський район,31781,31620,31231,2018;2019;2020
zb_chuselnist_2020:16,Камінь-Каширський район,64248,64040,63919,2018;2019;2020
zb_chuselnist_2020:16,Ківерцівський район,63927,63837,63576,2018;2019;2020
zb_chuselnist_2020:16,Ковельський район,40337,40457,40395,2018;2019;2020
zb_chuselnist_2020:16,Локачинський район,22078,21852,21586,2018;2019;2020
zb_chuselnist_2020:16,Луцький район,64746,66002,66875,2018;2019;2020
zb_chuselnist_2020:16,Любешівський район,35824,35465,35134,2018;2019;2020
zb_chuselnist_2020:16,Любомльський район,39107,38846,38578,2018;2019;2020
zb_chuselnist_2020:16,Маневицький район,54261,53976,53481,2018;2019;2020
zb_chuselnist_2020:16,Ратнівський район,52193,52063,51817,2018;2019;2020
zb_chuselnist_2020:17,Рожищенський район,39095,38684,38359,2018;2019;2020
zb_chuselnist_2020:17,Старовижівський район,30165,29898,29660,2018;2019;2020
zb_chuselnist_2020:17,Турійський район,26039,26013,25889,2018;2019;2020
zb_chuselnist_2020:17,Шацький район,16764,16685,16585,2018;2019;2020
zb_chuselnist_2020:18,Апостолівський район,54324,53427,52509,2018;2019;2020
zb_chuselnist_2020:18,Васильківський район,31920,31511,31093,2018;2019;2020
zb_chuselnist_2020:18,Верхньодніпровський район,52858,52245,51469,2018;2019;2020
zb_chuselnist_2020:18,Дніпровський район,84033,83989,83879,2018;2019;2020
zb_chuselnist_2020:19,Криворізький район,45089,44340,43807,2018;2019;2020
zb_chuselnist_2020:19,Криничанський район,34976,34557,34133,2018;2019;2020
zb_chuselnist_2020:19,Магдалинівський район,33622,33168,32844,2018;2019;2020
zb_chuselnist_2020:19,Межівський район,23255,22945,22579,2018;2019;2020
zb_chuselnist_2020:19,Нікопольський район,40055,39449,38879,2018;2019;2020
zb_chuselnist_2020:19,Новомосковський район,73224,72385,71613,2018;2019;2020
zb_chuselnist_2020:19,Павлоградський район,27252,27038,26723,2018;2019;2020
zb_chuselnist_2020:19,Петриківський район,25110,24848,24479,2018;2019;2020
zb_chuselnist_2020:20,Петропавлівський район,25921,25534,25119,2018;2019;2020
zb_chuselnist_2020:20,Покровський район,34220,33700,33134,2018;2019;2020
zb_chuselnist_2020:20,П'ятихатський район,44575,44081,43469,2018;2019;2020
zb_chuselnist_2020:20,Синельниківський район,37640,37274,36845,2018;2019;2020
zb_chuselnist_2020:20,Солонянський район,38344,37936,37429,2018;2019;2020
zb_chuselnist_2020:20,Софіївський район,21539,21000,20562,2018;2019;2020
zb_chuselnist_2020:20,Томаківський район,24658,24134,23749,2018;2019;2020
zb_chuselnist_2020:20,Царичанський район,26763,26425,26079,2018;2019;2020
zb_chuselnist_2020:20,Широківський район,26880,26245,25696,2018;2019;2020
zb_chuselnist_2020:21,Юр'ївський район,13002,12790,12643,2018;2019;2020
zb_chuselnist_2020:25,Амвросіївський район,44112,43918,43759,2018;2019;2020
zb_chuselnist_2020:25,Бахмутський район,107309,106283,105040,2018;2019;2020
zb_chuselnist_2020:26,Бойківський район,14066,13924,13773,2018;2019;2020
zb_chuselnist_2020:26,Великоновосілківський район,38338,37787,37144,2018;2019;2020
zb_chuselnist_2020:26,Волноваський район,98214,96965,95805,2018;2019;2020
zb_chuselnist_2020:26,Добропільський район,15418,15182,14901,2018;2019;2020
zb_chuselnist_2020:26,Костянтинівський район,17760,17463,17166,2018;2019;2020
zb_chuselnist_2020:26,Мангушський район,26177,25886,25524,2018;2019;2020
zb_chuselnist_2020:27,Мар'їнський район,80812,80001,79117,2018;2019;2020
zb_chuselnist_2020:27,Нікольський район,28188,27740,27337,2018;2019;2020
zb_chuselnist_2020:27,Новоазовський район,27425,27189,26952,2018;2019;2020
zb_chuselnist_2020:27,Олександрівський район,18283,17955,17615,2018;2019;2020
zb_chuselnist_2020:27,Покровський район,30354,29971,29449,2018;2019;2020
zb_chuselnist_2020:27,Слов'янський район,47260,46581,45917,2018;2019;2020
zb_chuselnist_2020:27,Старобешівський район,49648,49497,49313,2018;2019;2020
zb_chuselnist_2020:28,Шахтарський район,19019,18952,18878,2018;2019;2020
zb_chuselnist_2020:28,Ясинуватський район,26423,26165,25942,2018;2019;2020
zb_chuselnist_2020:28,Андрушівський район,32930,32577,32030,2018;2019;2020
zb_chuselnist_2020:28,Баранівський район,39572,39063,38510,2018;2019;2020
zb_chuselnist_2020:28,Бердичівський район,28216,28010,27587,2018;2019;2020
zb_chuselnist_2020:28,Брусилівський район,14943,14760,14539,2018;2019;2020
zb_chuselnist_2020:29,Ємільчинський район,32629,32205,31615,2018;2019;2020
zb_chuselnist_2020:29,Житомирський район,71532,71962,72213,2018;2019;2020
zb_chuselnist_2020:29,Коростенський район,26183,25727,25297,2018;2019;2020
zb_chuselnist_2020:29,Коростишівський район,40233,39852,39432,2018;2019;2020
zb_chuselnist_2020:29,Лугинський район,16321,16002,15691,2018;2019;2020
zb_chuselnist_2020:29,Любарський район,26687,26409,26032,2018;2019;2020
zb_chuselnist_2020:29,Малинський район,18562,18370,18010,2018;2019;2020
zb_chuselnist_2020:29,Народицький район,9501,9488,9458,2018;2019;2020
zb_chuselnist_2020:29,Новоград-Волинський район,45113,44370,43789,2018;2019;2020
zb_chuselnist_2020:29,Овруцький район,55608,54821,53916,2018;2019;2020
zb_chuselnist_2020:30,Олевський район,41423,41068,40721,2018;2019;2020
zb_chuselnist_2020:30,Попільнянський район,31073,30570,30106,2018;2019;2020
zb_chuselnist_2020:30,Пулинський район,22784,22555,22193,2018;2019;2020
zb_chuselnist_2020:30,Радомишльський район,37093,36614,36069,2018;2019;2020
zb_chuselnist_2020:30,Романівський  район,27966,27664,27334,2018;2019;2020
zb_chuselnist_2020:30,Ружинський район,26675,26074,25520,2018;2019;2020
zb_chuselnist_2020:30,Хорошівський район,34553,34278,33828,2018;2019;2020
zb_chuselnist_2020:31,Черняхівський район,28109,27853,27464,2018;2019;2020
zb_chuselnist_2020:31,Чуднівський район,34351,33758,33247,2018;2019;2020
zb_chuselnist_2020:31,Берегівський район,50806,50510,50196,2018;2019;2020
zb_chuselnist_2020:31,Великоберезнянський район,26414,26258,26060,2018;2019;2020
zb_chuselnist_2020:31,Виноградівський район,121187,121058,120795,2018;2019;2020
zb_chuselnist_2020:32,Воловецький район,24175,23934,23709,2018;2019;2020
zb_chuselnist_2020:32,Іршавський район,100493,100506,100294,2018;2019;2020
zb_chuselnist_2020:32,Міжгірський район,47715,47552,47360,2018;2019;2020
zb_chuselnist_2020:32,Мукачівський район,100460,100056,99518,2018;2019;2020
zb_chuselnist_2020:32,Перечинський район,31936,31856,31688,2018;2019;2020
zb_chuselnist_2020:32,Рахівський район,92814,92759,92543,2018;2019;2020
zb_chuselnist_2020:32,Свалявський район,54628,54419,54138,2018;2019;2020
zb_chuselnist_2020:32,Тячівський район,175478,175324,175048,2018;2019;2020
zb_chuselnist_2020:33,Ужгородський район,71635,71635,71640,2018;2019;2020
zb_chuselnist_2020:33,Хустський район,95775,95529,95195,2018;2019;2020
zb_chuselnist_2020:33,Бердянський район,24939,24639,24274,2018;2019;2020
zb_chuselnist_2020:33,Більмацький район,21758,21359,20922,2018;2019;2020
zb_chuselnist_2020:33,Василівський район,62726,61897,60962,2018;2019;2020
zb_chuselnist_2020:33,Великобілозерський район,7879,7764,7644,2018;2019;2020
zb_chuselnist_2020:33,Веселівський район,21303,20978,20672,2018;2019;2020
zb_chuselnist_2020:33,Вільнянський район,46750,46195,45621,2018;2019;2020
zb_chuselnist_2020:34,Гуляйпільський район,26328,25830,25337,2018;2019;2020
zb_chuselnist_2020:34,Запорізький район,56925,56759,56364,2018;2019;2020
zb_chuselnist_2020:34,Кам'янсько-Дніпровський район,39577,38963,38365,2018;2019;2020
zb_chuselnist_2020:34,Мелітопольський район,49008,48698,48191,2018;2019;2020
zb_chuselnist_2020:34,Михайлівський район,28542,28150,27862,2018;2019;2020
zb_chuselnist_2020:34,Новомиколаївський район,15644,15365,15068,2018;2019;2020
zb_chuselnist_2020:34,Оріхівський район,45214,44686,44114,2018;2019;2020
zb_chuselnist_2020:34,Пологівський район,39664,39115,38636,2018;2019;2020
zb_chuselnist_2020:34,Приазовський район,26973,26648,26280,2018;2019;2020
zb_chuselnist_2020:35,Приморський район,29635,29288,28866,2018;2019;2020
zb_chuselnist_2020:35,Розівський район,8653,8453,8277,2018;2019;2020
zb_chuselnist_2020:35,Токмацький район,22076,21714,21330,2018;2019;2020
zb_chuselnist_2020:35,Чернігівський район,16822,16545,16145,2018;2019;2020
zb_chuselnist_2020:35,Якимівський район,33285,32855,32490,2018;2019;2020
zb_chuselnist_2020:36,Богородчанський район,69731,69378,68952,2018;2019;2020
zb_chuselnist_2020:36,Верховинський район,30642,30569,30479,2018;2019;2020
zb_chuselnist_2020:36,Галицький район,43186,42539,41948,2018;2019;2020
zb_chuselnist_2020:36,Городенківський район,52701,52009,51370,2018;2019;2020
zb_chuselnist_2020:36,Долинський район,69162,68727,68266,2018;2019;2020
zb_chuselnist_2020:36,Калуський район,58880,58110,57409,2018;2019;2020
zb_chuselnist_2020:36,Коломийський район,98260,97420,96573,2018;2019;2020
zb_chuselnist_2020:36,Косівський район,87806,87223,86615,2018;2019;2020
zb_chuselnist_2020:36,Надвірнянський район,115171,115011,114625,2018;2019;2020
zb_chuselnist_2020:37,Рогатинський район,40127,39364,38653,2018;2019;2020
zb_chuselnist_2020:37,Рожнятівський район,72381,72023,71707,2018;2019;2020
zb_chuselnist_2020:37,Снятинський район,64597,64093,63545,2018;2019;2020
zb_chuselnist_2020:37,Тисменицький район,82782,82263,81796,2018;2019;2020
zb_chuselnist_2020:37,Тлумацький район,47125,46430,45699,2018;2019;2020
zb_chuselnist_2020:38,Баришівський район,35080,34839,34577,2018;2019;2020
zb_chuselnist_2020:38,Білоцерківський район,49404,49126,48440,2018;2019;2020
zb_chuselnist_2020:38,Богуславський район,34322,33837,33318,2018;2019;2020
zb_chuselnist_2020:38,Бориспільський район,53121,53244,53619,2018;2019;2020
zb_chuselnist_2020:38,Бородянський район,57527,57301,56967,2018;2019;2020
zb_chuselnist_2020:38,Броварський район,68540,68544,68688,2018;2019;2020
zb_chuselnist_2020:38,Васильківський район,57845,57757,57613,2018;2019;2020
zb_chuselnist_2020:39,Вишгородський район,74318,75135,76347,2018;2019;2020
zb_chuselnist_2020:39,Володарський район,17230,16894,16484,2018;2019;2020
zb_chuselnist_2020:39,Згурівський район,16166,15892,15503,2018;2019;2020
zb_chuselnist_2020:39,Іванківський район,29765,29441,29174,2018;2019;2020
zb_chuselnist_2020:39,Кагарлицький район,33230,32814,32346,2018;2019;2020
zb_chuselnist_2020:39,Києво-Святошинський район,187456,198674,210123,2018;2019;2020
zb_chuselnist_2020:39,Макарівський район,36035,35667,35640,2018;2019;2020
zb_chuselnist_2020:39,Миронівський район,33939,33564,33114,2018;2019;2020
zb_chuselnist_2020:39,Обухівський район,35243,35253,35278,2018;2019;2020
zb_chuselnist_2020:40,Переяслав-Хмельницький район,27758,27447,27019,2018;2019;2020
zb_chuselnist_2020:40,Поліський район,5624,5622,5456,2018;2019;2020
zb_chuselnist_2020:40,Рокитнянський район,26564,26153,25729,2018;2019;2020
zb_chuselnist_2020:40,Сквирський район,36896,36328,35669,2018;2019;2020
zb_chuselnist_2020:40,Ставищенський район,21801,21394,20983,2018;2019;2020
zb_chuselnist_2020:40,Таращанський район,27643,27052,26468,2018;2019;2020
zb_chuselnist_2020:40,Тетіївський район,31718,31438,31001,2018;2019;2020
zb_chuselnist_2020:40,Фастівський район,30789,30756,30331,2018;2019;2020
zb_chuselnist_2020:40,Яготинський район,32589,32157,31624,2018;2019;2020
zb_chuselnist_2020:41,Благовіщенський район,22436,22127,21802,2018;2019;2020
zb_chuselnist_2020:41,Бобринецький район,25448,25112,24702,2018;2019;2020
zb_chuselnist_2020:41,Вільшанський район,12417,12187,12003,2018;2019;2020
zb_chuselnist_2020:41,Гайворонський район,37254,36760,36171,2018;2019;2020
zb_chuselnist_2020:41,Голованівський район,30400,29947,29452,2018;2019;2020
zb_chuselnist_2020:41,Добровеличківський район,33434,33022,32511,2018;2019;2020
zb_chuselnist_2020:42,Долинський район,33546,33077,32610,2018;2019;2020
zb_chuselnist_2020:42,Знам'янський район,22426,22066,21755,2018;2019;2020
zb_chuselnist_2020:42,Компаніївський район,15131,14948,14694,2018;2019;2020
zb_chuselnist_2020:42,Кропивницький район,36833,36573,36353,2018;2019;2020
zb_chuselnist_2020:42,Маловисківський район,42377,41835,41251,2018;2019;2020
zb_chuselnist_2020:42,Новгородківський район,15403,15145,14831,2018;2019;2020
zb_chuselnist_2020:42,Новоархангельський район,24167,23864,23524,2018;2019;2020
zb_chuselnist_2020:42,Новомиргородський район,28203,27839,27395,2018;2019;2020
zb_chuselnist_2020:42,Новоукраїнський район,41092,40608,39968,2018;2019;2020
zb_chuselnist_2020:42,Олександрівський район,26802,26267,25800,2018;2019;2020
zb_chuselnist_2020:42,Олександрійський район,34683,34228,33659,2018;2019;2020
zb_chuselnist_2020:43,Онуфріївський район,17767,17509,17250,2018;2019;2020
zb_chuselnist_2020:43,Петрівський район,23671,23307,22946,2018;2019;2020
zb_chuselnist_2020:43,Світловодський район,12055,11774,11397,2018;2019;2020
zb_chuselnist_2020:43,Устинівський район,12934,12646,12311,2018;2019;2020
zb_chuselnist_2020:46,Антрацитівський район,30233,30110,30007,2018;2019;2020
zb_chuselnist_2020:46,Біловодський район,23359,23101,22856,2018;2019;2020
zb_chuselnist_2020:46,Білокуракинський район,18883,18595,18307,2018;2019;2020
zb_chuselnist_2020:46,Довжанський район,11716,11686,11644,2018;2019;2020
zb_chuselnist_2020:46,Кремінський район,39100,38404,37753,2018;2019;2020
zb_chuselnist_2020:46,Лутугинський район,65721,65401,65071,2018;2019;2020
zb_chuselnist_2020:46,Марківський район,14675,14435,14242,2018;2019;2020
zb_chuselnist_2020:47,Міловський район,15112,14987,14885,2018;2019;2020
zb_chuselnist_2020:47,Новоайдарський район,40793,40270,39700,2018;2019;2020
zb_chuselnist_2020:47,Новопсковський район,33873,33544,33173,2018;2019;2020
zb_chuselnist_2020:47,Перевальський район,63643,63361,63054,2018;2019;2020
zb_chuselnist_2020:47,Попаснянський район,76228,75111,74028,2018;2019;2020
zb_chuselnist_2020:48,Сватівський район,34398,33850,33302,2018;2019;2020
zb_chuselnist_2020:48,Слов'яносербський район,48629,48355,48102,2018;2019;2020
zb_chuselnist_2020:48,Сорокинський район,29123,29042,28943,2018;2019;2020
zb_chuselnist_2020:48,Станично-Луганський район,47772,47238,46672,2018;2019;2020
zb_chuselnist_2020:48,Старобільський район,43691,43122,42693,2018;2019;2020
zb_chuselnist_2020:48,Троїцький район,19563,19286,18932,2018;2019;2020
zb_chuselnist_2020:49,Бродівський район,58522,58009,57457,2018;2019;2020
zb_chuselnist_2020:49,Буський район,46435,46244,45934,2018;2019;2020
zb_chuselnist_2020:49,Городоцький район,68910,68707,68428,2018;2019;2020
zb_chuselnist_2020:49,Дрогобицький район,74471,74364,73993,2018;2019;2020
zb_chuselnist_2020:50,Жидачівський район,67034,66183,65186,2018;2019;2020
zb_chuselnist_2020:50,Жовківський район,110371,110461,110223,2018;2019;2020
zb_chuselnist_2020:50,Золочівський район,69188,68897,68394,2018;2019;2020
zb_chuselnist_2020:50,Кам'янка-Бузький район,57378,57476,57389,2018;2019;2020
zb_chuselnist_2020:50,Миколаївський район,63175,62961,62537,2018;2019;2020
zb_chuselnist_2020:50,Мостиський район,56881,56611,56206,2018;2019;2020
zb_chuselnist_2020:50,Перемишлянський район,38517,38218,37740,2018;2019;2020
zb_chuselnist_2020:51,Пустомитівський район,119255,120319,120872,2018;2019;2020
zb_chuselnist_2020:51,Радехівський район,47450,47119,46634,2018;2019;2020
zb_chuselnist_2020:51,Самбірський район,67881,67514,67063,2018;2019;2020
zb_chuselnist_2020:51,Сколівський район,47473,47358,46996,2018;2019;2020
zb_chuselnist_2020:51,Сокальський район,103200,102545,101748,2018;2019;2020
zb_chuselnist_2020:51,Старосамбірський район,77502,76861,76099,2018;2019;2020
zb_chuselnist_2020:51,Стрийський район,61882,61396,60912,2018;2019;2020
zb_chuselnist_2020:52,Турківський район,49604,49403,48933,2018;2019;2020
zb_chuselnist_2020:52,Яворівський район,126279,126381,126115,2018;2019;2020
zb_chuselnist_2020:52,Арбузинський район,19834,19605,19269,2018;2019;2020
zb_chuselnist_2020:52,Баштанський район,37312,36948,36507,2018;2019;2020
zb_chuselnist_2020:52,Березанський район,23016,22733,22422,2018;2019;2020
zb_chuselnist_2020:52,Березнегуватський район,20065,19693,19344,2018;2019;2020
zb_chuselnist_2020:52,Братський район,17645,17393,17129,2018;2019;2020
zb_chuselnist_2020:53,Веселинівський район,22711,22376,22091,2018;2019;2020
zb_chuselnist_2020:53,Вітовський район,50191,49840,49432,2018;2019;2020
zb_chuselnist_2020:53,Вознесенський район,29984,29615,29241,2018;2019;2020
zb_chuselnist_2020:53,Врадіївський район,17262,17064,16836,2018;2019;2020
zb_chuselnist_2020:53,Доманівський район,25090,24778,24447,2018;2019;2020
zb_chuselnist_2020:53,Єланецький район,15277,15073,14863,2018;2019;2020
zb_chuselnist_2020:53,Казанківський район,19363,18970,18540,2018;2019;2020
zb_chuselnist_2020:53,Кривоозерський район,24361,24122,23825,2018;2019;2020
zb_chuselnist_2020:53,Миколаївський район,30005,29729,29389,2018;2019;2020
zb_chuselnist_2020:53,Новобузький район,30594,30227,29851,2018;2019;2020
zb_chuselnist_2020:54,Новоодеський район,33132,32719,32239,2018;2019;2020
zb_chuselnist_2020:54,Очаківський район,15230,15045,14832,2018;2019;2020
zb_chuselnist_2020:54,Первомайський район,29550,29174,28729,2018;2019;2020
zb_chuselnist_2020:54,Снігурівський район,39747,39331,38849,2018;2019;2020
zb_chuselnist_2020:55,Ананьївський район,26305,25798,25393,2018;2019;2020
zb_chuselnist_2020:55,Арцизький район,44826,44311,43774,2018;2019;2020
zb_chuselnist_2020:55,Балтський район,8565,8362,8164,2018;2019;2020
zb_chuselnist_2020:55,Березівський район,33403,33039,32760,2018;2019;2020
zb_chuselnist_2020:55,Білгород-Дністровський район,60254,59916,59349,2018;2019;2020
zb_chuselnist_2020:55,Біляївський район,80863,81251,81171,2018;2019;2020
zb_chuselnist_2020:55,Болградський район,67976,67214,66666,2018;2019;2020
zb_chuselnist_2020:55,Великомихайлівський район,30632,30423,30166,2018;2019;2020
zb_chuselnist_2020:55,Захарівський район,20082,19994,19824,2018;2019;2020
zb_chuselnist_2020:55,Іванівський район,26278,26015,25743,2018;2019;2020
zb_chuselnist_2020:56,Ізмаїльський район,51325,50904,50568,2018;2019;2020
zb_chuselnist_2020:56,Кілійський район,51541,51021,50386,2018;2019;2020
zb_chuselnist_2020:56,Кодимський район,28909,28704,28282,2018;2019;2020
zb_chuselnist_2020:56,Лиманський район,70801,71835,72605,2018;2019;2020
zb_chuselnist_2020:56,Любашівський район,30048,29672,29253,2018;2019;2020
zb_chuselnist_2020:56,Миколаївський район,15897,15694,15399,2018;2019;2020
zb_chuselnist_2020:56,Овідіопольський район,83411,85726,87551,2018;2019;2020
zb_chuselnist_2020:56,Окнянський район,19969,19818,19606,2018;2019;2020
zb_chuselnist_2020:57,Подільський район,26185,25799,25524,2018;2019;2020
zb_chuselnist_2020:57,Ренійський район,36903,36524,36117,2018;2019;2020
zb_chuselnist_2020:57,Роздільнянський район,57894,57628,57209,2018;2019;2020
zb_chuselnist_2020:57,Савранський район,18694,18443,18167,2018;2019;2020
zb_chuselnist_2020:57,Саратський район,44808,44512,44171,2018;2019;2020
zb_chuselnist_2020:57,Тарутинський район,40976,40553,40054,2018;2019;2020
zb_chuselnist_2020:57,Татарбунарський район,38685,38427,38065,2018;2019;2020
zb_chuselnist_2020:57,Ширяївський район,26813,26557,26325,2018;2019;2020
zb_chuselnist_2020:58,Великобагачанський район,24342,23885,23456,2018;2019;2020
zb_chuselnist_2020:58,Гадяцький район,28574,28019,27508,2018;2019;2020
zb_chuselnist_2020:58,Глобинський район,42734,41924,41270,2018;2019;2020
zb_chuselnist_2020:58,Гребінківський район,22182,21878,21601,2018;2019;2020
zb_chuselnist_2020:58,Диканський район,18696,18377,18118,2018;2019;2020
zb_chuselnist_2020:58,Зіньківський район,33815,33279,32763,2018;2019;2020
zb_chuselnist_2020:58,Карлівський район,33441,32982,32539,2018;2019;2020
zb_chuselnist_2020:58,Кобеляцький район,41374,40762,40172,2018;2019;2020
zb_chuselnist_2020:58,Козельщинський район,19000,18694,18380,2018;2019;2020
zb_chuselnist_2020:58,Котелевський район,19417,19152,18950,2018;2019;2020
zb_chuselnist_2020:59,Кременчуцький район,39510,39162,38814,2018;2019;2020
zb_chuselnist_2020:59,Лохвицький район,41922,41219,40617,2018;2019;2020
zb_chuselnist_2020:59,Лубенський район,31072,30705,30260,2018;2019;2020
zb_chuselnist_2020:59,Машівський район,19160,18945,18686,2018;2019;2020
zb_chuselnist_2020:59,Миргородський район,30902,30325,29743,2018;2019;2020
zb_chuselnist_2020:59,Новосанжарський район,33752,33308,32824,2018;2019;2020
zb_chuselnist_2020:59,Оржицький район,23504,23139,22741,2018;2019;2020
zb_chuselnist_2020:59,Пирятинський район,30982,30606,30195,2018;2019;2020
zb_chuselnist_2020:59,Полтавський район,67339,67867,68174,2018;2019;2020
zb_chuselnist_2020:59,Решетилівський район,26043,25660,25336,2018;2019;2020
zb_chuselnist_2020:59,Семенівський район,24615,24195,23722,2018;2019;2020
zb_chuselnist_2020:60,Хорольський район,33715,33156,32705,2018;2019;2020
zb_chuselnist_2020:60,Чорнухинський район,11055,10790,10568,2018;2019;2020
zb_chuselnist_2020:60,Чутівський район,22467,22212,22082,2018;2019;2020
zb_chuselnist_2020:60,Шишацький район,20011,19704,19413,2018;2019;2020
zb_chuselnist_2020:60,Березнівський район,64055,63846,63716,2018;2019;2020
zb_chuselnist_2020:60,Володимирецький район,65272,65436,65501,2018;2019;2020
zb_chuselnist_2020:60,Гощанський район,35060,34791,34401,2018;2019;2020
zb_chuselnist_2020:60,Демидівський район,14462,14273,14057,2018;2019;2020
zb_chuselnist_2020:61,Дубенський район,45351,44788,44352,2018;2019;2020
zb_chuselnist_2020:61,Дубровицький район,47503,47103,46727,2018;2019;2020
zb_chuselnist_2020:61,Зарічненський район,35115,34911,34722,2018;2019;2020
zb_chuselnist_2020:61,Здолбунівський район,56737,56499,56109,2018;2019;2020
zb_chuselnist_2020:61,Корецький район,33398,32949,32553,2018;2019;2020
zb_chuselnist_2020:61,Костопільський район,64127,63847,63462,2018;2019;2020
zb_chuselnist_2020:61,Млинівський район,37395,37059,36771,2018;2019;2020
zb_chuselnist_2020:61,Острозький район,28455,28081,27744,2018;2019;2020
zb_chuselnist_2020:61,Радивилівський район,37036,36732,36435,2018;2019;2020
zb_chuselnist_2020:61,Рівненський район,92311,92834,92981,2018;2019;2020
zb_chuselnist_2020:61,Рокитнівський район,57583,57932,58223,2018;2019;2020
zb_chuselnist_2020:62,Сарненський район,104353,104272,104037,2018;2019;2020
zb_chuselnist_2020:62,Білопільський район,49697,49013,48264,2018;2019;2020
zb_chuselnist_2020:63,Буринський район,24193,23548,22962,2018;2019;2020
zb_chuselnist_2020:63,Великописарівський район,18450,17984,17482,2018;2019;2020
zb_chuselnist_2020:63,Глухівський район,22279,21771,21243,2018;2019;2020
zb_chuselnist_2020:63,Конотопський район,28035,27492,26838,2018;2019;2020
zb_chuselnist_2020:63,Краснопільський район,28040,27507,26988,2018;2019;2020
zb_chuselnist_2020:63,Кролевецький район,37579,37001,36390,2018;2019;2020
zb_chuselnist_2020:63,Лебединський район,19353,18971,18510,2018;2019;2020
zb_chuselnist_2020:63,Липоводолинський район,18357,18058,17713,2018;2019;2020
zb_chuselnist_2020:63,Недригайлівський район,23874,23421,22972,2018;2019;2020
zb_chuselnist_2020:63,Охтирський район,26113,25726,25234,2018;2019;2020
zb_chuselnist_2020:64,Путивльський район,27056,26591,26194,2018;2019;2020
zb_chuselnist_2020:64,Роменський район,32153,31533,30876,2018;2019;2020
zb_chuselnist_2020:64,Середино-Будський район,16048,15838,15561,2018;2019;2020
zb_chuselnist_2020:64,Сумський район,62722,62181,61836,2018;2019;2020
zb_chuselnist_2020:64,Тростянецький район,34402,33898,33413,2018;2019;2020
zb_chuselnist_2020:64,Шосткинський район,20171,19801,19420,2018;2019;2020
zb_chuselnist_2020:64,Ямпільський район,23281,22816,22412,2018;2019;2020
zb_chuselnist_2020:64,Бережанський район,20891,20722,20453,2018;2019;2020
zb_chuselnist_2020:65,Борщівський район,66399,65731,64966,2018;2019;2020
zb_chuselnist_2020:65,Бучацький район,63110,62710,62242,2018;2019;2020
zb_chuselnist_2020:65,Гусятинський район,59321,58502,57964,2018;2019;2020
zb_chuselnist_2020:65,Заліщицький район,46059,45541,44966,2018;2019;2020
zb_chuselnist_2020:65,Збаразький район,57083,56376,55844,2018;2019;2020
zb_chuselnist_2020:65,Зборівський район,41035,40488,39947,2018;2019;2020
zb_chuselnist_2020:65,Козівський район,37489,36877,36394,2018;2019;2020
zb_chuselnist_2020:65,Кременецький район,46584,46240,45884,2018;2019;2020
zb_chuselnist_2020:66,Лановецький район,29325,28833,28410,2018;2019;2020
zb_chuselnist_2020:66,Монастириський район,27151,26445,25889,2018;2019;2020
zb_chuselnist_2020:66,Підволочиський район,41868,41320,40668,2018;2019;2020
zb_chuselnist_2020:66,Підгаєцький район,18125,17781,17534,2018;2019;2020
zb_chuselnist_2020:66,Теребовлянський район,64833,63865,62962,2018;2019;2020
zb_chuselnist_2020:66,Тернопільський район,67093,67077,67199,2018;2019;2020
zb_chuselnist_2020:66,Чортківський район,44130,43416,42832,2018;2019;2020
zb_chuselnist_2020:66,Шумський район,33387,33015,32625,2018;2019;2020
zb_chuselnist_2020:67,Балаклійський район,80487,79336,78337,2018;2019;2020
zb_chuselnist_2020:67,Барвінківський район,21057,20599,20087,2018;2019;2020
zb_chuselnist_2020:67,Близнюківський район,18491,18094,17799,2018;2019;2020
zb_chuselnist_2020:67,Богодухівський район,38453,38044,37563,2018;2019;2020
zb_chuselnist_2020:67,Борівський район,16588,16236,15972,2018;2019;2020
zb_chuselnist_2020:68,Валківський район,31410,31127,30791,2018;2019;2020
zb_chuselnist_2020:68,Великобурлуцький район,21914,21571,21256,2018;2019;2020
zb_chuselnist_2020:68,Вовчанський район,45737,45103,44448,2018;2019;2020
zb_chuselnist_2020:68,Дворічанський район,17264,16883,16568,2018;2019;2020
zb_chuselnist_2020:68,Дергачівський район,94165,93531,92829,2018;2019;2020
zb_chuselnist_2020:68,Зачепилівський район,14955,14763,14491,2018;2019;2020
zb_chuselnist_2020:68,Зміївський район,70694,69922,69135,2018;2019;2020
zb_chuselnist_2020:69,Золочівський район,25747,25244,24739,2018;2019;2020
zb_chuselnist_2020:69,Ізюмський район,16909,16722,16416,2018;2019;2020
zb_chuselnist_2020:69,Кегичівський район,20847,20562,20353,2018;2019;2020
zb_chuselnist_2020:69,Коломацький район,6906,6762,6677,2018;2019;2020
zb_chuselnist_2020:69,Красноградський район,44003,43500,43034,2018;2019;2020
zb_chuselnist_2020:69,Краснокутський район,27645,27247,26907,2018;2019;2020
zb_chuselnist_2020:69,Куп'янський район,24160,23631,23180,2018;2019;2020
zb_chuselnist_2020:69,Лозівський район,28429,27798,27331,2018;2019;2020
zb_chuselnist_2020:69,Нововодолазький район,32196,31811,31472,2018;2019;2020
zb_chuselnist_2020:69,Первомайський район,15399,15056,14747,2018;2019;2020
zb_chuselnist_2020:69,Печенізький район,9834,9747,9617,2018;2019;2020
zb_chuselnist_2020:70,Сахновщинський район,20767,20515,20181,2018;2019;2020
zb_chuselnist_2020:70,Харківський район,177608,177114,176186,2018;2019;2020
zb_chuselnist_2020:70,Чугуївський район,46395,45843,45362,2018;2019;2020
zb_chuselnist_2020:70,Шевченківський район,20204,19895,19694,2018;2019;2020
zb_chuselnist_2020:71,Бериславський район,47200,46549,45931,2018;2019;2020
zb_chuselnist_2020:71,Білозерський район,65792,65257,64790,2018;2019;2020
zb_chuselnist_2020:71,Великолепетиський район,16405,16184,15961,2018;2019;2020
zb_chuselnist_2020:71,Великоолександрівський район,25328,24956,24494,2018;2019;2020
zb_chuselnist_2020:71,Верхньорогачицький район,11638,11438,11217,2018;2019;2020
zb_chuselnist_2020:71,Високопільський район,14822,14461,14119,2018;2019;2020
zb_chuselnist_2020:72,Генічеський район,59058,58624,58331,2018;2019;2020
zb_chuselnist_2020:72,Голопристанський район,45258,45027,44639,2018;2019;2020
zb_chuselnist_2020:72,Горностаївський район,19469,19239,18993,2018;2019;2020
zb_chuselnist_2020:72,Іванівський район,13630,13370,13172,2018;2019;2020
zb_chuselnist_2020:72,Каланчацький район,21348,21216,21032,2018;2019;2020
zb_chuselnist_2020:72,Каховський район,35434,34991,34521,2018;2019;2020
zb_chuselnist_2020:72,Нижньосірогозький район,15591,15344,15033,2018;2019;2020
zb_chuselnist_2020:72,Нововоронцовський район,20906,20594,20251,2018;2019;2020
zb_chuselnist_2020:72,Новотроїцький район,35223,35083,34747,2018;2019;2020
zb_chuselnist_2020:72,Олешківський район,70981,70533,70128,2018;2019;2020
zb_chuselnist_2020:73,Скадовський район,47061,46588,46043,2018;2019;2020
zb_chuselnist_2020:73,Чаплинський район,34766,34513,34149,2018;2019;2020
zb_chuselnist_2020:73,Білогірський район,26278,25866,25403,2018;2019;2020
zb_chuselnist_2020:73,Віньковецький район,23731,23173,22740,2018;2019;2020
zb_chuselnist_2020:73,Волочиський район,50382,49595,48875,2018;2019;2020
zb_chuselnist_2020:73,Городоцький район,47008,46139,45429,2018;2019;2020
zb_chuselnist_2020:74,Деражнянський район,31339,30937,30458,2018;2019;2020
zb_chuselnist_2020:74,Дунаєвецький район,61252,60410,59576,2018;2019;2020
zb_chuselnist_2020:74,Ізяславський район,43355,42665,41972,2018;2019;2020
zb_chuselnist_2020:74,Кам'янець-Подільський район,64746,64072,63302,2018;2019;2020
zb_chuselnist_2020:74,Красилівський район,50840,50145,49345,2018;2019;2020
zb_chuselnist_2020:74,Летичівський район,27355,26929,26490,2018;2019;2020
zb_chuselnist_2020:74,Новоушицький район,27915,27460,26983,2018;2019;2020
zb_chuselnist_2020:74,Полонський район,43649,43101,42648,2018;2019;2020
zb_chuselnist_2020:74,Славутський район,28756,28414,28018,2018;2019;2020
zb_chuselnist_2020:74,Старокостянтинівський район,28123,27593,27023,2018;2019;2020
zb_chuselnist_2020:75,Старосинявський район,19875,19442,19093,2018;2019;2020
zb_chuselnist_2020:75,Теофіпольський район,26394,25802,25353,2018;2019;2020
zb_chuselnist_2020:75,Хмельницький район,53409,53228,52955,2018;2019;2020
zb_chuselnist_2020:75,Чемеровецький район,40055,39320,38770,2018;2019;2020
zb_chuselnist_2020:75,Шепетівський район,32839,32551,32100,2018;2019;2020
zb_chuselnist_2020:75,Ярмолинецький район,28981,28322,27866,2018;2019;2020
zb_chuselnist_2020:76,Городищенський район,39745,39137,38487,2018;2019;2020
zb_chuselnist_2020:76,Драбівський район,34332,33668,32932,2018;2019;2020
zb_chuselnist_2020:76,Жашківський район,36484,35801,35145,2018;2019;2020
zb_chuselnist_2020:76,Звенигородський район,43615,42881,42176,2018;2019;2020
zb_chuselnist_2020:76,Золотоніський район,40640,39919,39349,2018;2019;2020
zb_chuselnist_2020:76,Кам'янський район,26710,26195,25767,2018;2019;2020
zb_chuselnist_2020:76,Канівський район,19050,18873,18587,2018;2019;2020
zb_chuselnist_2020:76,Катеринопільський район,23779,23412,23093,2018;2019;2020
zb_chuselnist_2020:76,Корсунь-Шевченківський район,41927,41305,40625,2018;2019;2020
zb_chuselnist_2020:77,Лисянський район,23065,22714,22202,2018;2019;2020
zb_chuselnist_2020:77,Маньківський район,27035,26649,26211,2018;2019;2020
zb_chuselnist_2020:77,Монастирищенський район,35783,35315,34817,2018;2019;2020
zb_chuselnist_2020:77,Смілянський район,32035,31704,31264,2018;2019;2020
zb_chuselnist_2020:77,Тальнівський район,33209,32519,31874,2018;2019;2020
zb_chuselnist_2020:77,Уманський район,43058,42552,41994,2018;2019;2020
zb_chuselnist_2020:77,Христинівський район,34461,33981,33479,2018;2019;2020
zb_chuselnist_2020:77,Черкаський район,75033,74543,73883,2018;2019;2020
zb_chuselnist_2020:77,Чигиринський район,26406,25948,25410,2018;2019;2020
zb_chuselnist_2020:77,Чорнобаївський район,40546,39926,39346,2018;2019;2020
zb_chuselnist_2020:77,Шполянський район,42374,41821,41211,2018;2019;2020
zb_chuselnist_2020:78,Вижницький район,55538,55381,55095,2018;2019;2020
zb_chuselnist_2020:78,Герцаївський район,33219,33212,33175,2018;2019;2020
zb_chuselnist_2020:78,Глибоцький район,74201,74104,74131,2018;2019;2020
zb_chuselnist_2020:78,Заставнівський район,49225,48679,48198,2018;2019;2020
zb_chuselnist_2020:78,Кельменецький район,40179,39666,39157,2018;2019;2020
zb_chuselnist_2020:78,Кіцманський район,68729,68362,68027,2018;2019;2020
zb_chuselnist_2020:78,Новоселицький район,77577,77204,76744,2018;2019;2020
zb_chuselnist_2020:78,Путильський район,26365,26304,26304,2018;2019;2020
zb_chuselnist_2020:79,Сокирянський район,42617,42158,41686,2018;2019;2020
zb_chuselnist_2020:79,Сторожинецький район,100788,100895,100918,2018;2019;2020
zb_chuselnist_2020:79,Хотинський район,61768,61167,60515,2018;2019;2020
zb_chuselnist_2020:79,Бахмацький район,43990,43119,42381,2018;2019;2020
zb_chuselnist_2020:79,Бобровицький район,32438,31990,31435,2018;2019;2020
zb_chuselnist_2020:79,Борзнянський район,30780,30116,29500,2018;2019;2020
zb_chuselnist_2020:79,Варвинський район,15760,15463,15186,2018;2019;2020
zb_chuselnist_2020:80,Городнянський район,27861,27311,26850,2018;2019;2020
zb_chuselnist_2020:80,Ічнянський район,30703,30196,29658,2018;2019;2020
zb_chuselnist_2020:80,Козелецький район,44236,43237,42282,2018;2019;2020
zb_chuselnist_2020:80,Коропський район,22561,22062,21620,2018;2019;2020
zb_chuselnist_2020:80,Корюківський район,26395,25950,25422,2018;2019;2020
zb_chuselnist_2020:80,Куликівський район,16470,16099,15730,2018;2019;2020
zb_chuselnist_2020:80,Менський район,35249,34415,33730,2018;2019;2020
zb_chuselnist_2020:80,Ніжинський район,26830,26246,25716,2018;2019;2020
zb_chuselnist_2020:80,Новгород-Сіверський район,12989,12689,12340,2018;2019;2020
zb_chuselnist_2020:81,Носівський район,28682,28147,27749,2018;2019;2020
zb_chuselnist_2020:81,Прилуцький район,35354,35081,34406,2018;2019;2020
zb_chuselnist_2020:81,Ріпкинський район,26770,26234,25646,2018;2019;2020
zb_chuselnist_2020:81,Семенівський район,17515,17164,16790,2018;2019;2020
zb_chuselnist_2020:81,Сновський район,23165,22819,22405,2018;2019;2020
zb_chuselnist_2020:81,Сосницький район,18112,17742,17377,2018;2019;2020
zb_chuselnist_2020:81,Срібнянський район,11154,10916,10691,2018;2019;2020
zb_chuselnist_2020:81,Талалаївський район,12612,12335,12065,2018;2019;2020
zb_chuselnist_2020:81,Чернігівський район,52503,51902,51152,2018;2019;2020
