year,oblast,age_group,asfr,tfr
1969,BY-BR,15-19,23.6,2.486
1969,BY-BR,20-24,187.2,2.486
1969,BY-BR,25-29,144.1,2.486
1969,BY-BR,30-34,85.9,2.486
1969,BY-BR,35-39,42.5,2.486
1969,BY-BR,40-44,12.3,2.486
1969,BY-BR,45-49,1.6,2.486
1975,BY-BR,15-19,29.2,2.437
1975,BY-BR,20-24,198.0,2.437
1975,BY-BR,25-29,142.2,2.437
1975,BY-BR,30-34,74.8,2.437
1975,BY-BR,35-39,34.2,2.437
1975,BY-BR,40-44,8.4,2.437
1975,BY-BR,45-49,0.5,2.437
1978,BY-BR,15-19,33.5,2.289
1978,BY-BR,20-24,199.3,2.289
1978,BY-BR,25-29,127.6,2.289
1978,BY-BR,30-34,63.8,2.289
1978,BY-BR,35-39,26.1,2.289
1978,BY-BR,40-44,7.0,2.289
1978,BY-BR,45-49,0.5,2.289
1980,BY-BR,15-19,33.8,2.268
1980,BY-BR,20-24,209.8,2.268
1980,BY-BR,25-29,123.6,2.268
1980,BY-BR,30-34,57.4,2.268
1980,BY-BR,35-39,22.1,2.268
1980,BY-BR,40-44,6.6,2.268
1980,BY-BR,45-49,0.4,2.268
1982,BY-BR,15-19,31.7,2.281
1982,BY-BR,20-24,210.5,2.281
1982,BY-BR,25-29,130.2,2.281
1982,BY-BR,30-34,56.5,2.281
1982,BY-BR,35-39,22.0,2.281
1982,BY-BR,40-44,5.0,2.281
1982,BY-BR,45-49,0.4,2.281
1984,BY-BR,15-19,34.0,2.325
1984,BY-BR,20-24,212.5,2.325
1984,BY-BR,25-29,135.2,2.325
1984,BY-BR,30-34,56.7,2.325
1984,BY-BR,35-39,22.0,2.325
1984,BY-BR,40-44,4.5,2.325
1984,BY-BR,45-49,0.2,2.325
1985,BY-BR,15-19,33.4,2.341
1985,BY-BR,20-24,209.4,2.341
1985,BY-BR,25-29,140.1,2.341
1985,BY-BR,30-34,58.5,2.341
1985,BY-BR,35-39,21.7,2.341
1985,BY-BR,40-44,4.9,2.341
1985,BY-BR,45-49,0.3,2.341
1986,BY-BR,15-19,34.4,2.316
1986,BY-BR,20-24,201.6,2.316
1986,BY-BR,25-29,140.8,2.316
1986,BY-BR,30-34,58.2,2.316
1986,BY-BR,35-39,22.3,2.316
1986,BY-BR,40-44,5.5,2.316
1986,BY-BR,45-49,0.3,2.316
1988,BY-BR,15-19,34.5,2.227
1988,BY-BR,20-24,199.7,2.227
1988,BY-BR,25-29,131.4,2.227
1988,BY-BR,30-34,55.0,2.227
1988,BY-BR,35-39,20.2,2.227
1988,BY-BR,40-44,4.4,2.227
1988,BY-BR,45-49,0.2,2.227
1989,BY-BR,15-19,39.9,2.203
1989,BY-BR,20-24,213.3,2.203
1989,BY-BR,25-29,116.2,2.203
1989,BY-BR,30-34,49.9,2.203
1989,BY-BR,35-39,16.9,2.203
1989,BY-BR,40-44,4.1,2.203
1989,BY-BR,45-49,0.3,2.203
1990,BY-BR,15-19,45.1,2.112
1990,BY-BR,20-24,208.0,2.112
1990,BY-BR,25-29,105.3,2.112
1990,BY-BR,30-34,44.8,2.112
1990,BY-BR,35-39,15.6,2.112
1990,BY-BR,40-44,3.5,2.112
1990,BY-BR,45-49,0.2,2.112
1995,BY-BR,15-19,43.5,1.604
1995,BY-BR,20-24,150.0,1.604
1995,BY-BR,25-29,83.2,1.604
1995,BY-BR,30-34,30.7,1.604
1995,BY-BR,35-39,10.6,1.604
1995,BY-BR,40-44,2.6,1.604
1995,BY-BR,45-49,0.2,1.604
1996,BY-BR,15-19,44.1,1.548
1996,BY-BR,20-24,141.1,1.548
1996,BY-BR,25-29,81.2,1.548
1996,BY-BR,30-34,30.1,1.548
1996,BY-BR,35-39,10.7,1.548
1996,BY-BR,40-44,2.2,1.548
1996,BY-BR,45-49,0.2,1.548
1997,BY-BR,15-19,41.0,1.45
1997,BY-BR,20-24,127.6,1.45
1997,BY-BR,25-29,76.8,1.45
1997,BY-BR,30-34,31.9,1.45
1997,BY-BR,35-39,10.3,1.45
1997,BY-BR,40-44,2.3,1.45
1997,BY-BR,45-49,0.1,1.45
1998,BY-BR,15-19,37.2,1.499
1998,BY-BR,20-24,132.3,1.499
1998,BY-BR,25-29,81.4,1.499
1998,BY-BR,30-34,34.6,1.499
1998,BY-BR,35-39,11.9,1.499
1998,BY-BR,40-44,2.3,1.499
1998,BY-BR,45-49,0.1,1.499
1999,BY-BR,15-19,36.5,1.535
1999,BY-BR,20-24,136.7,1.535
1999,BY-BR,25-29,83.2,1.535
1999,BY-BR,30-34,36.9,1.535
1999,BY-BR,35-39,11.5,1.535
1999,BY-BR,40-44,2.1,1.535
1999,BY-BR,45-49,0.1,1.535
2000,BY-BR,15-19,31.8,1.53
2000,BY-BR,20-24,135.7,1.53
2000,BY-BR,25-29,85.1,1.53
2000,BY-BR,30-34,39.1,1.53
2000,BY-BR,35-39,12.1,1.53
2000,BY-BR,40-44,2.2,1.53
2000,BY-BR,45-49,0.1,1.53
2005,BY-BR,15-19,26.9,1.452
2005,BY-BR,20-24,114.2,1.452
2005,BY-BR,25-29,86.6,1.452
2005,BY-BR,30-34,44.1,1.452
2005,BY-BR,35-39,16.0,1.452
2005,BY-BR,40-44,2.4,1.452
2005,BY-BR,45-49,0.2,1.452
2006,BY-BR,15-19,26.5,1.538
2006,BY-BR,20-24,120.5,1.538
2006,BY-BR,25-29,92.4,1.538
2006,BY-BR,30-34,48.6,1.538
2006,BY-BR,35-39,16.8,1.538
2006,BY-BR,40-44,2.6,1.538
2006,BY-BR,45-49,0.1,1.538
2007,BY-BR,15-19,27.0,1.667
2007,BY-BR,20-24,122.8,1.667
2007,BY-BR,25-29,104.0,1.667
2007,BY-BR,30-34,55.2,1.667
2007,BY-BR,35-39,21.1,1.667
2007,BY-BR,40-44,3.2,1.667
2007,BY-BR,45-49,0.1,1.667
2008,BY-BR,15-19,25.5,1.719
2008,BY-BR,20-24,124.3,1.719
2008,BY-BR,25-29,107.4,1.719
2008,BY-BR,30-34,61.4,1.719
2008,BY-BR,35-39,21.9,1.719
2008,BY-BR,40-44,3.2,1.719
2008,BY-BR,45-49,0.1,1.719
2009,BY-BR,15-19,25.8,1.726
2009,BY-BR,20-24,120.8,1.726
2009,BY-BR,25-29,110.3,1.726
2009,BY-BR,30-34,60.9,1.726
2009,BY-BR,35-39,23.0,1.726
2009,BY-BR,40-44,4.3,1.726
2009,BY-BR,45-49,0.1,1.726
2010,BY-BR,15-19,25.1,1.731
2010,BY-BR,20-24,115.7,1.731
2010,BY-BR,25-29,112.3,1.731
2010,BY-BR,30-34,65.1,1.731
2010,BY-BR,35-39,23.9,1.731
2010,BY-BR,40-44,4.0,1.731
2010,BY-BR,45-49,0.1,1.731
2011,BY-BR,15-19,25.5,1.811
2011,BY-BR,20-24,117.6,1.811
2011,BY-BR,25-29,118.9,1.811
2011,BY-BR,30-34,70.3,1.811
2011,BY-BR,35-39,24.7,1.811
2011,BY-BR,40-44,5.1,1.811
2011,BY-BR,45-49,0.1,1.811
2012,BY-BR,15-19,25.4,1.899
2012,BY-BR,20-24,127.2,1.899
2012,BY-BR,25-29,124.4,1.899
2012,BY-BR,30-34,73.1,1.899
2012,BY-BR,35-39,26.0,1.899
2012,BY-BR,40-44,3.5,1.899
2012,BY-BR,45-49,0.2,1.899
2013,BY-BR,15-19,25.3,1.938
2013,BY-BR,20-24,123.9,1.938
2013,BY-BR,25-29,126.8,1.938
2013,BY-BR,30-34,76.7,1.938
2013,BY-BR,35-39,29.3,1.938
2013,BY-BR,40-44,5.5,1.938
2013,BY-BR,45-49,0.2,1.938
2014,BY-BR,15-19,22.5,1.996
2014,BY-BR,20-24,125.8,1.996
2014,BY-BR,25-29,133.1,1.996
2014,BY-BR,30-34,79.6,1.996
2014,BY-BR,35-39,31.9,1.996
2014,BY-BR,40-44,6.1,1.996
2014,BY-BR,45-49,0.2,1.996
2015,BY-BR,15-19,20.7,2.056
2015,BY-BR,20-24,123.6,2.056
2015,BY-BR,25-29,135.0,2.056
2015,BY-BR,30-34,90.0,2.056
2015,BY-BR,35-39,35.8,2.056
2015,BY-BR,40-44,5.9,2.056
2015,BY-BR,45-49,0.2,2.056
2016,BY-BR,15-19,18.5,2.102
2016,BY-BR,20-24,125.1,2.102
2016,BY-BR,25-29,139.2,2.102
2016,BY-BR,30-34,93.4,2.102
2016,BY-BR,35-39,38.2,2.102
2016,BY-BR,40-44,5.9,2.102
2016,BY-BR,45-49,0.2,2.102
2017,BY-BR,15-19,15.8,1.89
2017,BY-BR,20-24,108.5,1.89
2017,BY-BR,25-29,128.4,1.89
2017,BY-BR,30-34,82.0,1.89
2017,BY-BR,35-39,36.1,1.89
2017,BY-BR,40-44,7.1,1.89
2017,BY-BR,45-49,0.1,1.89
2018,BY-BR,15-19,14.1,1.796
2018,BY-BR,20-24,99.2,1.796
2018,BY-BR,25-29,121.4,1.796
2018,BY-BR,30-34,81.0,1.796
2018,BY-BR,35-39,36.3,1.796
2018,BY-BR,40-44,7.0,1.796
2018,BY-BR,45-49,0.3,1.796
1969,BY-HM,15-19,15.3,1.705
1969,BY-HM,20-24,113.4,1.705
1969,BY-HM,25-29,106.9,1.705
1969,BY-HM,30-34,69.1,1.705
1969,BY-HM,35-39,28.7,1.705
1969,BY-HM,40-44,6.9,1.705
1969,BY-HM,45-49,0.6,1.705
1975,BY-HM,15-19,23.9,1.603
1975,BY-HM,20-24,120.2,1.603
1975,BY-HM,25-29,95.6,1.603
1975,BY-HM,30-34,54.6,1.603
1975,BY-HM,35-39,21.6,1.603
1975,BY-HM,40-44,4.3,1.603
1975,BY-HM,45-49,0.3,1.603
1978,BY-HM,15-19,20.5,1.648
1978,BY-HM,20-24,128.5,1.648
1978,BY-HM,25-29,104.9,1.648
1978,BY-HM,30-34,55.0,1.648
1978,BY-HM,35-39,17.0,1.648
1978,BY-HM,40-44,3.5,1.648
1978,BY-HM,45-49,0.2,1.648
1980,BY-HM,15-19,26.0,1.631
1980,BY-HM,20-24,116.7,1.631
1980,BY-HM,25-29,107.3,1.631
1980,BY-HM,30-34,55.6,1.631
1980,BY-HM,35-39,17.2,1.631
1980,BY-HM,40-44,3.3,1.631
1980,BY-HM,45-49,0.2,1.631
1982,BY-HM,15-19,26.9,1.756
1982,BY-HM,20-24,119.1,1.756
1982,BY-HM,25-29,119.5,1.756
1982,BY-HM,30-34,60.3,1.756
1982,BY-HM,35-39,22.6,1.756
1982,BY-HM,40-44,2.6,1.756
1982,BY-HM,45-49,0.1,1.756
1984,BY-HM,15-19,25.5,1.714
1984,BY-HM,20-24,127.2,1.714
1984,BY-HM,25-29,108.8,1.714
1984,BY-HM,30-34,57.9,1.714
1984,BY-HM,35-39,20.6,1.714
1984,BY-HM,40-44,2.7,1.714
1984,BY-HM,45-49,0.0,1.714
1985,BY-HM,15-19,24.5,1.709
1985,BY-HM,20-24,133.5,1.709
1985,BY-HM,25-29,102.4,1.709
1985,BY-HM,30-34,58.2,1.709
1985,BY-HM,35-39,20.1,1.709
1985,BY-HM,40-44,3.0,1.709
1985,BY-HM,45-49,0.1,1.709
1986,BY-HM,15-19,25.4,1.724
1986,BY-HM,20-24,140.5,1.724
1986,BY-HM,25-29,98.6,1.724
1986,BY-HM,30-34,55.8,1.724
1986,BY-HM,35-39,20.9,1.724
1986,BY-HM,40-44,3.5,1.724
1986,BY-HM,45-49,0.0,1.724
1988,BY-HM,15-19,26.4,1.729
1988,BY-HM,20-24,143.4,1.729
1988,BY-HM,25-29,99.0,1.729
1988,BY-HM,30-34,52.5,1.729
1988,BY-HM,35-39,20.2,1.729
1988,BY-HM,40-44,4.2,1.729
1988,BY-HM,45-49,0.1,1.729
1989,BY-HM,15-19,27.5,1.716
1989,BY-HM,20-24,138.1,1.716
1989,BY-HM,25-29,106.6,1.716
1989,BY-HM,30-34,48.7,1.716
1989,BY-HM,35-39,18.0,1.716
1989,BY-HM,40-44,4.3,1.716
1989,BY-HM,45-49,0.0,1.716
1990,BY-HM,15-19,29.4,1.611
1990,BY-HM,20-24,132.1,1.611
1990,BY-HM,25-29,95.2,1.611
1990,BY-HM,30-34,46.5,1.611
1990,BY-HM,35-39,15.9,1.611
1990,BY-HM,40-44,3.2,1.611
1990,BY-HM,45-49,0.0,1.611
1995,BY-HM,15-19,24.5,1.109
1995,BY-HM,20-24,91.3,1.109
1995,BY-HM,25-29,64.0,1.109
1995,BY-HM,30-34,29.1,1.109
1995,BY-HM,35-39,10.8,1.109
1995,BY-HM,40-44,1.9,1.109
1995,BY-HM,45-49,0.1,1.109
1996,BY-HM,15-19,23.0,1.073
1996,BY-HM,20-24,89.4,1.073
1996,BY-HM,25-29,61.0,1.073
1996,BY-HM,30-34,28.4,1.073
1996,BY-HM,35-39,10.6,1.073
1996,BY-HM,40-44,2.1,1.073
1996,BY-HM,45-49,0.1,1.073
1997,BY-HM,15-19,19.6,0.97
1997,BY-HM,20-24,80.5,0.97
1997,BY-HM,25-29,56.2,0.97
1997,BY-HM,30-34,26.5,0.97
1997,BY-HM,35-39,9.2,0.97
1997,BY-HM,40-44,1.8,0.97
1997,BY-HM,45-49,0.1,0.97
1998,BY-HM,15-19,17.9,1.001
1998,BY-HM,20-24,78.8,1.001
1998,BY-HM,25-29,61.6,1.001
1998,BY-HM,30-34,29.8,1.001
1998,BY-HM,35-39,10.0,1.001
1998,BY-HM,40-44,2.0,1.001
1998,BY-HM,45-49,0.1,1.001
1999,BY-HM,15-19,17.9,1.04
1999,BY-HM,20-24,78.4,1.04
1999,BY-HM,25-29,67.4,1.04
1999,BY-HM,30-34,32.1,1.04
1999,BY-HM,35-39,10.2,1.04
1999,BY-HM,40-44,2.0,1.04
1999,BY-HM,45-49,0.1,1.04
2000,BY-HM,15-19,17.0,1.103
2000,BY-HM,20-24,80.3,1.103
2000,BY-HM,25-29,72.0,1.103
2000,BY-HM,30-34,36.8,1.103
2000,BY-HM,35-39,12.3,1.103
2000,BY-HM,40-44,2.0,1.103
2000,BY-HM,45-49,0.1,1.103
2005,BY-HM,15-19,10.6,1.078
2005,BY-HM,20-24,60.7,1.078
2005,BY-HM,25-29,77.8,1.078
2005,BY-HM,30-34,47.3,1.078
2005,BY-HM,35-39,16.2,1.078
2005,BY-HM,40-44,3.0,1.078
2005,BY-HM,45-49,0.1,1.078
2006,BY-HM,15-19,10.5,1.143
2006,BY-HM,20-24,61.5,1.143
2006,BY-HM,25-29,83.6,1.143
2006,BY-HM,30-34,51.2,1.143
2006,BY-HM,35-39,19.1,1.143
2006,BY-HM,40-44,2.7,1.143
2006,BY-HM,45-49,0.1,1.143
2007,BY-HM,15-19,9.9,1.227
2007,BY-HM,20-24,59.9,1.227
2007,BY-HM,25-29,92.4,1.227
2007,BY-HM,30-34,57.0,1.227
2007,BY-HM,35-39,22.6,1.227
2007,BY-HM,40-44,3.4,1.227
2007,BY-HM,45-49,0.2,1.227
2008,BY-HM,15-19,9.8,1.285
2008,BY-HM,20-24,59.3,1.285
2008,BY-HM,25-29,94.2,1.285
2008,BY-HM,30-34,64.1,1.285
2008,BY-HM,35-39,25.2,1.285
2008,BY-HM,40-44,4.3,1.285
2008,BY-HM,45-49,0.1,1.285
2009,BY-HM,15-19,8.8,1.278
2009,BY-HM,20-24,54.2,1.278
2009,BY-HM,25-29,96.9,1.278
2009,BY-HM,30-34,64.8,1.278
2009,BY-HM,35-39,26.3,1.278
2009,BY-HM,40-44,4.5,1.278
2009,BY-HM,45-49,0.2,1.278
2010,BY-HM,15-19,7.5,1.255
2010,BY-HM,20-24,49.1,1.255
2010,BY-HM,25-29,92.2,1.255
2010,BY-HM,30-34,68.7,1.255
2010,BY-HM,35-39,28.7,1.255
2010,BY-HM,40-44,4.7,1.255
2010,BY-HM,45-49,0.2,1.255
2011,BY-HM,15-19,7.1,1.232
2011,BY-HM,20-24,45.1,1.232
2011,BY-HM,25-29,88.8,1.232
2011,BY-HM,30-34,69.9,1.232
2011,BY-HM,35-39,29.8,1.232
2011,BY-HM,40-44,5.4,1.232
2011,BY-HM,45-49,0.2,1.232
2012,BY-HM,15-19,7.2,1.298
2012,BY-HM,20-24,44.1,1.298
2012,BY-HM,25-29,96.0,1.298
2012,BY-HM,30-34,72.0,1.298
2012,BY-HM,35-39,33.6,1.298
2012,BY-HM,40-44,6.4,1.298
2012,BY-HM,45-49,0.2,1.298
2013,BY-HM,15-19,7.5,1.3
2013,BY-HM,20-24,41.2,1.3
2013,BY-HM,25-29,92.8,1.3
2013,BY-HM,30-34,76.5,1.3
2013,BY-HM,35-39,35.1,1.3
2013,BY-HM,40-44,6.6,1.3
2013,BY-HM,45-49,0.2,1.3
2014,BY-HM,15-19,6.3,1.308
2014,BY-HM,20-24,40.2,1.308
2014,BY-HM,25-29,92.4,1.308
2014,BY-HM,30-34,76.9,1.308
2014,BY-HM,35-39,38.0,1.308
2014,BY-HM,40-44,7.4,1.308
2014,BY-HM,45-49,0.5,1.308
2015,BY-HM,15-19,5.2,1.258
2015,BY-HM,20-24,35.3,1.258
2015,BY-HM,25-29,88.1,1.258
2015,BY-HM,30-34,76.7,1.258
2015,BY-HM,35-39,38.5,1.258
2015,BY-HM,40-44,7.6,1.258
2015,BY-HM,45-49,0.3,1.258
2016,BY-HM,15-19,4.5,1.226
2016,BY-HM,20-24,34.9,1.226
2016,BY-HM,25-29,81.0,1.226
2016,BY-HM,30-34,76.6,1.226
2016,BY-HM,35-39,40.0,1.226
2016,BY-HM,40-44,7.8,1.226
2016,BY-HM,45-49,0.3,1.226
2017,BY-HM,15-19,4.0,1.071
2017,BY-HM,20-24,32.6,1.071
2017,BY-HM,25-29,66.0,1.071
2017,BY-HM,30-34,68.3,1.071
2017,BY-HM,35-39,35.1,1.071
2017,BY-HM,40-44,8.0,1.071
2017,BY-HM,45-49,0.3,1.071
2018,BY-HM,15-19,3.2,0.975
2018,BY-HM,20-24,30.9,0.975
2018,BY-HM,25-29,57.6,0.975
2018,BY-HM,30-34,61.0,0.975
2018,BY-HM,35-39,34.5,0.975
2018,BY-HM,40-44,7.4,0.975
2018,BY-HM,45-49,0.4,0.975
1969,BY-HO,15-19,21.0,2.489
1969,BY-HO,20-24,176.8,2.489
1969,BY-HO,25-29,137.8,2.489
1969,BY-HO,30-34,97.1,2.489
1969,BY-HO,35-39,49.7,2.489
1969,BY-HO,40-44,14.2,2.489
1969,BY-HO,45-49,1.2,2.489
1975,BY-HO,15-19,32.4,2.327
1975,BY-HO,20-24,176.3,2.327
1975,BY-HO,25-29,137.7,2.327
1975,BY-HO,30-34,73.4,2.327
1975,BY-HO,35-39,35.7,2.327
1975,BY-HO,40-44,9.3,2.327
1975,BY-HO,45-49,0.6,2.327
1978,BY-HO,15-19,38.7,2.251
1978,BY-HO,20-24,186.2,2.251
1978,BY-HO,25-29,126.2,2.251
1978,BY-HO,30-34,65.7,2.251
1978,BY-HO,35-39,25.3,2.251
1978,BY-HO,40-44,7.8,2.251
1978,BY-HO,45-49,0.3,2.251
1980,BY-HO,15-19,41.0,2.223
1980,BY-HO,20-24,193.7,2.223
1980,BY-HO,25-29,122.2,2.223
1980,BY-HO,30-34,59.1,2.223
1980,BY-HO,35-39,22.4,2.223
1980,BY-HO,40-44,5.6,2.223
1980,BY-HO,45-49,0.5,2.223
1982,BY-HO,15-19,39.0,2.294
1982,BY-HO,20-24,201.9,2.294
1982,BY-HO,25-29,127.3,2.294
1982,BY-HO,30-34,60.4,2.294
1982,BY-HO,35-39,24.9,2.294
1982,BY-HO,40-44,5.0,2.294
1982,BY-HO,45-49,0.4,2.294
1984,BY-HO,15-19,38.4,2.286
1984,BY-HO,20-24,202.5,2.286
1984,BY-HO,25-29,128.0,2.286
1984,BY-HO,30-34,59.9,2.286
1984,BY-HO,35-39,23.8,2.286
1984,BY-HO,40-44,4.4,2.286
1984,BY-HO,45-49,0.2,2.286
1985,BY-HO,15-19,38.2,2.282
1985,BY-HO,20-24,198.4,2.282
1985,BY-HO,25-29,128.8,2.282
1985,BY-HO,30-34,62.2,2.282
1985,BY-HO,35-39,23.3,2.282
1985,BY-HO,40-44,5.1,2.282
1985,BY-HO,45-49,0.4,2.282
1986,BY-HO,15-19,39.8,2.168
1986,BY-HO,20-24,186.6,2.168
1986,BY-HO,25-29,121.3,2.168
1986,BY-HO,30-34,56.9,2.168
1986,BY-HO,35-39,22.7,2.168
1986,BY-HO,40-44,5.9,2.168
1986,BY-HO,45-49,0.4,2.168
1988,BY-HO,15-19,46.6,2.249
1988,BY-HO,20-24,187.7,2.249
1988,BY-HO,25-29,130.4,2.249
1988,BY-HO,30-34,58.6,2.249
1988,BY-HO,35-39,21.5,2.249
1988,BY-HO,40-44,4.8,2.249
1988,BY-HO,45-49,0.2,2.249
1989,BY-HO,15-19,48.9,2.12
1989,BY-HO,20-24,187.5,2.12
1989,BY-HO,25-29,110.6,2.12
1989,BY-HO,30-34,53.3,2.12
1989,BY-HO,35-39,19.3,2.12
1989,BY-HO,40-44,4.3,2.12
1989,BY-HO,45-49,0.1,2.12
1990,BY-HO,15-19,52.8,1.92
1990,BY-HO,20-24,176.5,1.92
1990,BY-HO,25-29,91.3,1.92
1990,BY-HO,30-34,43.5,1.92
1990,BY-HO,35-39,16.2,1.92
1990,BY-HO,40-44,3.6,1.92
1990,BY-HO,45-49,0.1,1.92
1995,BY-HO,15-19,47.1,1.498
1995,BY-HO,20-24,134.5,1.498
1995,BY-HO,25-29,72.5,1.498
1995,BY-HO,30-34,31.3,1.498
1995,BY-HO,35-39,11.2,1.498
1995,BY-HO,40-44,2.9,1.498
1995,BY-HO,45-49,0.2,1.498
1996,BY-HO,15-19,41.1,1.405
1996,BY-HO,20-24,127.5,1.405
1996,BY-HO,25-29,69.8,1.405
1996,BY-HO,30-34,29.2,1.405
1996,BY-HO,35-39,10.8,1.405
1996,BY-HO,40-44,2.5,1.405
1996,BY-HO,45-49,0.2,1.405
1997,BY-HO,15-19,38.7,1.337
1997,BY-HO,20-24,116.6,1.337
1997,BY-HO,25-29,69.9,1.337
1997,BY-HO,30-34,29.6,1.337
1997,BY-HO,35-39,9.9,1.337
1997,BY-HO,40-44,2.6,1.337
1997,BY-HO,45-49,0.1,1.337
1998,BY-HO,15-19,36.7,1.359
1998,BY-HO,20-24,116.1,1.359
1998,BY-HO,25-29,73.9,1.359
1998,BY-HO,30-34,31.7,1.359
1998,BY-HO,35-39,11.1,1.359
1998,BY-HO,40-44,2.1,1.359
1998,BY-HO,45-49,0.2,1.359
1999,BY-HO,15-19,34.0,1.349
1999,BY-HO,20-24,115.5,1.349
1999,BY-HO,25-29,75.1,1.349
1999,BY-HO,30-34,32.6,1.349
1999,BY-HO,35-39,10.4,1.349
1999,BY-HO,40-44,2.0,1.349
1999,BY-HO,45-49,0.1,1.349
2000,BY-HO,15-19,29.6,1.328
2000,BY-HO,20-24,112.8,1.328
2000,BY-HO,25-29,74.8,1.328
2000,BY-HO,30-34,34.7,1.328
2000,BY-HO,35-39,11.4,1.328
2000,BY-HO,40-44,2.3,1.328
2000,BY-HO,45-49,0.0,1.328
2005,BY-HO,15-19,25.0,1.28
2005,BY-HO,20-24,97.9,1.28
2005,BY-HO,25-29,76.9,1.28
2005,BY-HO,30-34,40.1,1.28
2005,BY-HO,35-39,13.9,1.28
2005,BY-HO,40-44,2.0,1.28
2005,BY-HO,45-49,0.1,1.28
2006,BY-HO,15-19,26.3,1.355
2006,BY-HO,20-24,99.2,1.355
2006,BY-HO,25-29,83.7,1.355
2006,BY-HO,30-34,44.2,1.355
2006,BY-HO,35-39,14.9,1.355
2006,BY-HO,40-44,2.5,1.355
2006,BY-HO,45-49,0.1,1.355
2007,BY-HO,15-19,26.6,1.47
2007,BY-HO,20-24,104.2,1.47
2007,BY-HO,25-29,91.1,1.47
2007,BY-HO,30-34,51.2,1.47
2007,BY-HO,35-39,17.9,1.47
2007,BY-HO,40-44,2.9,1.47
2007,BY-HO,45-49,0.0,1.47
2008,BY-HO,15-19,27.9,1.55
2008,BY-HO,20-24,109.0,1.55
2008,BY-HO,25-29,96.8,1.55
2008,BY-HO,30-34,54.6,1.55
2008,BY-HO,35-39,18.6,1.55
2008,BY-HO,40-44,3.0,1.55
2008,BY-HO,45-49,0.1,1.55
2009,BY-HO,15-19,28.4,1.589
2009,BY-HO,20-24,107.8,1.589
2009,BY-HO,25-29,99.8,1.589
2009,BY-HO,30-34,56.6,1.589
2009,BY-HO,35-39,21.7,1.589
2009,BY-HO,40-44,3.4,1.589
2009,BY-HO,45-49,0.1,1.589
2010,BY-HO,15-19,25.9,1.558
2010,BY-HO,20-24,100.7,1.558
2010,BY-HO,25-29,100.4,1.558
2010,BY-HO,30-34,60.2,1.558
2010,BY-HO,35-39,20.9,1.558
2010,BY-HO,40-44,3.4,1.558
2010,BY-HO,45-49,0.1,1.558
2011,BY-HO,15-19,26.8,1.573
2011,BY-HO,20-24,100.3,1.573
2011,BY-HO,25-29,103.6,1.573
2011,BY-HO,30-34,59.6,1.573
2011,BY-HO,35-39,20.9,1.573
2011,BY-HO,40-44,3.4,1.573
2011,BY-HO,45-49,0.1,1.573
2012,BY-HO,15-19,28.9,1.712
2012,BY-HO,20-24,108.2,1.712
2012,BY-HO,25-29,111.2,1.712
2012,BY-HO,30-34,65.8,1.712
2012,BY-HO,35-39,23.9,1.712
2012,BY-HO,40-44,4.3,1.712
2012,BY-HO,45-49,0.1,1.712
2013,BY-HO,15-19,29.2,1.784
2013,BY-HO,20-24,106.6,1.784
2013,BY-HO,25-29,115.8,1.784
2013,BY-HO,30-34,72.8,1.784
2013,BY-HO,35-39,27.8,1.784
2013,BY-HO,40-44,4.5,1.784
2013,BY-HO,45-49,0.2,1.784
2014,BY-HO,15-19,28.2,1.825
2014,BY-HO,20-24,109.8,1.825
2014,BY-HO,25-29,116.5,1.825
2014,BY-HO,30-34,75.9,1.825
2014,BY-HO,35-39,29.8,1.825
2014,BY-HO,40-44,4.8,1.825
2014,BY-HO,45-49,0.1,1.825
2015,BY-HO,15-19,24.8,1.89
2015,BY-HO,20-24,112.0,1.89
2015,BY-HO,25-29,119.0,1.89
2015,BY-HO,30-34,82.3,1.89
2015,BY-HO,35-39,34.3,1.89
2015,BY-HO,40-44,5.5,1.89
2015,BY-HO,45-49,0.1,1.89
2016,BY-HO,15-19,22.6,1.928
2016,BY-HO,20-24,110.4,1.928
2016,BY-HO,25-29,124.4,1.928
2016,BY-HO,30-34,84.7,1.928
2016,BY-HO,35-39,36.7,1.928
2016,BY-HO,40-44,6.7,1.928
2016,BY-HO,45-49,0.2,1.928
2017,BY-HO,15-19,18.3,1.719
2017,BY-HO,20-24,96.4,1.719
2017,BY-HO,25-29,112.7,1.719
2017,BY-HO,30-34,75.7,1.719
2017,BY-HO,35-39,34.1,1.719
2017,BY-HO,40-44,6.5,1.719
2017,BY-HO,45-49,0.1,1.719
2018,BY-HO,15-19,16.4,1.609
2018,BY-HO,20-24,90.6,1.609
2018,BY-HO,25-29,103.4,1.609
2018,BY-HO,30-34,71.4,1.609
2018,BY-HO,35-39,33.1,1.609
2018,BY-HO,40-44,6.5,1.609
2018,BY-HO,45-49,0.3,1.609
1969,BY-HR,15-19,17.9,2.39
1969,BY-HR,20-24,164.3,2.39
1969,BY-HR,25-29,148.1,2.39
1969,BY-HR,30-34,90.4,2.39
1969,BY-HR,35-39,43.9,2.39
1969,BY-HR,40-44,12.3,2.39
1969,BY-HR,45-49,1.2,2.39
1975,BY-HR,15-19,22.0,2.32
1975,BY-HR,20-24,195.5,2.32
1975,BY-HR,25-29,135.2,2.32
1975,BY-HR,30-34,71.3,2.32
1975,BY-HR,35-39,31.1,2.32
1975,BY-HR,40-44,8.4,2.32
1975,BY-HR,45-49,0.5,2.32
1978,BY-HR,15-19,27.4,2.163
1978,BY-HR,20-24,185.7,2.163
1978,BY-HR,25-29,124.9,2.163
1978,BY-HR,30-34,62.2,2.163
1978,BY-HR,35-39,25.4,2.163
1978,BY-HR,40-44,6.5,2.163
1978,BY-HR,45-49,0.5,2.163
1980,BY-HR,15-19,27.2,2.155
1980,BY-HR,20-24,196.4,2.155
1980,BY-HR,25-29,123.1,2.155
1980,BY-HR,30-34,57.0,2.155
1980,BY-HR,35-39,22.1,2.155
1980,BY-HR,40-44,4.9,2.155
1980,BY-HR,45-49,0.4,2.155
1982,BY-HR,15-19,25.9,2.175
1982,BY-HR,20-24,196.5,2.175
1982,BY-HR,25-29,129.0,2.175
1982,BY-HR,30-34,56.9,2.175
1982,BY-HR,35-39,22.7,2.175
1982,BY-HR,40-44,3.9,2.175
1982,BY-HR,45-49,0.2,2.175
1984,BY-HR,15-19,25.9,2.177
1984,BY-HR,20-24,190.4,2.177
1984,BY-HR,25-29,137.8,2.177
1984,BY-HR,30-34,55.4,2.177
1984,BY-HR,35-39,21.2,2.177
1984,BY-HR,40-44,4.5,2.177
1984,BY-HR,45-49,0.2,2.177
1985,BY-HR,15-19,26.9,2.231
1985,BY-HR,20-24,191.0,2.231
1985,BY-HR,25-29,144.3,2.231
1985,BY-HR,30-34,57.4,2.231
1985,BY-HR,35-39,21.8,2.231
1985,BY-HR,40-44,4.6,2.231
1985,BY-HR,45-49,0.1,2.231
1986,BY-HR,15-19,28.1,2.225
1986,BY-HR,20-24,181.5,2.225
1986,BY-HR,25-29,147.7,2.225
1986,BY-HR,30-34,60.3,2.225
1986,BY-HR,35-39,22.5,2.225
1986,BY-HR,40-44,4.8,2.225
1986,BY-HR,45-49,0.2,2.225
1988,BY-HR,15-19,28.4,2.091
1988,BY-HR,20-24,174.3,2.091
1988,BY-HR,25-29,133.9,2.091
1988,BY-HR,30-34,57.2,2.091
1988,BY-HR,35-39,19.6,2.091
1988,BY-HR,40-44,4.6,2.091
1988,BY-HR,45-49,0.2,2.091
1989,BY-HR,15-19,35.6,2.097
1989,BY-HR,20-24,203.4,2.097
1989,BY-HR,25-29,112.3,2.097
1989,BY-HR,30-34,47.5,2.097
1989,BY-HR,35-39,16.5,2.097
1989,BY-HR,40-44,3.8,2.097
1989,BY-HR,45-49,0.3,2.097
1990,BY-HR,15-19,39.1,2.076
1990,BY-HR,20-24,205.0,2.076
1990,BY-HR,25-29,107.1,2.076
1990,BY-HR,30-34,45.3,2.076
1990,BY-HR,35-39,15.3,2.076
1990,BY-HR,40-44,3.3,2.076
1990,BY-HR,45-49,0.1,2.076
1995,BY-HR,15-19,37.5,1.488
1995,BY-HR,20-24,139.1,1.488
1995,BY-HR,25-29,79.7,1.488
1995,BY-HR,30-34,28.5,1.488
1995,BY-HR,35-39,10.7,1.488
1995,BY-HR,40-44,2.0,1.488
1995,BY-HR,45-49,0.1,1.488
1996,BY-HR,15-19,33.7,1.399
1996,BY-HR,20-24,128.7,1.399
1996,BY-HR,25-29,77.1,1.399
1996,BY-HR,30-34,29.2,1.399
1996,BY-HR,35-39,8.9,1.399
1996,BY-HR,40-44,2.1,1.399
1996,BY-HR,45-49,0.1,1.399
1997,BY-HR,15-19,31.3,1.31
1997,BY-HR,20-24,116.2,1.31
1997,BY-HR,25-29,75.0,1.31
1997,BY-HR,30-34,28.6,1.31
1997,BY-HR,35-39,8.7,1.31
1997,BY-HR,40-44,1.9,1.31
1997,BY-HR,45-49,0.2,1.31
1998,BY-HR,15-19,29.9,1.363
1998,BY-HR,20-24,117.8,1.363
1998,BY-HR,25-29,79.8,1.363
1998,BY-HR,30-34,32.5,1.363
1998,BY-HR,35-39,10.8,1.363
1998,BY-HR,40-44,1.7,1.363
1998,BY-HR,45-49,0.1,1.363
1999,BY-HR,15-19,28.2,1.384
1999,BY-HR,20-24,123.2,1.384
1999,BY-HR,25-29,79.7,1.384
1999,BY-HR,30-34,34.0,1.384
1999,BY-HR,35-39,9.8,1.384
1999,BY-HR,40-44,1.8,1.384
1999,BY-HR,45-49,0.1,1.384
2000,BY-HR,15-19,27.3,1.38
2000,BY-HR,20-24,122.7,1.38
2000,BY-HR,25-29,79.9,1.38
2000,BY-HR,30-34,34.1,1.38
2000,BY-HR,35-39,10.3,1.38
2000,BY-HR,40-44,1.6,1.38
2000,BY-HR,45-49,0.1,1.38
2005,BY-HR,15-19,21.3,1.297
2005,BY-HR,20-24,99.7,1.297
2005,BY-HR,25-29,82.2,1.297
2005,BY-HR,30-34,39.8,1.297
2005,BY-HR,35-39,14.1,1.297
2005,BY-HR,40-44,2.1,1.297
2005,BY-HR,45-49,0.1,1.297
2006,BY-HR,15-19,23.6,1.459
2006,BY-HR,20-24,110.7,1.459
2006,BY-HR,25-29,93.0,1.459
2006,BY-HR,30-34,47.7,1.459
2006,BY-HR,35-39,14.6,1.459
2006,BY-HR,40-44,2.1,1.459
2006,BY-HR,45-49,0.1,1.459
2007,BY-HR,15-19,24.3,1.577
2007,BY-HR,20-24,117.7,1.577
2007,BY-HR,25-29,101.1,1.577
2007,BY-HR,30-34,52.6,1.577
2007,BY-HR,35-39,17.4,1.577
2007,BY-HR,40-44,2.3,1.577
2007,BY-HR,45-49,0.0,1.577
2008,BY-HR,15-19,24.4,1.65
2008,BY-HR,20-24,119.6,1.65
2008,BY-HR,25-29,108.2,1.65
2008,BY-HR,30-34,55.1,1.65
2008,BY-HR,35-39,19.7,1.65
2008,BY-HR,40-44,3.0,1.65
2008,BY-HR,45-49,0.0,1.65
2009,BY-HR,15-19,24.2,1.653
2009,BY-HR,20-24,115.2,1.653
2009,BY-HR,25-29,106.1,1.653
2009,BY-HR,30-34,59.9,1.653
2009,BY-HR,35-39,21.6,1.653
2009,BY-HR,40-44,3.5,1.653
2009,BY-HR,45-49,0.1,1.653
2010,BY-HR,15-19,21.9,1.637
2010,BY-HR,20-24,110.0,1.637
2010,BY-HR,25-29,109.7,1.637
2010,BY-HR,30-34,60.0,1.637
2010,BY-HR,35-39,21.9,1.637
2010,BY-HR,40-44,3.8,1.637
2010,BY-HR,45-49,0.2,1.637
2011,BY-HR,15-19,22.9,1.697
2011,BY-HR,20-24,110.2,1.697
2011,BY-HR,25-29,115.5,1.697
2011,BY-HR,30-34,64.3,1.697
2011,BY-HR,35-39,22.7,1.697
2011,BY-HR,40-44,3.7,1.697
2011,BY-HR,45-49,0.1,1.697
2012,BY-HR,15-19,23.0,1.823
2012,BY-HR,20-24,118.5,1.823
2012,BY-HR,25-29,121.2,1.823
2012,BY-HR,30-34,70.7,1.823
2012,BY-HR,35-39,26.3,1.823
2012,BY-HR,40-44,4.8,1.823
2012,BY-HR,45-49,0.1,1.823
2013,BY-HR,15-19,22.2,1.871
2013,BY-HR,20-24,116.9,1.871
2013,BY-HR,25-29,125.8,1.871
2013,BY-HR,30-34,74.4,1.871
2013,BY-HR,35-39,30.3,1.871
2013,BY-HR,40-44,4.5,1.871
2013,BY-HR,45-49,0.1,1.871
2014,BY-HR,15-19,19.5,1.861
2014,BY-HR,20-24,113.6,1.861
2014,BY-HR,25-29,124.1,1.861
2014,BY-HR,30-34,78.7,1.861
2014,BY-HR,35-39,30.7,1.861
2014,BY-HR,40-44,5.6,1.861
2014,BY-HR,45-49,0.1,1.861
2015,BY-HR,15-19,18.8,1.965
2015,BY-HR,20-24,112.3,1.965
2015,BY-HR,25-29,135.8,1.965
2015,BY-HR,30-34,85.4,1.965
2015,BY-HR,35-39,35.1,1.965
2015,BY-HR,40-44,5.5,1.965
2015,BY-HR,45-49,0.1,1.965
2016,BY-HR,15-19,16.7,2.032
2016,BY-HR,20-24,114.6,2.032
2016,BY-HR,25-29,142.5,2.032
2016,BY-HR,30-34,90.4,2.032
2016,BY-HR,35-39,35.8,2.032
2016,BY-HR,40-44,6.2,2.032
2016,BY-HR,45-49,0.3,2.032
2017,BY-HR,15-19,14.5,1.754
2017,BY-HR,20-24,97.2,1.754
2017,BY-HR,25-29,120.1,1.754
2017,BY-HR,30-34,79.3,1.754
2017,BY-HR,35-39,33.4,1.754
2017,BY-HR,40-44,5.9,1.754
2017,BY-HR,45-49,0.3,1.754
2018,BY-HR,15-19,11.7,1.637
2018,BY-HR,20-24,87.4,1.637
2018,BY-HR,25-29,115.4,1.637
2018,BY-HR,30-34,75.3,1.637
2018,BY-HR,35-39,31.9,1.637
2018,BY-HR,40-44,5.5,1.637
2018,BY-HR,45-49,0.2,1.637
1969,BY-MA,15-19,19.6,2.417
1969,BY-MA,20-24,171.2,2.417
1969,BY-MA,25-29,137.2,2.417
1969,BY-MA,30-34,92.5,2.417
1969,BY-MA,35-39,47.5,2.417
1969,BY-MA,40-44,13.9,2.417
1969,BY-MA,45-49,1.4,2.417
1975,BY-MA,15-19,27.8,2.21
1975,BY-MA,20-24,163.0,2.21
1975,BY-MA,25-29,133.5,2.21
1975,BY-MA,30-34,72.3,2.21
1975,BY-MA,35-39,35.8,2.21
1975,BY-MA,40-44,9.1,2.21
1975,BY-MA,45-49,0.5,2.21
1978,BY-MA,15-19,32.7,2.115
1978,BY-MA,20-24,174.2,2.115
1978,BY-MA,25-29,119.5,2.115
1978,BY-MA,30-34,63.5,2.115
1978,BY-MA,35-39,25.8,2.115
1978,BY-MA,40-44,6.9,2.115
1978,BY-MA,45-49,0.5,2.115
1980,BY-MA,15-19,33.2,2.034
1980,BY-MA,20-24,166.3,2.034
1980,BY-MA,25-29,119.9,2.034
1980,BY-MA,30-34,58.8,2.034
1980,BY-MA,35-39,22.6,2.034
1980,BY-MA,40-44,5.4,2.034
1980,BY-MA,45-49,0.5,2.034
1982,BY-MA,15-19,33.9,2.073
1982,BY-MA,20-24,167.7,2.073
1982,BY-MA,25-29,123.3,2.073
1982,BY-MA,30-34,58.8,2.073
1982,BY-MA,35-39,25.4,2.073
1982,BY-MA,40-44,5.2,2.073
1982,BY-MA,45-49,0.4,2.073
1984,BY-MA,15-19,35.2,2.039
1984,BY-MA,20-24,164.5,2.039
1984,BY-MA,25-29,121.0,2.039
1984,BY-MA,30-34,59.5,2.039
1984,BY-MA,35-39,23.0,2.039
1984,BY-MA,40-44,4.4,2.039
1984,BY-MA,45-49,0.2,2.039
1985,BY-MA,15-19,35.6,2.079
1985,BY-MA,20-24,165.8,2.079
1985,BY-MA,25-29,124.1,2.079
1985,BY-MA,30-34,61.7,2.079
1985,BY-MA,35-39,23.8,2.079
1985,BY-MA,40-44,4.6,2.079
1985,BY-MA,45-49,0.2,2.079
1986,BY-MA,15-19,38.7,2.07
1986,BY-MA,20-24,163.9,2.07
1986,BY-MA,25-29,119.4,2.07
1986,BY-MA,30-34,61.1,2.07
1986,BY-MA,35-39,25.1,2.07
1986,BY-MA,40-44,5.5,2.07
1986,BY-MA,45-49,0.2,2.07
1988,BY-MA,15-19,40.7,2.003
1988,BY-MA,20-24,159.5,2.003
1988,BY-MA,25-29,112.4,2.003
1988,BY-MA,30-34,58.2,2.003
1988,BY-MA,35-39,23.9,2.003
1988,BY-MA,40-44,5.9,2.003
1988,BY-MA,45-49,0.1,2.003
1989,BY-MA,15-19,46.5,2.04
1989,BY-MA,20-24,177.8,2.04
1989,BY-MA,25-29,108.6,2.04
1989,BY-MA,30-34,50.9,2.04
1989,BY-MA,35-39,18.9,2.04
1989,BY-MA,40-44,5.1,2.04
1989,BY-MA,45-49,0.2,2.04
1990,BY-MA,15-19,49.2,1.901
1990,BY-MA,20-24,172.9,1.901
1990,BY-MA,25-29,94.0,1.901
1990,BY-MA,30-34,44.5,1.901
1990,BY-MA,35-39,15.9,1.901
1990,BY-MA,40-44,3.5,1.901
1990,BY-MA,45-49,0.2,1.901
1995,BY-MA,15-19,39.9,1.452
1995,BY-MA,20-24,130.5,1.452
1995,BY-MA,25-29,75.4,1.452
1995,BY-MA,30-34,31.4,1.452
1995,BY-MA,35-39,10.5,1.452
1995,BY-MA,40-44,2.5,1.452
1995,BY-MA,45-49,0.3,1.452
1996,BY-MA,15-19,38.0,1.329
1996,BY-MA,20-24,115.4,1.329
1996,BY-MA,25-29,69.4,1.329
1996,BY-MA,30-34,29.5,1.329
1996,BY-MA,35-39,10.8,1.329
1996,BY-MA,40-44,2.5,1.329
1996,BY-MA,45-49,0.1,1.329
1997,BY-MA,15-19,37.2,1.259
1997,BY-MA,20-24,101.4,1.259
1997,BY-MA,25-29,69.3,1.259
1997,BY-MA,30-34,30.6,1.259
1997,BY-MA,35-39,10.8,1.259
1997,BY-MA,40-44,2.3,1.259
1997,BY-MA,45-49,0.1,1.259
1998,BY-MA,15-19,35.7,1.341
1998,BY-MA,20-24,111.5,1.341
1998,BY-MA,25-29,72.8,1.341
1998,BY-MA,30-34,34.8,1.341
1998,BY-MA,35-39,11.0,1.341
1998,BY-MA,40-44,2.3,1.341
1998,BY-MA,45-49,0.1,1.341
1999,BY-MA,15-19,31.3,1.318
1999,BY-MA,20-24,111.4,1.318
1999,BY-MA,25-29,72.5,1.318
1999,BY-MA,30-34,34.5,1.318
1999,BY-MA,35-39,11.6,1.318
1999,BY-MA,40-44,2.0,1.318
1999,BY-MA,45-49,0.3,1.318
2000,BY-MA,15-19,30.8,1.328
2000,BY-MA,20-24,110.5,1.328
2000,BY-MA,25-29,73.7,1.328
2000,BY-MA,30-34,36.1,1.328
2000,BY-MA,35-39,12.2,1.328
2000,BY-MA,40-44,2.2,1.328
2000,BY-MA,45-49,0.1,1.328
2005,BY-MA,15-19,24.0,1.254
2005,BY-MA,20-24,94.5,1.254
2005,BY-MA,25-29,75.4,1.254
2005,BY-MA,30-34,41.0,1.254
2005,BY-MA,35-39,12.9,1.254
2005,BY-MA,40-44,2.7,1.254
2005,BY-MA,45-49,0.2,1.254
2006,BY-MA,15-19,26.3,1.34
2006,BY-MA,20-24,98.5,1.34
2006,BY-MA,25-29,81.8,1.34
2006,BY-MA,30-34,43.2,1.34
2006,BY-MA,35-39,15.4,1.34
2006,BY-MA,40-44,2.7,1.34
2006,BY-MA,45-49,0.1,1.34
2007,BY-MA,15-19,24.1,1.45
2007,BY-MA,20-24,103.3,1.45
2007,BY-MA,25-29,90.6,1.45
2007,BY-MA,30-34,50.7,1.45
2007,BY-MA,35-39,18.0,1.45
2007,BY-MA,40-44,3.0,1.45
2007,BY-MA,45-49,0.2,1.45
2008,BY-MA,15-19,25.9,1.513
2008,BY-MA,20-24,108.9,1.513
2008,BY-MA,25-29,92.3,1.513
2008,BY-MA,30-34,52.3,1.513
2008,BY-MA,35-39,20.1,1.513
2008,BY-MA,40-44,2.9,1.513
2008,BY-MA,45-49,0.1,1.513
2009,BY-MA,15-19,26.2,1.53
2009,BY-MA,20-24,105.0,1.53
2009,BY-MA,25-29,95.6,1.53
2009,BY-MA,30-34,55.3,1.53
2009,BY-MA,35-39,20.3,1.53
2009,BY-MA,40-44,3.5,1.53
2009,BY-MA,45-49,0.1,1.53
2010,BY-MA,15-19,25.4,1.502
2010,BY-MA,20-24,99.6,1.502
2010,BY-MA,25-29,96.2,1.502
2010,BY-MA,30-34,55.5,1.502
2010,BY-MA,35-39,19.9,1.502
2010,BY-MA,40-44,3.6,1.502
2010,BY-MA,45-49,0.1,1.502
2011,BY-MA,15-19,26.1,1.573
2011,BY-MA,20-24,101.3,1.573
2011,BY-MA,25-29,101.8,1.573
2011,BY-MA,30-34,60.2,1.573
2011,BY-MA,35-39,21.6,1.573
2011,BY-MA,40-44,3.6,1.573
2011,BY-MA,45-49,0.0,1.573
2012,BY-MA,15-19,29.8,1.698
2012,BY-MA,20-24,110.3,1.698
2012,BY-MA,25-29,106.7,1.698
2012,BY-MA,30-34,64.3,1.698
2012,BY-MA,35-39,24.5,1.698
2012,BY-MA,40-44,3.8,1.698
2012,BY-MA,45-49,0.1,1.698
2013,BY-MA,15-19,27.5,1.768
2013,BY-MA,20-24,110.3,1.768
2013,BY-MA,25-29,112.0,1.768
2013,BY-MA,30-34,71.2,1.768
2013,BY-MA,35-39,28.4,1.768
2013,BY-MA,40-44,4.2,1.768
2013,BY-MA,45-49,0.1,1.768
2014,BY-MA,15-19,26.4,1.835
2014,BY-MA,20-24,110.8,1.835
2014,BY-MA,25-29,117.7,1.835
2014,BY-MA,30-34,76.9,1.835
2014,BY-MA,35-39,30.4,1.835
2014,BY-MA,40-44,4.7,1.835
2014,BY-MA,45-49,0.2,1.835
2015,BY-MA,15-19,23.8,1.831
2015,BY-MA,20-24,107.1,1.831
2015,BY-MA,25-29,118.9,1.831
2015,BY-MA,30-34,79.4,1.831
2015,BY-MA,35-39,31.5,1.831
2015,BY-MA,40-44,5.3,1.831
2015,BY-MA,45-49,0.2,1.831
2016,BY-MA,15-19,20.7,1.851
2016,BY-MA,20-24,102.2,1.851
2016,BY-MA,25-29,122.6,1.851
2016,BY-MA,30-34,82.7,1.851
2016,BY-MA,35-39,35.8,1.851
2016,BY-MA,40-44,6.1,1.851
2016,BY-MA,45-49,0.2,1.851
2017,BY-MA,15-19,17.0,1.655
2017,BY-MA,20-24,92.6,1.655
2017,BY-MA,25-29,105.5,1.655
2017,BY-MA,30-34,76.5,1.655
2017,BY-MA,35-39,33.3,1.655
2017,BY-MA,40-44,5.9,1.655
2017,BY-MA,45-49,0.3,1.655
2018,BY-MA,15-19,14.9,1.593
2018,BY-MA,20-24,89.4,1.593
2018,BY-MA,25-29,101.3,1.593
2018,BY-MA,30-34,73.3,1.593
2018,BY-MA,35-39,33.3,1.593
2018,BY-MA,40-44,6.0,1.593
2018,BY-MA,45-49,0.3,1.593
1969,BY-MI,15-19,19.3,2.524
1969,BY-MI,20-24,187.5,2.524
1969,BY-MI,25-29,144.2,2.524
1969,BY-MI,30-34,91.9,2.524
1969,BY-MI,35-39,46.3,2.524
1969,BY-MI,40-44,13.9,2.524
1969,BY-MI,45-49,1.7,2.524
1975,BY-MI,15-19,25.1,2.418
1975,BY-MI,20-24,187.7,2.418
1975,BY-MI,25-29,153.2,2.418
1975,BY-MI,30-34,72.0,2.418
1975,BY-MI,35-39,35.4,2.418
1975,BY-MI,40-44,9.7,2.418
1975,BY-MI,45-49,0.6,2.418
1978,BY-MI,15-19,32.5,2.195
1978,BY-MI,20-24,191.0,2.195
1978,BY-MI,25-29,122.6,2.195
1978,BY-MI,30-34,62.2,2.195
1978,BY-MI,35-39,23.5,2.195
1978,BY-MI,40-44,6.7,2.195
1978,BY-MI,45-49,0.4,2.195
1980,BY-MI,15-19,32.4,2.205
1980,BY-MI,20-24,205.9,2.205
1980,BY-MI,25-29,120.4,2.205
1980,BY-MI,30-34,56.5,2.205
1980,BY-MI,35-39,20.4,2.205
1980,BY-MI,40-44,5.2,2.205
1980,BY-MI,45-49,0.3,2.205
1982,BY-MI,15-19,32.1,2.3
1982,BY-MI,20-24,204.2,2.3
1982,BY-MI,25-29,134.1,2.3
1982,BY-MI,30-34,60.4,2.3
1982,BY-MI,35-39,24.1,2.3
1982,BY-MI,40-44,4.8,2.3
1982,BY-MI,45-49,0.3,2.3
1984,BY-MI,15-19,37.0,2.258
1984,BY-MI,20-24,194.7,2.258
1984,BY-MI,25-29,133.8,2.258
1984,BY-MI,30-34,59.6,2.258
1984,BY-MI,35-39,22.0,2.258
1984,BY-MI,40-44,4.3,2.258
1984,BY-MI,45-49,0.2,2.258
1985,BY-MI,15-19,37.5,2.255
1985,BY-MI,20-24,191.0,2.255
1985,BY-MI,25-29,133.0,2.255
1985,BY-MI,30-34,61.1,2.255
1985,BY-MI,35-39,22.9,2.255
1985,BY-MI,40-44,5.2,2.255
1985,BY-MI,45-49,0.2,2.255
1986,BY-MI,15-19,40.6,2.239
1986,BY-MI,20-24,189.3,2.239
1986,BY-MI,25-29,128.9,2.239
1986,BY-MI,30-34,60.0,2.239
1986,BY-MI,35-39,23.2,2.239
1986,BY-MI,40-44,5.6,2.239
1986,BY-MI,45-49,0.1,2.239
1988,BY-MI,15-19,42.2,2.141
1988,BY-MI,20-24,183.6,2.141
1988,BY-MI,25-29,121.1,2.141
1988,BY-MI,30-34,55.1,2.141
1988,BY-MI,35-39,20.3,2.141
1988,BY-MI,40-44,5.6,2.141
1988,BY-MI,45-49,0.3,2.141
1989,BY-MI,15-19,45.4,2.132
1989,BY-MI,20-24,204.0,2.132
1989,BY-MI,25-29,107.8,2.132
1989,BY-MI,30-34,47.5,2.132
1989,BY-MI,35-39,16.9,2.132
1989,BY-MI,40-44,4.6,2.132
1989,BY-MI,45-49,0.2,2.132
1990,BY-MI,15-19,49.6,2.004
1990,BY-MI,20-24,190.9,2.004
1990,BY-MI,25-29,98.6,2.004
1990,BY-MI,30-34,43.1,2.004
1990,BY-MI,35-39,14.8,2.004
1990,BY-MI,40-44,3.6,2.004
1990,BY-MI,45-49,0.2,2.004
1995,BY-MI,15-19,46.8,1.449
1995,BY-MI,20-24,130.6,1.449
1995,BY-MI,25-29,71.3,1.449
1995,BY-MI,30-34,28.7,1.449
1995,BY-MI,35-39,10.1,1.449
1995,BY-MI,40-44,2.2,1.449
1995,BY-MI,45-49,0.1,1.449
1996,BY-MI,15-19,42.5,1.402
1996,BY-MI,20-24,128.6,1.402
1996,BY-MI,25-29,70.5,1.402
1996,BY-MI,30-34,27.5,1.402
1996,BY-MI,35-39,9.5,1.402
1996,BY-MI,40-44,1.7,1.402
1996,BY-MI,45-49,0.1,1.402
1997,BY-MI,15-19,38.1,1.334
1997,BY-MI,20-24,122.4,1.334
1997,BY-MI,25-29,68.4,1.334
1997,BY-MI,30-34,26.8,1.334
1997,BY-MI,35-39,9.3,1.334
1997,BY-MI,40-44,1.6,1.334
1997,BY-MI,45-49,0.1,1.334
1998,BY-MI,15-19,34.7,1.357
1998,BY-MI,20-24,125.4,1.357
1998,BY-MI,25-29,71.7,1.357
1998,BY-MI,30-34,29.2,1.357
1998,BY-MI,35-39,8.8,1.357
1998,BY-MI,40-44,1.7,1.357
1998,BY-MI,45-49,0.0,1.357
1999,BY-MI,15-19,35.0,1.359
1999,BY-MI,20-24,119.7,1.359
1999,BY-MI,25-29,73.7,1.359
1999,BY-MI,30-34,32.0,1.359
1999,BY-MI,35-39,9.0,1.359
1999,BY-MI,40-44,2.2,1.359
1999,BY-MI,45-49,0.1,1.359
2000,BY-MI,15-19,32.2,1.369
2000,BY-MI,20-24,119.5,1.369
2000,BY-MI,25-29,75.2,1.369
2000,BY-MI,30-34,34.3,1.369
2000,BY-MI,35-39,10.5,1.369
2000,BY-MI,40-44,1.9,1.369
2000,BY-MI,45-49,0.2,1.369
2005,BY-MI,15-19,28.0,1.365
2005,BY-MI,20-24,106.9,1.365
2005,BY-MI,25-29,81.9,1.365
2005,BY-MI,30-34,40.3,1.365
2005,BY-MI,35-39,13.7,1.365
2005,BY-MI,40-44,2.2,1.365
2005,BY-MI,45-49,0.1,1.365
2006,BY-MI,15-19,28.7,1.457
2006,BY-MI,20-24,110.0,1.457
2006,BY-MI,25-29,86.9,1.457
2006,BY-MI,30-34,47.4,1.457
2006,BY-MI,35-39,15.9,1.457
2006,BY-MI,40-44,2.3,1.457
2006,BY-MI,45-49,0.2,1.457
2007,BY-MI,15-19,27.7,1.545
2007,BY-MI,20-24,112.4,1.545
2007,BY-MI,25-29,96.1,1.545
2007,BY-MI,30-34,51.9,1.545
2007,BY-MI,35-39,18.0,1.545
2007,BY-MI,40-44,2.7,1.545
2007,BY-MI,45-49,0.2,1.545
2008,BY-MI,15-19,27.0,1.609
2008,BY-MI,20-24,114.5,1.609
2008,BY-MI,25-29,100.8,1.609
2008,BY-MI,30-34,56.2,1.609
2008,BY-MI,35-39,20.0,1.609
2008,BY-MI,40-44,3.2,1.609
2008,BY-MI,45-49,0.0,1.609
2009,BY-MI,15-19,27.7,1.682
2009,BY-MI,20-24,119.5,1.682
2009,BY-MI,25-29,103.5,1.682
2009,BY-MI,30-34,60.8,1.682
2009,BY-MI,35-39,21.2,1.682
2009,BY-MI,40-44,3.6,1.682
2009,BY-MI,45-49,0.1,1.682
2010,BY-MI,15-19,27.8,1.72
2010,BY-MI,20-24,113.7,1.72
2010,BY-MI,25-29,112.3,1.72
2010,BY-MI,30-34,63.9,1.72
2010,BY-MI,35-39,23.1,1.72
2010,BY-MI,40-44,3.2,1.72
2010,BY-MI,45-49,0.1,1.72
2011,BY-MI,15-19,28.6,1.764
2011,BY-MI,20-24,116.3,1.764
2011,BY-MI,25-29,115.0,1.764
2011,BY-MI,30-34,65.9,1.764
2011,BY-MI,35-39,23.0,1.764
2011,BY-MI,40-44,3.8,1.764
2011,BY-MI,45-49,0.2,1.764
2012,BY-MI,15-19,31.3,1.937
2012,BY-MI,20-24,128.8,1.937
2012,BY-MI,25-29,124.5,1.937
2012,BY-MI,30-34,72.4,1.937
2012,BY-MI,35-39,26.6,1.937
2012,BY-MI,40-44,3.6,1.937
2012,BY-MI,45-49,0.1,1.937
2013,BY-MI,15-19,31.1,2.047
2013,BY-MI,20-24,131.6,2.047
2013,BY-MI,25-29,129.2,2.047
2013,BY-MI,30-34,82.6,2.047
2013,BY-MI,35-39,29.9,2.047
2013,BY-MI,40-44,5.0,2.047
2013,BY-MI,45-49,0.1,2.047
2014,BY-MI,15-19,30.7,2.089
2014,BY-MI,20-24,135.0,2.089
2014,BY-MI,25-29,128.0,2.089
2014,BY-MI,30-34,85.6,2.089
2014,BY-MI,35-39,33.0,2.089
2014,BY-MI,40-44,5.4,2.089
2014,BY-MI,45-49,0.1,2.089
2015,BY-MI,15-19,27.0,2.172
2015,BY-MI,20-24,135.1,2.172
2015,BY-MI,25-29,134.4,2.172
2015,BY-MI,30-34,92.8,2.172
2015,BY-MI,35-39,38.4,2.172
2015,BY-MI,40-44,6.6,2.172
2015,BY-MI,45-49,0.1,2.172
2016,BY-MI,15-19,23.9,2.15
2016,BY-MI,20-24,129.1,2.15
2016,BY-MI,25-29,138.6,2.15
2016,BY-MI,30-34,91.5,2.15
2016,BY-MI,35-39,39.9,2.15
2016,BY-MI,40-44,6.6,2.15
2016,BY-MI,45-49,0.3,2.15
2017,BY-MI,15-19,17.9,1.93
2017,BY-MI,20-24,110.7,1.93
2017,BY-MI,25-29,124.7,1.93
2017,BY-MI,30-34,87.3,1.93
2017,BY-MI,35-39,38.5,1.93
2017,BY-MI,40-44,6.6,1.93
2017,BY-MI,45-49,0.3,1.93
2018,BY-MI,15-19,16.6,1.83
2018,BY-MI,20-24,100.6,1.83
2018,BY-MI,25-29,120.3,1.83
2018,BY-MI,30-34,82.5,1.83
2018,BY-MI,35-39,38.1,1.83
2018,BY-MI,40-44,7.6,1.83
2018,BY-MI,45-49,0.3,1.83
1969,BY-VI,15-19,19.7,2.12
1969,BY-VI,20-24,149.4,2.12
1969,BY-VI,25-29,121.7,2.12
1969,BY-VI,30-34,81.6,2.12
1969,BY-VI,35-39,40.1,2.12
1969,BY-VI,40-44,10.6,2.12
1969,BY-VI,45-49,1.0,2.12
1975,BY-VI,15-19,22.4,1.984
1975,BY-VI,20-24,155.4,1.984
1975,BY-VI,25-29,118.9,1.984
1975,BY-VI,30-34,64.6,1.984
1975,BY-VI,35-39,28.1,1.984
1975,BY-VI,40-44,7.0,1.984
1975,BY-VI,45-49,0.3,1.984
1978,BY-VI,15-19,29.4,1.913
1978,BY-VI,20-24,161.9,1.913
1978,BY-VI,25-29,106.1,1.913
1978,BY-VI,30-34,57.8,1.913
1978,BY-VI,35-39,21.3,1.913
1978,BY-VI,40-44,5.9,1.913
1978,BY-VI,45-49,0.3,1.913
1980,BY-VI,15-19,30.6,1.898
1980,BY-VI,20-24,160.0,1.898
1980,BY-VI,25-29,109.2,1.898
1980,BY-VI,30-34,55.2,1.898
1980,BY-VI,35-39,19.8,1.898
1980,BY-VI,40-44,4.5,1.898
1980,BY-VI,45-49,0.3,1.898
1982,BY-VI,15-19,30.6,1.984
1982,BY-VI,20-24,167.0,1.984
1982,BY-VI,25-29,112.6,1.984
1982,BY-VI,30-34,59.5,1.984
1982,BY-VI,35-39,23.1,1.984
1982,BY-VI,40-44,3.7,1.984
1982,BY-VI,45-49,0.2,1.984
1984,BY-VI,15-19,32.2,1.944
1984,BY-VI,20-24,154.4,1.944
1984,BY-VI,25-29,118.1,1.944
1984,BY-VI,30-34,57.3,1.944
1984,BY-VI,35-39,23.1,1.944
1984,BY-VI,40-44,3.4,1.944
1984,BY-VI,45-49,0.2,1.944
1985,BY-VI,15-19,33.1,1.979
1985,BY-VI,20-24,154.0,1.979
1985,BY-VI,25-29,120.2,1.979
1985,BY-VI,30-34,60.8,1.979
1985,BY-VI,35-39,23.3,1.979
1985,BY-VI,40-44,4.1,1.979
1985,BY-VI,45-49,0.2,1.979
1986,BY-VI,15-19,33.2,2.046
1986,BY-VI,20-24,160.1,2.046
1986,BY-VI,25-29,123.5,2.046
1986,BY-VI,30-34,62.8,2.046
1986,BY-VI,35-39,23.9,2.046
1986,BY-VI,40-44,5.5,2.046
1986,BY-VI,45-49,0.1,2.046
1988,BY-VI,15-19,33.1,1.95
1988,BY-VI,20-24,151.6,1.95
1988,BY-VI,25-29,117.1,1.95
1988,BY-VI,30-34,59.3,1.95
1988,BY-VI,35-39,23.0,1.95
1988,BY-VI,40-44,5.9,1.95
1988,BY-VI,45-49,0.1,1.95
1989,BY-VI,15-19,38.1,1.946
1989,BY-VI,20-24,167.5,1.946
1989,BY-VI,25-29,105.0,1.946
1989,BY-VI,30-34,53.5,1.946
1989,BY-VI,35-39,20.4,1.946
1989,BY-VI,40-44,4.4,1.946
1989,BY-VI,45-49,0.3,1.946
1990,BY-VI,15-19,43.6,1.865
1990,BY-VI,20-24,165.7,1.865
1990,BY-VI,25-29,95.0,1.865
1990,BY-VI,30-34,46.8,1.865
1990,BY-VI,35-39,17.8,1.865
1990,BY-VI,40-44,4.0,1.865
1990,BY-VI,45-49,0.1,1.865
1995,BY-VI,15-19,39.7,1.301
1995,BY-VI,20-24,110.6,1.301
1995,BY-VI,25-29,66.2,1.301
1995,BY-VI,30-34,30.3,1.301
1995,BY-VI,35-39,11.2,1.301
1995,BY-VI,40-44,2.2,1.301
1995,BY-VI,45-49,0.0,1.301
1996,BY-VI,15-19,34.2,1.225
1996,BY-VI,20-24,106.9,1.225
1996,BY-VI,25-29,64.5,1.225
1996,BY-VI,30-34,27.3,1.225
1996,BY-VI,35-39,9.8,1.225
1996,BY-VI,40-44,2.2,1.225
1996,BY-VI,45-49,0.1,1.225
1997,BY-VI,15-19,33.4,1.151
1997,BY-VI,20-24,96.1,1.151
1997,BY-VI,25-29,61.6,1.151
1997,BY-VI,30-34,27.4,1.151
1997,BY-VI,35-39,9.6,1.151
1997,BY-VI,40-44,2.1,1.151
1997,BY-VI,45-49,0.1,1.151
1998,BY-VI,15-19,31.2,1.25
1998,BY-VI,20-24,105.0,1.25
1998,BY-VI,25-29,69.7,1.25
1998,BY-VI,30-34,31.5,1.25
1998,BY-VI,35-39,10.7,1.25
1998,BY-VI,40-44,1.9,1.25
1998,BY-VI,45-49,0.1,1.25
1999,BY-VI,15-19,29.5,1.245
1999,BY-VI,20-24,108.0,1.245
1999,BY-VI,25-29,66.7,1.245
1999,BY-VI,30-34,32.4,1.245
1999,BY-VI,35-39,10.3,1.245
1999,BY-VI,40-44,2.0,1.245
1999,BY-VI,45-49,0.1,1.245
2000,BY-VI,15-19,27.3,1.239
2000,BY-VI,20-24,105.6,1.239
2000,BY-VI,25-29,68.6,1.239
2000,BY-VI,30-34,32.9,1.239
2000,BY-VI,35-39,11.3,1.239
2000,BY-VI,40-44,2.1,1.239
2000,BY-VI,45-49,0.0,1.239
2005,BY-VI,15-19,22.1,1.188
2005,BY-VI,20-24,90.9,1.188
2005,BY-VI,25-29,71.8,1.188
2005,BY-VI,30-34,38.2,1.188
2005,BY-VI,35-39,12.4,1.188
2005,BY-VI,40-44,2.0,1.188
2005,BY-VI,45-49,0.1,1.188
2006,BY-VI,15-19,23.2,1.268
2006,BY-VI,20-24,92.8,1.268
2006,BY-VI,25-29,78.8,1.268
2006,BY-VI,30-34,42.0,1.268
2006,BY-VI,35-39,14.8,1.268
2006,BY-VI,40-44,2.0,1.268
2006,BY-VI,45-49,0.1,1.268
2007,BY-VI,15-19,22.7,1.338
2007,BY-VI,20-24,93.5,1.338
2007,BY-VI,25-29,84.6,1.338
2007,BY-VI,30-34,47.2,1.338
2007,BY-VI,35-39,17.3,1.338
2007,BY-VI,40-44,2.2,1.338
2007,BY-VI,45-49,0.1,1.338
2008,BY-VI,15-19,23.1,1.399
2008,BY-VI,20-24,95.3,1.399
2008,BY-VI,25-29,90.7,1.399
2008,BY-VI,30-34,49.9,1.399
2008,BY-VI,35-39,18.2,1.399
2008,BY-VI,40-44,2.5,1.399
2008,BY-VI,45-49,0.1,1.399
2009,BY-VI,15-19,25.1,1.439
2009,BY-VI,20-24,96.1,1.439
2009,BY-VI,25-29,90.5,1.439
2009,BY-VI,30-34,52.8,1.439
2009,BY-VI,35-39,20.1,1.439
2009,BY-VI,40-44,3.0,1.439
2009,BY-VI,45-49,0.1,1.439
2010,BY-VI,15-19,22.0,1.428
2010,BY-VI,20-24,89.4,1.428
2010,BY-VI,25-29,95.7,1.428
2010,BY-VI,30-34,54.7,1.428
2010,BY-VI,35-39,20.7,1.428
2010,BY-VI,40-44,3.0,1.428
2010,BY-VI,45-49,0.1,1.428
2011,BY-VI,15-19,21.3,1.433
2011,BY-VI,20-24,89.4,1.433
2011,BY-VI,25-29,93.3,1.433
2011,BY-VI,30-34,58.8,1.433
2011,BY-VI,35-39,21.0,1.433
2011,BY-VI,40-44,2.7,1.433
2011,BY-VI,45-49,0.1,1.433
2012,BY-VI,15-19,24.4,1.548
2012,BY-VI,20-24,90.7,1.548
2012,BY-VI,25-29,104.4,1.548
2012,BY-VI,30-34,61.3,1.548
2012,BY-VI,35-39,24.5,1.548
2012,BY-VI,40-44,4.1,1.548
2012,BY-VI,45-49,0.1,1.548
2013,BY-VI,15-19,23.7,1.59
2013,BY-VI,20-24,89.7,1.59
2013,BY-VI,25-29,105.2,1.59
2013,BY-VI,30-34,68.2,1.59
2013,BY-VI,35-39,26.9,1.59
2013,BY-VI,40-44,4.2,1.59
2013,BY-VI,45-49,0.1,1.59
2014,BY-VI,15-19,22.0,1.61
2014,BY-VI,20-24,86.9,1.61
2014,BY-VI,25-29,105.7,1.61
2014,BY-VI,30-34,72.2,1.61
2014,BY-VI,35-39,30.3,1.61
2014,BY-VI,40-44,4.7,1.61
2014,BY-VI,45-49,0.1,1.61
2015,BY-VI,15-19,18.4,1.633
2015,BY-VI,20-24,86.6,1.633
2015,BY-VI,25-29,107.8,1.633
2015,BY-VI,30-34,74.2,1.633
2015,BY-VI,35-39,33.6,1.633
2015,BY-VI,40-44,5.7,1.633
2015,BY-VI,45-49,0.2,1.633
2016,BY-VI,15-19,17.1,1.641
2016,BY-VI,20-24,82.2,1.641
2016,BY-VI,25-29,109.4,1.641
2016,BY-VI,30-34,78.8,1.641
2016,BY-VI,35-39,34.8,1.641
2016,BY-VI,40-44,5.8,1.641
2016,BY-VI,45-49,0.1,1.641
2017,BY-VI,15-19,15.9,1.46
2017,BY-VI,20-24,71.3,1.46
2017,BY-VI,25-29,94.5,1.46
2017,BY-VI,30-34,71.8,1.46
2017,BY-VI,35-39,32.2,1.46
2017,BY-VI,40-44,6.1,1.46
2017,BY-VI,45-49,0.1,1.46
2018,BY-VI,15-19,13.4,1.354
2018,BY-VI,20-24,68.4,1.354
2018,BY-VI,25-29,83.7,1.354
2018,BY-VI,30-34,67.5,1.354
2018,BY-VI,35-39,31.8,1.354
2018,BY-VI,40-44,5.9,1.354
2018,BY-VI,45-49,0.1,1.354
