territory_id,name_ru,dO_9020,dG_9020,d_9020,dO_0020,dG_0020,dO_1319,dL_1319,dO_2124,dL_2124,gap_pre,gap_post,dL_dmsp,min_oblcenter,min_minsk
r-akciabrski,Октябрьский район,-0.299095,-0.378572,0.079477,-0.282835,-0.302738,-0.043461,-0.140277,-0.052672,0.598964,0.016136,0.217212,0.415242,141.4,148.0
r-arshanski,Оршанский район,-0.139059,-0.202341,0.063282,-0.144295,-0.178826,-0.070366,0.331868,-0.013877,-0.116738,0.067039,0.034287,-0.526494,52.6,133.2
r-ashmianski,Ошмянский район,-0.140073,-0.251771,0.111697,-0.120071,-0.212783,-0.018608,0.519012,-0.025022,-0.046385,0.089603,0.007121,0.581239,88.4,88.4
r-asipovicki,Осиповичский район,-0.215584,-0.22818,0.012596,-0.176849,-0.196355,-0.071983,0.310693,-0.026073,0.024725,0.063779,0.016932,-0.335401,73.9,73.9
r-astraviecki,Островецкий район,0.020877,-0.344579,0.365455,0.029928,-0.27607,0.150774,0.710469,0.023202,-0.160138,0.093282,0.061113,1.726912,105.3,105.3
r-babrujski,Бобруйский район,-0.012939,-0.103009,0.090069,-0.007245,-0.109897,-0.015323,-0.022393,-0.002648,0.174425,0.001178,0.059024,-0.622603,93.8,99.7
r-baranavicki,Барановичский район,0.023423,-0.013707,0.03713,0.005083,-0.051024,-0.020574,-0.124389,-0.002182,-0.206056,0.017302,0.067958,0.176669,89.0,89.0
r-barysauski,Борисовский район,-0.047814,0.231901,-0.279715,-0.066826,0.16092,-0.042373,0.154883,-0.010691,-0.155194,0.032876,0.048168,-0.459773,57.4,57.4
r-bialynicki,Белыничский район,-0.387228,-0.406113,0.018885,-0.27798,-0.320041,-0.071266,0.467555,-0.031541,0.147335,0.089803,0.059625,0.150756,32.2,106.6
r-biarezinski,Березинский район,-0.35265,-0.486546,0.133896,-0.292431,-0.377319,-0.018869,-0.551617,-0.03277,-0.304812,0.088791,0.090681,0.125143,65.1,70.6
r-biarozauski,Березовский район,-0.0736,-0.141242,0.067643,-0.134482,-0.13668,-0.060986,-0.274205,-0.015327,-0.144294,0.035536,0.042989,0.930659,71.2,146.3
r-bierastavicki,Берестовицкий район,-0.237272,-0.296401,0.05913,-0.248851,-0.245806,-0.047494,0.477708,-0.031659,-0.128977,0.087534,0.032439,0.407875,47.7,205.5
r-bieshankovicki,Бешенковичский район,-0.496291,-0.447742,-0.048549,-0.415203,-0.348842,-0.131596,0.211389,-0.044424,-0.258644,0.057164,0.071407,0.66414,38.6,145.9
r-brahinski,Брагинский район,-0.614554,-0.087436,-0.527118,-0.265025,-0.057155,-0.043234,0.084163,-0.025476,0.663224,0.021233,0.229567,0.657087,90.2,264.4
r-braslauski,Браславский район,-0.298419,-0.391458,0.093038,-0.315076,-0.309148,-0.105654,0.245651,-0.021544,0.079706,0.058551,0.03375,1.024959,183.5,183.5
r-brescki,Брестский район,0.301082,0.329308,-0.028226,0.207754,0.23245,0.054753,-0.174502,0.031742,0.022403,0.038209,0.003113,0.253356,0.0,211.8
r-buda-kashalouski,Буда-Кошелёвский район,-0.38437,-0.326306,-0.058064,-0.27115,-0.267626,-0.031269,0.570772,-0.036777,-0.32596,0.10034,0.096394,-0.035514,39.3,178.9
r-bychauski,Быховский район,-0.496224,-0.456499,-0.039725,-0.315104,-0.354982,-0.054657,0.071967,-0.039869,0.448542,0.021104,0.162804,0.093531,38.4,159.9
r-chacherski,Чечерский район,-0.456418,-0.198049,-0.258369,-0.128978,-0.177448,-0.010782,0.801441,-0.005385,0.051223,0.13537,0.018869,0.617075,48.6,208.4
r-chashnicki,Чашникский район,-0.339531,-0.333806,-0.005726,-0.302751,-0.269449,-0.115496,-0.00815,-0.049259,0.187053,0.017891,0.078771,0.120054,64.1,132.9
r-chavuski,Чаусский район,-0.457517,-0.446683,-0.010834,-0.313998,-0.347463,-0.085291,0.540105,-0.048074,-0.028241,0.104233,0.006611,0.364998,35.8,170.1
r-chervienski,Червенский район,-0.115378,-0.279236,0.163858,-0.089912,-0.235194,0.043197,0.292713,0.017584,-0.098095,0.041586,0.038559,-0.221703,46.4,46.4
r-cherykauski,Чериковский район,-0.374253,-0.320922,-0.053332,-0.214176,-0.260593,-0.05693,1.015311,-0.033013,0.365655,0.178707,0.132889,0.42103,67.6,201.8
r-chocimski,Хотимский район,-0.473527,-0.497904,0.024377,-0.403417,-0.382916,-0.112989,-0.166974,-0.044091,1.082917,0.008998,0.375669,0.42466,142.0,276.2
r-chojnicki,Хойникский район,-0.50668,-0.247752,-0.258928,-0.22081,-0.212305,-0.051009,-0.016049,-0.031739,0.347871,0.005827,0.126537,0.058677,76.8,245.2
r-dobrushski,Добрушский район,-0.27402,-0.225531,-0.048489,-0.180355,-0.19475,-0.032023,0.829129,-0.020932,-0.167562,0.143525,0.048877,-0.595018,24.3,228.7
r-dokshycki,Докшицкий район,-0.438484,-0.46306,0.024575,-0.365626,-0.359702,-0.095649,0.243591,-0.037422,-0.104243,0.05654,0.022274,0.212292,94.7,94.7
r-drahichynski,Дрогичинский район,-0.311467,-0.260379,-0.051088,-0.273356,-0.225884,-0.080225,0.171352,-0.044687,-0.089017,0.041929,0.014777,2.063113,77.3,176.7
r-drybinski,Дрибинский район,,,,-0.355555,-0.369672,-0.046112,0.296346,-0.04959,0.832839,0.057076,0.294143,-0.543804,49.4,175.6
r-dubrovienski,Дубровенский район,-0.481388,-0.499811,0.018423,-0.37133,-0.384931,-0.074773,0.306883,-0.047183,0.002929,0.063609,0.016704,0.292857,63.7,149.0
r-dziarzhynski,Дзержинский район,0.253185,0.020881,0.232304,0.192061,-0.028927,0.122746,-0.169703,0.022951,-0.034801,0.048742,0.019251,-0.512966,28.6,28.6
r-dziatlauski,Дятловский район,-0.459781,-0.448969,-0.010812,-0.35633,-0.350727,-0.063277,0.744086,-0.059354,0.16872,0.134561,0.076025,0.81091,99.4,132.8
r-hancavicki,Ганцевичский район,-0.285012,-0.241208,-0.043805,-0.265518,-0.208938,-0.10115,-0.169819,-0.040256,-0.127332,0.011445,0.029025,1.445994,132.2,132.2
r-haradocki,Городокский район,-0.466366,-0.476788,0.010422,-0.376991,-0.368283,-0.084384,0.549833,-0.037282,-0.305452,0.105703,0.08939,0.026456,30.4,192.6
r-hluski,Глусский район,-0.461654,-0.515632,0.053978,-0.420388,-0.395489,-0.113669,0.823847,-0.05284,-0.322358,0.156253,0.089839,-0.8279,118.1,118.1
r-hlybocki,Глубокский район,-0.304806,-0.362592,0.057786,-0.27921,-0.289835,-0.093518,-0.023372,-0.020262,-0.19257,0.011691,0.057436,0.340831,119.5,119.5
r-homielski,Гомельский район,0.065085,0.212711,-0.147626,0.09629,0.223265,0.002696,0.135616,0.00736,-0.083588,0.022153,0.030316,-0.309531,0.0,204.4
r-horacki,Горецкий район,-0.302972,-0.692194,0.389222,-0.221581,-0.51643,-0.100666,-0.356949,-0.039322,0.22868,0.042714,0.089334,-0.276101,60.3,169.9
r-hrodzienski,Гродненский район,0.23995,0.276949,-0.036999,0.154516,0.202125,0.013001,0.081886,0.026683,-0.11577,0.011481,0.047484,-0.045581,0.0,186.8
r-iujeuski,Ивьевский район,-0.548771,-0.468709,-0.080062,-0.465472,-0.364495,-0.159998,0.450914,-0.06782,-0.282886,0.101819,0.071689,0.267103,90.5,90.5
r-ivacevicki,Ивацевичский район,-0.159483,-0.229949,0.070466,-0.201986,-0.201079,-0.057582,-0.445505,-0.026344,-0.178262,0.064654,0.05064,0.733657,89.4,126.4
r-ivanauski,Ивановский район,-0.246828,-0.227808,-0.01902,-0.227258,-0.199412,-0.075377,-0.417543,-0.038336,-0.084215,0.057028,0.015293,2.039756,93.8,191.2
r-jelski,Ельский район,-0.394264,-0.302103,-0.092161,-0.271193,-0.250459,-0.0695,0.032237,-0.051701,0.148966,0.016956,0.066889,0.428598,115.2,231.4
r-kalinkavicki,Калинковичский район,-0.219156,-0.175176,-0.04398,-0.152601,-0.163023,-0.061577,0.110582,-0.021724,0.873759,0.028693,0.298494,0.107059,84.9,197.0
r-kamianiecki,Каменецкий район,-0.203312,-0.149265,-0.054048,-0.203328,-0.144734,-0.094813,0.14731,-0.03432,-0.208825,0.040354,0.058168,0.696411,30.7,215.5
r-kapylski,Копыльский район,-0.388082,-0.435885,0.047803,-0.320262,-0.342751,-0.048236,-0.651103,-0.034918,-0.080922,0.100478,0.015335,0.140077,82.6,82.6
r-karelicki,Кореличский район,-0.456504,-0.489377,0.032873,-0.396897,-0.379171,-0.095631,0.231067,-0.052366,-0.239039,0.05445,0.062224,0.677279,84.2,84.2
r-karmianski,Кормянский район,-0.45942,-0.301554,-0.157866,-0.212468,-0.249132,-0.014666,0.313502,-0.040696,-0.266288,0.054695,0.075197,0.64983,70.8,189.3
r-kasciukovicki,Костюковичский район,-0.321219,-0.376694,0.055475,-0.267571,-0.300258,-0.073176,-0.517435,-0.037784,0.492406,0.074043,0.17673,0.320238,115.0,249.3
r-kirauski,Кировский район,-0.400614,-0.353476,-0.047138,-0.324635,-0.284942,-0.111498,0.663074,-0.043596,0.483144,0.129095,0.17558,-0.480626,75.7,115.7
r-klecki,Клецкий район,-0.370501,-0.396728,0.026226,-0.315408,-0.31515,-0.083332,-0.368114,-0.036355,0.567754,0.047464,0.20137,0.245792,93.1,93.1
r-klichauski,Кличевский район,-0.43586,-0.467168,0.031309,-0.340331,-0.361171,-0.074856,0.277712,-0.029056,0.354623,0.058761,0.127893,-0.114859,74.8,112.1
r-klimavicki,Климовичский район,-0.331511,-0.335244,0.003733,-0.283182,-0.269922,-0.098492,0.041238,-0.037673,0.530933,0.023288,0.189535,0.329387,109.6,243.8
r-kobrynski,Кобринский район,0.024052,-0.03848,0.062532,-0.020811,-0.066983,-0.015581,-0.124623,-0.005792,-0.069302,0.018174,0.02117,1.023525,35.2,176.6
r-krasnapolski,Краснопольский район,-0.582138,-0.416208,-0.165931,-0.316748,-0.326192,-0.075735,-0.03271,-0.040062,0.721248,0.007171,0.25377,-0.014205,90.3,224.5
r-kruhlanski,Круглянский район,-0.263572,-0.34603,0.082458,-0.256895,-0.278947,-0.073739,0.526173,-0.050143,0.604524,0.099985,0.218222,-0.030635,46.2,120.8
r-krupski,Крупский район,-0.366338,-0.41957,0.053232,-0.297929,-0.330558,-0.045772,0.067521,-0.034886,-0.419157,0.018882,0.12809,0.023933,79.7,79.7
r-krychauski,Кричевский район,-0.332912,-0.249999,-0.082912,-0.23175,-0.211922,-0.11263,-0.227161,-0.030358,0.403899,0.019088,0.144753,0.006687,89.0,223.3
r-lachavicki,Ляховичский район,-0.429259,-0.298536,-0.130723,-0.366754,-0.249611,-0.152828,-0.101703,-0.036726,-0.403354,0.008521,0.122209,1.226352,100.1,100.1
r-lahojski,Логойский район,-0.077939,-0.293806,0.215867,-0.030443,-0.240822,0.102596,0.504365,0.017873,-0.268434,0.066962,0.095436,-0.428841,28.5,28.5
r-lelchycki,Лельчицкий район,-0.2019,-0.213751,0.011851,-0.164424,-0.188661,-0.024064,-0.152389,-0.027657,0.339798,0.021387,0.122485,0.961391,155.9,222.1
r-lepielski,Лепельский район,-0.240201,-0.346932,0.106731,-0.219432,-0.278839,-0.051871,-0.127236,-0.017444,-0.352964,0.012561,0.11184,0.318793,77.9,107.4
r-lidski,Лидский район,0.028757,-0.156182,0.18494,-0.01612,-0.147608,0.022267,0.42449,0.007015,-0.184394,0.067037,0.063803,-0.109327,77.8,114.7
r-lojeuski,Лоевский район,-0.452518,-0.360043,-0.092475,-0.342225,-0.291838,-0.083396,-0.504273,-0.054322,0.422202,0.070146,0.158841,0.95797,67.5,249.0
r-loznienski,Лиозненский район,-0.313237,-0.385702,0.072465,-0.232279,-0.305542,-0.010417,0.060063,-0.045972,-0.179271,0.011747,0.044433,-0.424724,32.9,176.2
r-lubanski,Любанский район,-0.375823,-0.343324,-0.032499,-0.291711,-0.278733,-0.094493,0.607049,-0.024453,-0.137062,0.116924,0.037536,0.091975,110.9,110.9
r-luniniecki,Лунинецкий район,-0.144998,-0.124507,-0.020491,-0.13832,-0.128873,-0.060775,0.079862,-0.0285,-0.106292,0.02344,0.025931,0.344378,160.5,172.4
r-mahilouski,Могилёвский район,0.043506,0.139114,-0.095608,0.051653,0.127517,-0.014956,-0.10071,0.005079,0.274954,0.014292,0.089958,-0.203428,0.0,134.3
r-maladziechanski,Молодечненский район,-0.026378,-0.085606,0.059229,-0.032027,-0.098499,-0.020276,-0.139033,-0.002233,0.287612,0.019793,0.096615,-0.50782,57.4,57.4
r-malarycki,Малоритский район,-0.101634,-0.157043,0.055409,-0.132452,-0.155388,-0.036778,0.252992,-0.021026,-0.10749,0.048295,0.028822,1.406342,36.9,212.7
r-mastouski,Мостовский район,-0.357169,-0.361745,0.004576,-0.334719,-0.289111,-0.093483,0.820158,-0.048812,-0.27759,0.152273,0.076259,-0.037389,48.0,169.6
r-mazyrski,Мозырский район,0.105388,0.006917,0.09847,0.034481,-0.036933,-0.014244,0.14349,0.014138,-0.019671,0.026289,0.01127,-0.261376,97.5,210.9
r-miadzielski,Мядельский район,-0.368463,-0.41465,0.046188,-0.287578,-0.326694,-0.047828,-0.4614,-0.036152,0.849502,0.068929,0.295218,0.536083,103.1,103.1
r-mijorski,Миорский район,-0.490609,-0.50119,0.010581,-0.440733,-0.384697,-0.128939,0.599198,-0.042068,-0.231481,0.121356,0.063138,0.334558,152.0,175.5
r-minski,Минский район,0.637483,0.083553,0.55393,0.626535,0.049931,0.373833,-0.161533,0.0781,0.114115,0.089228,0.012005,-0.380153,0.0,0.0
r-mscislauski,Мстиславский район,-0.400334,-0.444755,0.044421,-0.389529,-0.346308,-0.138943,-0.357118,-0.049182,-0.292815,0.036363,0.081211,0.081326,79.8,214.0
r-naraulanski,Наровлянский район,-0.537185,-0.116282,-0.420903,-0.081221,-0.121947,-0.01845,0.111784,-0.008393,0.27552,0.021706,0.094638,-0.062324,120.3,236.5
r-navahrudski,Новогрудский район,-0.296071,-0.313108,0.017037,-0.235262,-0.254162,-0.075319,0.824067,-0.016555,-0.145505,0.149898,0.042983,0.449937,103.7,103.7
r-niasvizhski,Несвижский район,-0.118096,-0.183681,0.065585,-0.089431,-0.167715,0.000864,-0.205685,-3e-06,0.128119,0.034425,0.042707,0.38558,79.2,79.2
r-pastauski,Поставский район,-0.307565,-0.373796,0.066231,-0.267143,-0.297519,-0.077647,8e-05,-0.042527,-0.078691,0.012954,0.012055,0.097071,132.1,132.1
r-pietrykauski,Петриковский район,-0.494115,-0.423189,-0.070927,-0.386163,-0.334315,-0.099534,0.276333,-0.041606,-0.047323,0.062645,0.001906,0.121711,133.4,199.7
r-pinski,Пинский район,-0.037138,-0.04913,0.011992,-0.057178,-0.075323,-0.072862,-0.155992,-0.002567,-0.075881,0.013855,0.024438,0.758075,124.1,198.2
r-polacki,Полоцкий район,0.040407,-0.086996,0.127403,-0.035581,-0.099129,-0.061294,0.62439,-0.005277,-0.123247,0.114281,0.039323,-0.343655,89.8,169.2
r-pruzhanski,Пружанский район,-0.361026,-0.328215,-0.032811,-0.30336,-0.267947,-0.104253,-0.047173,-0.03215,-0.14432,0.009513,0.03739,1.424951,66.9,179.4
r-puchavicki,Пуховичский район,-0.036087,-0.175604,0.139516,-0.043409,-0.161145,0.038968,0.002214,-0.002426,0.043029,0.006126,0.015152,-0.505541,43.7,43.7
r-rahachouski,Рогачёвский район,-0.415185,-0.23118,-0.184005,-0.202324,-0.200707,-0.084488,0.151311,-0.028087,-0.234642,0.0393,0.068852,-0.158793,79.4,147.1
r-rasonski,Россонский район,-0.451271,-0.511389,0.060118,-0.417567,-0.393405,-0.08589,-0.39795,-0.058352,0.022403,0.05201,0.026918,0.632256,120.1,205.3
r-rechycki,Речицкий район,-0.027468,-0.1136,0.086132,-0.076592,-0.11992,-0.022079,0.287762,-0.010936,-0.094973,0.05164,0.028013,0.223399,40.8,201.2
r-salihorski,Солигорский район,0.011942,-0.074356,0.086298,-0.02312,-0.092921,-0.020409,0.415024,-0.010323,0.043634,0.072572,0.017986,0.05269,94.6,94.6
r-sharkoushchynski,Шарковщинский район,-0.461564,-0.449562,-0.012002,-0.413828,-0.349423,-0.123126,-0.145428,-0.074903,-0.212754,0.003717,0.04595,0.977578,144.7,144.7
r-shchuchynski,Щучинский район,-0.568976,-0.451377,-0.117599,-0.472462,-0.351346,-0.189081,8e-05,-0.06857,-0.310701,0.031527,0.08071,0.093616,46.8,144.9
r-shklouski,Шкловский район,-0.391854,-0.444474,0.052621,-0.333073,-0.346536,-0.111873,0.081232,-0.034038,0.135958,0.032184,0.056666,-0.029562,27.7,149.4
r-shumilinski,Шумилинский район,-0.398028,-0.457471,0.059443,-0.334143,-0.355012,-0.06951,0.092789,-0.046903,-0.055759,0.02705,0.002952,0.163833,34.4,170.6
r-siennienski,Сенненский район,-0.549801,-0.489757,-0.060044,-0.421979,-0.376741,-0.113782,0.392713,-0.069132,-0.513044,0.084416,0.147971,0.138695,51.8,136.1
r-slauharadski,Славгородский район,-0.430001,-0.30175,-0.128251,-0.222669,-0.247665,-0.059161,0.226853,-0.034568,-0.042995,0.047669,0.002809,0.294544,60.6,194.5
r-slonimski,Слонимский район,-0.044875,-0.19136,0.146485,-0.093562,-0.171667,-0.021948,-0.130883,-0.01327,-0.363335,0.018156,0.116688,-0.003342,106.9,124.8
r-slucki,Слуцкий район,-0.092163,-0.150401,0.058238,-0.096893,-0.143883,-0.035391,-0.056273,-0.009704,0.693767,0.00348,0.23449,-0.099184,72.4,72.4
r-smalavicki,Смолевичский район,0.208192,1.531743,-1.323551,0.161781,0.987007,0.096189,0.280372,0.039118,0.033462,0.030697,0.001885,-0.369756,42.4,42.4
r-smarhonski,Сморгонский район,-0.097537,-0.189629,0.092092,-0.119978,-0.170227,-0.04833,0.452321,-0.018794,-0.144465,0.083442,0.04189,0.234106,89.1,89.1
r-staradarozhski,Стародорожский район,-0.221372,-0.299128,0.077757,-0.170187,-0.246422,-0.002402,-0.20422,-0.031898,0.234247,0.033636,0.088715,-0.082683,99.4,99.4
r-staubcouski,Столбцовский район,-0.162009,-0.204745,0.042736,-0.1364,-0.182142,-0.037201,-0.040059,-0.003484,0.530288,0.000476,0.177924,-0.087121,51.0,51.0
r-stolinski,Столинский район,-0.15448,-0.127334,-0.027146,-0.145454,-0.129438,-0.055141,-0.15672,-0.017047,-0.118602,0.01693,0.033851,1.670718,174.5,240.8
r-svietlahorski,Светлогорский район,-0.106258,-0.114061,0.007804,-0.1306,-0.120333,-0.066487,0.005336,-0.026788,-0.160918,0.011971,0.04471,-0.111033,86.3,155.8
r-svislacki,Свислочский район,-0.609356,-0.50949,-0.099866,-0.492216,-0.392251,-0.15089,0.770417,-0.089341,-0.145363,0.153551,0.018674,0.233399,66.3,203.4
r-talachynski,Толочинский район,-0.457039,-0.44262,-0.01442,-0.343649,-0.344729,-0.098537,0.490905,-0.049724,-0.627805,0.09824,0.192694,-0.290875,63.5,103.5
r-ushacki,Ушачский район,-0.538419,-0.54084,0.00242,-0.458607,-0.412828,-0.130507,0.207719,-0.050357,0.333422,0.056371,0.127926,0.961085,92.2,139.5
r-uzdzienski,Узденский район,-0.063171,-0.257665,0.194494,-0.070273,-0.217984,0.043521,-0.129973,0.018621,0.185431,0.028916,0.055603,0.111206,51.1,51.1
r-valozhynski,Воложинский район,-0.36103,-0.393424,0.032393,-0.235458,-0.312579,-0.008975,0.503272,-0.003893,0.167282,0.085375,0.057058,-0.13302,54.7,54.7
r-vaukavyski,Волковысский район,-0.06787,-0.211569,0.143698,-0.156278,-0.185663,-0.05492,0.535179,-0.026895,-0.014863,0.09835,0.00401,-0.045454,65.7,174.7
r-viciebski,Витебский район,0.046549,0.122106,-0.075557,0.077521,0.135859,-0.011466,-0.579527,0.006661,-0.108472,0.094677,0.038378,-0.343046,0.0,179.8
r-vierchniadzvinski,Верхнедвинский район,-0.384648,-0.405465,0.020817,-0.339988,-0.318668,-0.108173,0.376814,-0.043614,-0.267893,0.080831,0.07476,0.430621,135.3,200.7
r-vietkauski,Ветковский район,-0.489392,-0.204162,-0.285229,-0.126264,-0.182119,-0.021808,0.534162,-0.000407,-0.14341,0.092662,0.047668,0.097026,17.9,219.1
r-vilejski,Вилейский район,-0.274212,-0.355847,0.081635,-0.212567,-0.28645,-0.017969,-0.586973,-0.01712,0.465033,0.094834,0.160718,0.415905,74.0,74.0
r-voranauski,Вороновский район,-0.398081,-0.375509,-0.022572,-0.368028,-0.299213,-0.122259,0.141159,-0.088301,-0.113168,0.043903,0.008289,1.076917,97.1,127.5
r-zelvienski,Зельвенский район,-0.596744,-0.545736,-0.051008,-0.503177,-0.416463,-0.144929,0.916371,-0.073027,-0.224079,0.176883,0.050351,-2e-05,80.5,154.4
r-zhabinkauski,Жабинковский район,0.052629,-0.005701,0.058331,0.028137,-0.048516,0.010518,-0.204848,0.00956,-0.133107,0.035894,0.047556,1.134283,25.3,197.0
r-zhlobinski,Жлобинский район,0.098135,0.00371,0.094425,0.004778,-0.039584,-0.008239,-0.024596,-0.001682,-0.070052,0.002726,0.02279,-0.00941,67.8,145.9
r-zhytkavicki,Житковичский район,-0.328049,-0.308874,-0.019175,-0.281268,-0.255401,-0.087166,0.355991,-0.030821,0.083146,0.07386,0.037989,1.200658,160.2,162.6
