district_id,year,field,value_byn,is_consolidated,source_url
r-astraviecki,2024,revenue_total,111983600,True,https://ostrovets.gov.by/uploads/files/2024/ispolnenie-bjudzheta-za-2024-god.pdf
r-astraviecki,2024,expenditure_total,112779200,True,https://ostrovets.gov.by/uploads/files/2024/ispolnenie-bjudzheta-za-2024-god.pdf
r-astraviecki,2024,own_revenue,79564200,,https://ostrovets.gov.by/uploads/files/2024/ispolnenie-bjudzheta-za-2024-god.pdf
r-astraviecki,2024,exp_housing,11107800,,https://ostrovets.gov.by/uploads/files/2024/ispolnenie-bjudzheta-za-2024-god.pdf
r-astraviecki,2024,exp_transport,780500,,https://ostrovets.gov.by/uploads/files/2024/ispolnenie-bjudzheta-za-2024-god.pdf
r-astraviecki,2024,exp_health,37098600,,https://ostrovets.gov.by/uploads/files/2024/ispolnenie-bjudzheta-za-2024-god.pdf
r-astraviecki,2024,exp_education,38601500,,https://ostrovets.gov.by/uploads/files/2024/ispolnenie-bjudzheta-za-2024-god.pdf
r-astraviecki,2023,revenue_total,90194700,True,https://ostrovets.gov.by/uploads/files/2024/2023-god-ispolnenie.pdf
r-astraviecki,2023,own_revenue,87321000,True,https://ostrovets.gov.by/uploads/files/2024/2023-god-ispolnenie.pdf
r-astraviecki,2023,transfers,2873700,True,https://ostrovets.gov.by/uploads/files/2024/2023-god-ispolnenie.pdf
r-astraviecki,2023,expenditure_total,97194400,True,https://ostrovets.gov.by/uploads/files/2024/2023-god-ispolnenie.pdf
r-astraviecki,2023,exp_education,73065300,,https://ostrovets.gov.by/uploads/files/2024/2023-god-ispolnenie.pdf
r-astraviecki,2023,exp_housing,10275300,,https://ostrovets.gov.by/uploads/files/2024/2023-god-ispolnenie.pdf
r-astraviecki,2023,exp_transport,603000,,https://ostrovets.gov.by/uploads/files/2024/2023-god-ispolnenie.pdf
r-astraviecki,2022,transfers,7803700,,https://ostrovets.gov.by/uploads/files/2023/2022-god-ITOGI.pdf
r-astraviecki,2022,expenditure_total,94353400,,https://ostrovets.gov.by/uploads/files/2023/2022-god-ITOGI.pdf
r-astraviecki,2022,exp_education,28143700,,https://ostrovets.gov.by/uploads/files/2023/2022-god-ITOGI.pdf
r-astraviecki,2022,exp_health,26988400,,https://ostrovets.gov.by/uploads/files/2023/2022-god-ITOGI.pdf
r-astraviecki,2022,exp_housing,7940700,,https://ostrovets.gov.by/uploads/files/2023/2022-god-ITOGI.pdf
r-astraviecki,2022,exp_governance,3078000,,https://ostrovets.gov.by/uploads/files/2023/2022-god-ITOGI.pdf
r-astraviecki,2022,exp_transport,674800,,https://ostrovets.gov.by/uploads/files/2023/2022-god-ITOGI.pdf
r-biarozauski,2024,own_revenue,117082200,True,https://www.bereza.brest-region.gov.by/uploads/files/Bjulleten-ob-ispolnenii-bjudzheta-za-2024.pdf
r-biarozauski,2024,transfers,41867400,True,https://www.bereza.brest-region.gov.by/uploads/files/Bjulleten-ob-ispolnenii-bjudzheta-za-2024.pdf
r-biarozauski,2024,revenue_total,158949600,True,https://www.bereza.brest-region.gov.by/uploads/files/Bjulleten-ob-ispolnenii-bjudzheta-za-2024.pdf
r-biarozauski,2024,expenditure_total,159452000,True,https://www.bereza.brest-region.gov.by/uploads/files/Bjulleten-ob-ispolnenii-bjudzheta-za-2024.pdf
r-biarozauski,2024,exp_education,64737512,True,https://www.bereza.brest-region.gov.by/uploads/files/Bjulleten-ob-ispolnenii-bjudzheta-za-2024.pdf
r-biarozauski,2024,exp_health,41457520,True,https://www.bereza.brest-region.gov.by/uploads/files/Bjulleten-ob-ispolnenii-bjudzheta-za-2024.pdf
r-biarozauski,2024,exp_housing,23280000,True,https://www.bereza.brest-region.gov.by/uploads/files/Bjulleten-ob-ispolnenii-bjudzheta-za-2024.pdf
r-biarozauski,2024,exp_governance,9886024,True,https://www.bereza.brest-region.gov.by/uploads/files/Bjulleten-ob-ispolnenii-bjudzheta-za-2024.pdf
r-bieshankovicki,2024,revenue_total,74555400,,https://beshenkovichi.vitebsk-region.gov.by/api/v1/media/46092/file
r-bieshankovicki,2024,own_revenue,24053700,,https://beshenkovichi.vitebsk-region.gov.by/api/v1/media/46092/file
r-bieshankovicki,2024,transfers,50501700,,https://beshenkovichi.vitebsk-region.gov.by/api/v1/media/46092/file
r-bieshankovicki,2024,expenditure_total,74617800,,https://beshenkovichi.vitebsk-region.gov.by/api/v1/media/46092/file
r-bieshankovicki,2024,exp_education,21731300,,https://beshenkovichi.vitebsk-region.gov.by/api/v1/media/46092/file
r-bieshankovicki,2024,exp_health,10984100,,https://beshenkovichi.vitebsk-region.gov.by/api/v1/media/46092/file
r-bieshankovicki,2024,exp_housing,16287600,,https://beshenkovichi.vitebsk-region.gov.by/api/v1/media/46092/file
r-bieshankovicki,2024,exp_governance,9644900,,https://beshenkovichi.vitebsk-region.gov.by/api/v1/media/46092/file
r-bieshankovicki,2024,exp_transport,3787700,,https://beshenkovichi.vitebsk-region.gov.by/api/v1/media/46092/file
r-bieshankovicki,2025,revenue_total,60328800,,https://beshenkovichi.vitebsk-region.gov.by/api/v1/media/46093/file
r-bieshankovicki,2025,own_revenue,26911400,,https://beshenkovichi.vitebsk-region.gov.by/api/v1/media/46093/file
r-bieshankovicki,2025,transfers,33417400,,https://beshenkovichi.vitebsk-region.gov.by/api/v1/media/46093/file
r-bieshankovicki,2025,expenditure_total,59774700,,https://beshenkovichi.vitebsk-region.gov.by/api/v1/media/46093/file
r-bieshankovicki,2025,exp_education,17274100,,https://beshenkovichi.vitebsk-region.gov.by/api/v1/media/46093/file
r-bieshankovicki,2025,exp_health,11915300,,https://beshenkovichi.vitebsk-region.gov.by/api/v1/media/46093/file
r-bieshankovicki,2025,exp_housing,9259300,,https://beshenkovichi.vitebsk-region.gov.by/api/v1/media/46093/file
r-bieshankovicki,2025,exp_governance,7822100,,https://beshenkovichi.vitebsk-region.gov.by/api/v1/media/46093/file
r-horacki,2021,revenue_total,73624600,True,https://gorki.gov.by/ispolnenie-byudzheta-goreckogo-rayona-za-2021-god
r-horacki,2021,own_revenue,30414100,,https://gorki.gov.by/ispolnenie-byudzheta-goreckogo-rayona-za-2021-god
r-horacki,2021,transfers,43210500,,https://gorki.gov.by/ispolnenie-byudzheta-goreckogo-rayona-za-2021-god
r-horacki,2021,expenditure_total,73478500,True,https://gorki.gov.by/ispolnenie-byudzheta-goreckogo-rayona-za-2021-god
r-horacki,2022,revenue_total,79023000,True,https://gorki.gov.by/sites/default/files/2026-07/informaciya_ob_ispolnenii_konsolidirovannogo_byudzheta_goreckogo_rayona_za_2022_god_0.doc
r-horacki,2022,own_revenue,34542100,,https://gorki.gov.by/sites/default/files/2026-07/informaciya_ob_ispolnenii_konsolidirovannogo_byudzheta_goreckogo_rayona_za_2022_god_0.doc
r-horacki,2022,transfers,44481000,,https://gorki.gov.by/sites/default/files/2026-07/informaciya_ob_ispolnenii_konsolidirovannogo_byudzheta_goreckogo_rayona_za_2022_god_0.doc
r-horacki,2022,expenditure_total,78450700,True,https://gorki.gov.by/sites/default/files/2026-07/informaciya_ob_ispolnenii_konsolidirovannogo_byudzheta_goreckogo_rayona_za_2022_god_0.doc
r-horacki,2022,exp_education,28817700,,https://gorki.gov.by/sites/default/files/2026-07/informaciya_ob_ispolnenii_konsolidirovannogo_byudzheta_goreckogo_rayona_za_2022_god_0.doc
r-horacki,2022,exp_health,19293500,,https://gorki.gov.by/sites/default/files/2026-07/informaciya_ob_ispolnenii_konsolidirovannogo_byudzheta_goreckogo_rayona_za_2022_god_0.doc
r-horacki,2022,exp_housing,13223900,,https://gorki.gov.by/sites/default/files/2026-07/informaciya_ob_ispolnenii_konsolidirovannogo_byudzheta_goreckogo_rayona_za_2022_god_0.doc
r-horacki,2023,revenue_total,95715600,True,https://gorki.gov.by/sites/default/files/2026-07/02-02-24-30_1.doc
r-horacki,2023,own_revenue,41373400,,https://gorki.gov.by/sites/default/files/2026-07/02-02-24-30_1.doc
r-horacki,2023,transfers,54342200,,https://gorki.gov.by/sites/default/files/2026-07/02-02-24-30_1.doc
r-horacki,2023,expenditure_total,94934000,True,https://gorki.gov.by/sites/default/files/2026-07/02-02-24-30_1.doc
r-horacki,2023,exp_education,32865000,,https://gorki.gov.by/sites/default/files/2026-07/02-02-24-30_1.doc
r-horacki,2023,exp_health,23480400,,https://gorki.gov.by/sites/default/files/2026-07/02-02-24-30_1.doc
r-horacki,2023,exp_housing,14330400,,https://gorki.gov.by/sites/default/files/2026-07/02-02-24-30_1.doc
r-horacki,2024,revenue_total,116704300,True,https://gorki.gov.by/sites/default/files/2026-07/informaciya_ob_ispolnenii_konsolidirovannogo_byudzheta_goreckogo_rayona_za_2024_god_1.doc
r-horacki,2024,own_revenue,49688100,,https://gorki.gov.by/sites/default/files/2026-07/informaciya_ob_ispolnenii_konsolidirovannogo_byudzheta_goreckogo_rayona_za_2024_god_1.doc
r-horacki,2024,transfers,67016200,,https://gorki.gov.by/sites/default/files/2026-07/informaciya_ob_ispolnenii_konsolidirovannogo_byudzheta_goreckogo_rayona_za_2024_god_1.doc
r-horacki,2024,expenditure_total,117332300,True,https://gorki.gov.by/sites/default/files/2026-07/informaciya_ob_ispolnenii_konsolidirovannogo_byudzheta_goreckogo_rayona_za_2024_god_1.doc
r-horacki,2024,exp_education,41267800,,https://gorki.gov.by/sites/default/files/2026-07/informaciya_ob_ispolnenii_konsolidirovannogo_byudzheta_goreckogo_rayona_za_2024_god_1.doc
r-horacki,2024,exp_health,25871300,,https://gorki.gov.by/sites/default/files/2026-07/informaciya_ob_ispolnenii_konsolidirovannogo_byudzheta_goreckogo_rayona_za_2024_god_1.doc
r-horacki,2024,exp_housing,16622900,,https://gorki.gov.by/sites/default/files/2026-07/informaciya_ob_ispolnenii_konsolidirovannogo_byudzheta_goreckogo_rayona_za_2024_god_1.doc
r-horacki,2025,revenue_total,123931900,True,https://gorki.gov.by/sites/default/files/2026-07/informaciya_ob_ispolnenii_konsolidirovannogo_byudzheta_goreckogo_rayona_za_2025_god.doc
r-horacki,2025,own_revenue,57192100,,https://gorki.gov.by/sites/default/files/2026-07/informaciya_ob_ispolnenii_konsolidirovannogo_byudzheta_goreckogo_rayona_za_2025_god.doc
r-horacki,2025,transfers,66739700,,https://gorki.gov.by/sites/default/files/2026-07/informaciya_ob_ispolnenii_konsolidirovannogo_byudzheta_goreckogo_rayona_za_2025_god.doc
r-horacki,2025,expenditure_total,122699200,True,https://gorki.gov.by/sites/default/files/2026-07/informaciya_ob_ispolnenii_konsolidirovannogo_byudzheta_goreckogo_rayona_za_2025_god.doc
r-horacki,2025,exp_education,45838300,,https://gorki.gov.by/sites/default/files/2026-07/informaciya_ob_ispolnenii_konsolidirovannogo_byudzheta_goreckogo_rayona_za_2025_god.doc
r-horacki,2025,exp_health,28314700,,https://gorki.gov.by/sites/default/files/2026-07/informaciya_ob_ispolnenii_konsolidirovannogo_byudzheta_goreckogo_rayona_za_2025_god.doc
r-horacki,2025,exp_housing,21138100,,https://gorki.gov.by/sites/default/files/2026-07/informaciya_ob_ispolnenii_konsolidirovannogo_byudzheta_goreckogo_rayona_za_2025_god.doc
r-karelicki,2025,revenue_total,68677400,True,https://korelichi.gov.by/uploads/documents/2026/Ispolnenie-bjudzheta-za-2025-god.pdf
r-karelicki,2025,own_revenue,36984400,,https://korelichi.gov.by/uploads/documents/2026/Ispolnenie-bjudzheta-za-2025-god.pdf
r-karelicki,2025,transfers,31693000,,https://korelichi.gov.by/uploads/documents/2026/Ispolnenie-bjudzheta-za-2025-god.pdf
r-karelicki,2025,expenditure_total,69786700,,https://korelichi.gov.by/uploads/documents/2026/Ispolnenie-bjudzheta-za-2025-god.pdf
r-karelicki,2025,exp_education,21655000,,https://korelichi.gov.by/uploads/documents/2026/Ispolnenie-bjudzheta-za-2025-god.pdf
r-karelicki,2025,exp_health,16821600,,https://korelichi.gov.by/uploads/documents/2026/Ispolnenie-bjudzheta-za-2025-god.pdf
r-karelicki,2025,exp_housing,10849700,,https://korelichi.gov.by/uploads/documents/2026/Ispolnenie-bjudzheta-za-2025-god.pdf
r-karelicki,2025,exp_governance,5869700,,https://korelichi.gov.by/uploads/documents/2026/Ispolnenie-bjudzheta-za-2025-god.pdf
r-karelicki,2025,exp_transport,460100,,https://korelichi.gov.by/uploads/documents/2026/Ispolnenie-bjudzheta-za-2025-god.pdf
r-karelicki,2024,revenue_total,59444700,True,https://korelichi.gov.by/uploads/documents/2025/ispolnenie-bjudzheta-za-2024-god.pdf
r-karelicki,2024,own_revenue,31817600,,https://korelichi.gov.by/uploads/documents/2025/ispolnenie-bjudzheta-za-2024-god.pdf
r-karelicki,2024,transfers,27627100,,https://korelichi.gov.by/uploads/documents/2025/ispolnenie-bjudzheta-za-2024-god.pdf
r-karelicki,2024,expenditure_total,61084200,,https://korelichi.gov.by/uploads/documents/2025/ispolnenie-bjudzheta-za-2024-god.pdf
r-karelicki,2024,exp_education,18558600,,https://korelichi.gov.by/uploads/documents/2025/ispolnenie-bjudzheta-za-2024-god.pdf
r-karelicki,2024,exp_health,15320200,,https://korelichi.gov.by/uploads/documents/2025/ispolnenie-bjudzheta-za-2024-god.pdf
r-karelicki,2024,exp_housing,10332600,,https://korelichi.gov.by/uploads/documents/2025/ispolnenie-bjudzheta-za-2024-god.pdf
r-karelicki,2024,exp_governance,5166900,,https://korelichi.gov.by/uploads/documents/2025/ispolnenie-bjudzheta-za-2024-god.pdf
r-karelicki,2024,exp_transport,490000,,https://korelichi.gov.by/uploads/documents/2025/ispolnenie-bjudzheta-za-2024-god.pdf
r-karelicki,2023,revenue_total,53363600,True,https://korelichi.gov.by/uploads/documents/2024/ispolnenie-bjudzheta-za-2023-god.pdf
r-karelicki,2023,own_revenue,28659300,,https://korelichi.gov.by/uploads/documents/2024/ispolnenie-bjudzheta-za-2023-god.pdf
r-karelicki,2023,transfers,24704300,,https://korelichi.gov.by/uploads/documents/2024/ispolnenie-bjudzheta-za-2023-god.pdf
r-karelicki,2023,expenditure_total,50322100,,https://korelichi.gov.by/uploads/documents/2024/ispolnenie-bjudzheta-za-2023-god.pdf
r-karelicki,2023,exp_education,16718800,,https://korelichi.gov.by/uploads/documents/2024/ispolnenie-bjudzheta-za-2023-god.pdf
r-karelicki,2023,exp_health,13024800,,https://korelichi.gov.by/uploads/documents/2024/ispolnenie-bjudzheta-za-2023-god.pdf
r-karelicki,2023,exp_housing,5763400,,https://korelichi.gov.by/uploads/documents/2024/ispolnenie-bjudzheta-za-2023-god.pdf
r-karelicki,2023,exp_governance,7191400,,https://korelichi.gov.by/uploads/documents/2024/ispolnenie-bjudzheta-za-2023-god.pdf
r-karelicki,2023,exp_transport,397100,,https://korelichi.gov.by/uploads/documents/2024/ispolnenie-bjudzheta-za-2023-god.pdf
r-minski,2018,revenue_total,286.6,,https://ru.wikipedia.org/wiki/Минский_район
r-minski,2018,expenditure_total,297.2,True,https://ru.wikipedia.org/wiki/Минский_район
r-talachynski,2021,own_revenue,24896200,,https://www.tolochin.vitebsk-region.gov.by/uploads/files/Ispolnenie-bjudzheta-2021.pdf
r-talachynski,2021,transfers,18707400,,https://www.tolochin.vitebsk-region.gov.by/uploads/files/Ispolnenie-bjudzheta-2021.pdf
r-talachynski,2021,revenue_total,43603600,,https://www.tolochin.vitebsk-region.gov.by/uploads/files/Ispolnenie-bjudzheta-2021.pdf
r-talachynski,2021,expenditure_total,46095200,,https://www.tolochin.vitebsk-region.gov.by/uploads/files/Ispolnenie-bjudzheta-2021.pdf
r-talachynski,2022,own_revenue,27820700,,https://www.tolochin.vitebsk-region.gov.by/uploads/documents/09.03/Ispolnenie-bydjeta.pdf
r-talachynski,2022,transfers,22206900,,https://www.tolochin.vitebsk-region.gov.by/uploads/documents/09.03/Ispolnenie-bydjeta.pdf
r-talachynski,2022,revenue_total,50027600,,https://www.tolochin.vitebsk-region.gov.by/uploads/documents/09.03/Ispolnenie-bydjeta.pdf
r-talachynski,2022,expenditure_total,48177000,,https://www.tolochin.vitebsk-region.gov.by/uploads/documents/09.03/Ispolnenie-bydjeta.pdf
r-talachynski,2022,exp_education,18219200,,https://www.tolochin.vitebsk-region.gov.by/uploads/documents/09.03/Ispolnenie-bydjeta.pdf
r-talachynski,2022,exp_health,12684700,,https://www.tolochin.vitebsk-region.gov.by/uploads/documents/09.03/Ispolnenie-bydjeta.pdf
r-talachynski,2022,exp_housing,4856400,,https://www.tolochin.vitebsk-region.gov.by/uploads/documents/09.03/Ispolnenie-bydjeta.pdf
r-talachynski,2022,exp_governance,3281100,,https://www.tolochin.vitebsk-region.gov.by/uploads/documents/09.03/Ispolnenie-bydjeta.pdf
r-talachynski,2023,own_revenue,33421500,,https://www.tolochin.vitebsk-region.gov.by/uploads/files/Ispolnenie-byudzheta-za-2023.pdf
r-talachynski,2023,transfers,27695900,,https://www.tolochin.vitebsk-region.gov.by/uploads/files/Ispolnenie-byudzheta-za-2023.pdf
r-talachynski,2023,revenue_total,61117400,,https://www.tolochin.vitebsk-region.gov.by/uploads/files/Ispolnenie-byudzheta-za-2023.pdf
r-talachynski,2023,expenditure_total,60511100,,https://www.tolochin.vitebsk-region.gov.by/uploads/files/Ispolnenie-byudzheta-za-2023.pdf
r-talachynski,2023,exp_education,21466100,,https://www.tolochin.vitebsk-region.gov.by/uploads/files/Ispolnenie-byudzheta-za-2023.pdf
r-talachynski,2023,exp_health,15591300,,https://www.tolochin.vitebsk-region.gov.by/uploads/files/Ispolnenie-byudzheta-za-2023.pdf
r-talachynski,2023,exp_housing,4587300,,https://www.tolochin.vitebsk-region.gov.by/uploads/files/Ispolnenie-byudzheta-za-2023.pdf
r-talachynski,2023,exp_governance,4029000,,https://www.tolochin.vitebsk-region.gov.by/uploads/files/Ispolnenie-byudzheta-za-2023.pdf
r-talachynski,2023,exp_transport,210600,,https://www.tolochin.vitebsk-region.gov.by/uploads/files/Ispolnenie-byudzheta-za-2023.pdf
r-talachynski,2024,own_revenue,42055900,,https://www.tolochin.vitebsk-region.gov.by/uploads/files/Ispolneniye-byudzheta-za-2024-g..pdf
r-talachynski,2024,transfers,25643000,,https://www.tolochin.vitebsk-region.gov.by/uploads/files/Ispolneniye-byudzheta-za-2024-g..pdf
r-talachynski,2024,revenue_total,67698900,,https://www.tolochin.vitebsk-region.gov.by/uploads/files/Ispolneniye-byudzheta-za-2024-g..pdf
r-talachynski,2024,expenditure_total,67242100,,https://www.tolochin.vitebsk-region.gov.by/uploads/files/Ispolneniye-byudzheta-za-2024-g..pdf
r-ushacki,2025,revenue_total,57206576.19,,https://ushachi.vitebsk-region.gov.by/uploads/files/2026/Reshenie-Ushachskogo-rajonnogo-Soveta-deputatov-ot-30.03.2026-112-Ob-utverzhdenii-otcheta-ob-ispolnenii-rajonnogo-bjudzheta.pdf
r-ushacki,2025,own_revenue,19765446.09,,https://ushachi.vitebsk-region.gov.by/uploads/files/2026/Reshenie-Ushachskogo-rajonnogo-Soveta-deputatov-ot-30.03.2026-112-Ob-utverzhdenii-otcheta-ob-ispolnenii-rajonnogo-bjudzheta.pdf
r-ushacki,2025,transfers,37441130.1,,https://ushachi.vitebsk-region.gov.by/uploads/files/2026/Reshenie-Ushachskogo-rajonnogo-Soveta-deputatov-ot-30.03.2026-112-Ob-utverzhdenii-otcheta-ob-ispolnenii-rajonnogo-bjudzheta.pdf
r-ushacki,2025,expenditure_total,54634283.31,,https://ushachi.vitebsk-region.gov.by/uploads/files/2026/Reshenie-Ushachskogo-rajonnogo-Soveta-deputatov-ot-30.03.2026-112-Ob-utverzhdenii-otcheta-ob-ispolnenii-rajonnogo-bjudzheta.pdf
r-ushacki,2025,exp_housing,6322449.1,,https://ushachi.vitebsk-region.gov.by/uploads/files/2026/Reshenie-Ushachskogo-rajonnogo-Soveta-deputatov-ot-30.03.2026-112-Ob-utverzhdenii-otcheta-ob-ispolnenii-rajonnogo-bjudzheta.pdf
r-ushacki,2025,exp_health,11688411.47,,https://ushachi.vitebsk-region.gov.by/uploads/files/2026/Reshenie-Ushachskogo-rajonnogo-Soveta-deputatov-ot-30.03.2026-112-Ob-utverzhdenii-otcheta-ob-ispolnenii-rajonnogo-bjudzheta.pdf
r-ushacki,2025,exp_education,15094663.8,,https://ushachi.vitebsk-region.gov.by/uploads/files/2026/Reshenie-Ushachskogo-rajonnogo-Soveta-deputatov-ot-30.03.2026-112-Ob-utverzhdenii-otcheta-ob-ispolnenii-rajonnogo-bjudzheta.pdf
r-ushacki,2025,exp_governance,6464065.58,,https://ushachi.vitebsk-region.gov.by/uploads/files/2026/Reshenie-Ushachskogo-rajonnogo-Soveta-deputatov-ot-30.03.2026-112-Ob-utverzhdenii-otcheta-ob-ispolnenii-rajonnogo-bjudzheta.pdf
r-ushacki,2025,exp_transport,15322.21,,https://ushachi.vitebsk-region.gov.by/uploads/files/2026/Reshenie-Ushachskogo-rajonnogo-Soveta-deputatov-ot-30.03.2026-112-Ob-utverzhdenii-otcheta-ob-ispolnenii-rajonnogo-bjudzheta.pdf
r-ushacki,2024,own_revenue,17789500,,https://ushachi.vitebsk-region.gov.by/uploads/files/2025/Bjulleten-ob-ispolnenii-bjudzheta-Ushachskogo-rajona-za-2024-god-i-na-2025.pptx
r-ushacki,2024,expenditure_total,49131600,,https://ushachi.vitebsk-region.gov.by/uploads/files/2025/Bjulleten-ob-ispolnenii-bjudzheta-Ushachskogo-rajona-za-2024-god-i-na-2025.pptx
r-ushacki,2023,own_revenue,13213900,,https://ushachi.vitebsk-region.gov.by/uploads/files/2024/2-24/Bjulleten-ob-ispolnenii-bjudzheta-za-2023-god-sajt.pdf
r-ushacki,2023,expenditure_total,46590600,,https://ushachi.vitebsk-region.gov.by/uploads/files/2024/2-24/Bjulleten-ob-ispolnenii-bjudzheta-za-2023-god-sajt.pdf
r-ushacki,2022,own_revenue,11251300,,https://ushachi.vitebsk-region.gov.by/uploads/files/04.23/Bjulleten-ispolnenija-bjudzheta-za-2022-god-sajt.pdf
r-ushacki,2022,transfers,35321100,,https://ushachi.vitebsk-region.gov.by/uploads/files/04.23/Bjulleten-ispolnenija-bjudzheta-za-2022-god-sajt.pdf
r-ushacki,2022,expenditure_total,37188600,,https://ushachi.vitebsk-region.gov.by/uploads/files/04.23/Bjulleten-ispolnenija-bjudzheta-za-2022-god-sajt.pdf
r-ushacki,2022,exp_housing,3493000,,https://ushachi.vitebsk-region.gov.by/uploads/files/04.23/Bjulleten-ispolnenija-bjudzheta-za-2022-god-sajt.pdf
r-ushacki,2022,exp_health,9621600,,https://ushachi.vitebsk-region.gov.by/uploads/files/04.23/Bjulleten-ispolnenija-bjudzheta-za-2022-god-sajt.pdf
r-ushacki,2022,exp_education,9858200,,https://ushachi.vitebsk-region.gov.by/uploads/files/04.23/Bjulleten-ispolnenija-bjudzheta-za-2022-god-sajt.pdf
r-ushacki,2022,exp_governance,6738900,,https://ushachi.vitebsk-region.gov.by/uploads/files/04.23/Bjulleten-ispolnenija-bjudzheta-za-2022-god-sajt.pdf
r-ushacki,2021,own_revenue,10212300,,https://ushachi.vitebsk-region.gov.by/uploads/documents/2022/Bjulleten-ispolnenija-bjudzheta-za-2021-god-sajt.pdf
r-ushacki,2021,transfers,31879700,,https://ushachi.vitebsk-region.gov.by/uploads/documents/2022/Bjulleten-ispolnenija-bjudzheta-za-2021-god-sajt.pdf
r-ushacki,2021,expenditure_total,32435900,,https://ushachi.vitebsk-region.gov.by/uploads/documents/2022/Bjulleten-ispolnenija-bjudzheta-za-2021-god-sajt.pdf
r-ushacki,2021,exp_housing,2865100,,https://ushachi.vitebsk-region.gov.by/uploads/documents/2022/Bjulleten-ispolnenija-bjudzheta-za-2021-god-sajt.pdf
r-ushacki,2021,exp_health,9835600,,https://ushachi.vitebsk-region.gov.by/uploads/documents/2022/Bjulleten-ispolnenija-bjudzheta-za-2021-god-sajt.pdf
r-ushacki,2021,exp_education,8785500,,https://ushachi.vitebsk-region.gov.by/uploads/documents/2022/Bjulleten-ispolnenija-bjudzheta-za-2021-god-sajt.pdf
r-ushacki,2021,exp_governance,4514300,,https://ushachi.vitebsk-region.gov.by/uploads/documents/2022/Bjulleten-ispolnenija-bjudzheta-za-2021-god-sajt.pdf
