path,vendored,bytes,sha256,source_url_or_note
raw/pl/check_powiat_sokolski_by-unit.json,yes,1509,6d71ed7a7e0eed1beccac79a99574ea77c499e4717e108fe171ce25dfa303214,
raw/pl/gminy_centroids_prg.json,yes,214257,b4a62bb4daa8b1d746aab85a0fda16c32c0a5cc003f7f9fc05a20691701ee1bb,
raw/pl/gminy_neighbors_prg.json,yes,24080,69912ab316f152226cc4ba73c46ccf4bb7d72d225dafadca3580167d3baa0940,
raw/pl/levels.json,yes,330,5b907a5b93bc5c7cd2b26b54a87558478903625e441a67fb4d280d501fad3bd8,
raw/pl/subject_P1336.json,yes,2728,997c401d5143406741ca4138f2b3e3e58f4da135ca3a910f2f84ac4d5bf854b0,
raw/pl/subject_P2883.json,yes,283,1dfca94f72091168e5ff5947a4c3e728a06cd26c3e0f1fc11a7c15aceae146ce,
raw/pl/units_level2.json,yes,1999,b775e8d6b8902f078fc5a6a19c48868f32a49304ff0ebe0417633aa5811fe960,
raw/pl/v196130_lubelskie_l6_p0.json,yes,9939,f8c6d249e27b7bfbd3ba7a39f628f2aad2627d63368bfb3c1ffd83d7c5c93e23,
raw/pl/v196130_lubelskie_l6_p1.json,yes,10212,74290aca6c9c76ab46a7e8a9055e4496940ff1175bfab9c4c7f6464fc2b960de,
raw/pl/v196130_lubelskie_l6_p2.json,yes,5703,407bdb894846bca1b7f6baf53caf81093600495879949f9a99bae5e918f218f9,
raw/pl/v196130_podlaskie_l6_p0.json,yes,10226,5975f2a8e7d07db14c62a4692584da55ec1898092f97ae5fb944a150da33eec2,
raw/pl/v196130_podlaskie_l6_p1.json,yes,6675,07743942ec8be192d72e1fdadb9a654a1e4cb4058e1157b79d316d520ed0c5f0,
raw/pl/v1_area_ha_lubelskie_l6_p0.json,yes,106417,d881c977e9f6220f8026dc8566734e3869cc97bb4d4a6179e14324cf7598476d,
raw/pl/v1_area_ha_lubelskie_l6_p1.json,yes,111861,13e24496a4e5c9117e0c46fef69937937d4c0a99fe2691019b956ddb24f6e044,
raw/pl/v1_area_ha_lubelskie_l6_p2.json,yes,101902,38a56801cedeb86d60364b07c4a0b025809cce0d6687bd0db982984e67f35622,
raw/pl/v1_area_ha_lubelskie_l6_p3.json,yes,11904,a85e801437ca819b0352d126a97e2a6681759a38805e99ad70c65e2b8a9f5ccc,
raw/pl/v1_area_ha_podlaskie_l6_p0.json,yes,119107,80882705ca49a781dc00c4d267fcd43d4e59b04f73265be3c20c67f7bb3011d8,
raw/pl/v1_area_ha_podlaskie_l6_p1.json,yes,93734,ecc7844497c386bd2a9d34ea073409cabfc681fca2299e13fcbbd5861869f2e2,
raw/pl/v60641_lubelskie_l6_p0.json,yes,105019,dd0efa41eeed6ab57b582e421ee6dabec0ce1c083cd325d189149e6a176a29d8,
raw/pl/v60641_lubelskie_l6_p1.json,yes,110924,74c835153a06368ab759d05ea0608b669f628a30af981a563a0d6338427cd514,
raw/pl/v60641_lubelskie_l6_p2.json,yes,101508,4b42287cb406388e74f7f87b4d999a85ff58daf0ce0b7f99bebc5fb60d7ff5b2,
raw/pl/v60641_lubelskie_l6_p3.json,yes,11867,c32cc7920714e08914482f6d6fb23a26b6501927f61d91b7d26710748a03444e,
raw/pl/v60641_podlaskie_l6_p0.json,yes,117775,de816447ddc55ae5b12dfb2af4778e77f8bda2cb44fdf1385c78043dd5bf4bf9,
raw/pl/v60641_podlaskie_l6_p1.json,yes,92367,2f9d03c1cf0053feb890b06dfef0f953447056568f2de486a578a66d42b48b16,
raw/pl/variable_196130_meta.json,yes,119,34c6d3597e103df8737415b07312345b0d1198afc5f2a99d49d9e47fbf4a331c,
raw/pl/variable_60641_meta.json,yes,338,ac94bf7d7b63ac44d5113ac1b0b1c921e04f1f9529a75e80d70a992c6cfab6e5,
raw/pl/variables_P1410.json,yes,594,fb2802701edf7d723f2790c23264e2e9f2c760b918cc18e274f8ab4ddf5b3d5a,
raw/lv/IRS030_POP_SY_latgale_1967_2022.json,yes,27140,24f8f767718000c5ee1015b57ea9baaf3905bba0fa9cbd7ff9e319f3a87f725c,
raw/lv/IRS030_meta.json,yes,11362,11bf09ca3ae32617a1ea865ad7b4d45738038e38afec3adcd1a8843fc69af450,
raw/lv/IRS030_query_latgale.json,yes,888,ddf94ab2ec96e49a9e4743dc703ea6e1f48961feaadd20e76f93ac04030c7ec5,
raw/wikidata/cities_misc.json,yes,9447,a8583eec9f4dbff8d28aef1e05bfc4ad694f914f8ff5a81fe61627b864cae677,
raw/wikidata/lt_municipalities.json,yes,49246,40b97de56f2915335060c8c632f3dcacb3ff8fdd597d5196c85add73f5b5588d,
raw/wikidata/lv_novads2009.json,yes,23874,48b10c3764b93a6112cd36c3ed7fdc322f975ae3672ab8ad483a33945bb1e53c,
raw/wikidata/lv_rajons.json,yes,27317,5f3be05e6630e28667226d2a98ee395b85fc759b65d8cb45753135de66f072dc,
raw/wikidata/oblasts.json,yes,2597,935038d1472c9f2d8f501b4387c665d379d9f1ab7d08de639d593f313f52d760,
raw/wikidata/raions_BRY.json,yes,38668,ad9925501083bc5300f13887f8a651f06f59ff2f7378a9455fab240f4d57fd63,
raw/wikidata/raions_CHN.json,yes,35408,18522c7235739c92d64fb5a402458061d8a9527dc81c218f0987e5b5bca18729,
raw/wikidata/raions_KIO.json,yes,102470,6d2fbfff07e51d415e02071602e203b256b7ee7102bffa764bff13f40afd91c9,
raw/wikidata/raions_PSK.json,yes,46820,13e20807e77f6406be6d5928e6cea23ab3d56794f51b4dc2ea3edc9643b8df4d,
raw/wikidata/raions_RIV.json,yes,23346,2d6ec2687352dd8ab99b9b0925d134b8bfef74076927d37b89383231ee3ca4bf,
raw/wikidata/raions_SMO.json,yes,38163,e18bc2526e30ab54a2d1d7f4f87198e5a52af3edc127a1ddddbac074346ffb29,
raw/wikidata/raions_VOL.json,yes,28958,dcd3ed5afd150bd298c839855b617d2790c0abf115160ae5171ab343e58058cb,
raw/wikidata/raions_ZHY.json,yes,44106,31941d4b36668a9283ed27f39784d30acfa6f76dde571b692cc0974be62c4299,
raw/wikidata/ruua_cities.json,yes,111944,59e746a5b0ef3c304e8d5877204821f001947383c4218555ea1ac78d1188ba8c,
raw/demoscope/demoscope89_extract.csv,yes,64130,93fed6f9636be0a9e58924fffca2ca0ac94a0475b6bc244ce4a9be5b29e087c3,
raw/ruua/border_units_RU.csv,yes,2695,91821b4abafde5e48667e67d4cb0940dbd7300eade294b8867c6c56c07c1a6bb,
raw/ruua/border_units_UA.csv,yes,1429,1e8320d2cb3a86a75e75deacb047516c4c5a667cf7b9561adcbf8a7c9d8d1345,
raw/ruua/rosstat_bdpmo_8112027_extract.csv,yes,170984,0db7d28686fded48964644ade87556c3153a27c53b28ae76983c4f6633351280,
raw/ruua/rosstat_census_extract.csv,yes,183587,8960dd771649b23320826ff0305f5ae53ce367e4a1fc38d16daab10c543b40a3,
raw/ruua/ukrcensus2001_estimated_chernigiv.html,yes,23951,cecc5698968c2584d8ad9a7c461c948d491103d9cea5ce2f679267fb6cc53cbc,
raw/ruua/ukrcensus2001_estimated_kyiv.html,yes,25176,9119ff4aef64ab53e725a9e45655e9d26c98af37616c72c62811336721b13add,
raw/ruua/ukrcensus2001_estimated_rivne.html,yes,21823,ebe424ca3b98eac868860db59a1b92acc8ecff96070da07378c23115318bfb08,
raw/ruua/ukrcensus2001_estimated_volyn.html,yes,22926,d025fb65b5dfb61dff7a45d41aecd15754647336350961f9ca0f5595466ee03b,
raw/ruua/ukrcensus2001_estimated_zhytomyr.html,yes,24713,31f5cfa5150471dc65291de7730c682c46f6662bb279b8e9c604b277888b3e45,
raw/ruua/ukrstat_bulletins_extract.csv,yes,84447,4fbe2ed6389c439f2adcd686796ba181893864718e0eefbfb5147b86834575ba,
raw/lt/S3R167_M3010214_1996_2026.json,yes,216529,e2f55048de8c0a3b58cda9c39de42330c8a22ed28f99d34a0b6e2457dda8199b,
raw/lt/S3R167_M3010214_dataflow.xml,yes,1909,2903a909057d16c5006a129c08b254b626f1ada1f9f5cfa165e3ee07bf6edb2f,
sng89_reg1.html,no (scratchpad),1096965,995adddb31a0a190cd8f8e83ceb77439952ef1f6ed93c2c2a6c3528dc621d3fc,http://demoscope.ru/weekly/ssp/sng89_reg1.php
rus89_reg1.html,no (scratchpad),1474664,56406976ecf4c57ff03c2a2c8a746738324d4cc304540a90a3e2214d1c3c4607,http://demoscope.ru/weekly/ssp/rus89_reg1.php
p2002_1_TOM_01_04.xls,no (scratchpad),1819648,745a24599719c877a8ddf015aadf22d3cb859444819a32f8197ae525d91483f3,https://web.archive.org/web/20051130022422id_/http://www.perepis2002.ru:80/ct/doc/1_TOM_01_04.xls
vpn2010_t11.xlsx,no (scratchpad),2124038,ff73be7381f8afd5ef2e8cc21850e487f91cee7d39aee7c62f731e8ed850f15e,https://rosstat.gov.ru/free_doc/new_site/perepis2010/croc/Documents/Vol1/pub-01-11.xlsx
vpn2020_t5.xlsx,no (scratchpad),1658676,0b232b3d2ab5daa231568acc719ac6fda4fb0979a01a0da6bacc69be6f252474,https://rosstat.gov.ru/storage/mediabank/Tom1_tab-5_VPN-2020.xlsx
pmo58_8112027_step2.html,no (scratchpad),28960,f9e0856f1d921a3837202cdf410966a5be14cc56b349155c3728ed28d9417489,"https://rosstat.gov.ru/dbscripts/munst/munst58/DBInet.cgi (POST, показатель 8112027)"
pmo66_8112027_step2.html,no (scratchpad),186539,77ab04da0b59c3c630d77aa6357d5396bab98f5e1f6dcbaed8a1bdb6fe1e63eb,"https://rosstat.gov.ru/dbscripts/munst/munst66/DBInet.cgi (POST, показатель 8112027)"
pmo15_8112027_step2.html,no (scratchpad),162167,f30ed0b0e208df56834bf7c7ace7150a926c5a7d06f762e53dddab9323e4ff02,"https://rosstat.gov.ru/dbscripts/munst/munst15/DBInet.cgi (POST, показатель 8112027)"
ua_chnas2011.zip,no (scratchpad),702283,bbe1b0c85620fbcb48edc669ec32e0c6e36b5de1307b2d45b5b32300bbd56bbe,https://ukrstat.gov.ua/druk/katalog/nasel/chnas.zip
ua_nas2020.xlsx,no (scratchpad),564943,d3f822861439e22ec59d0a3fe10787cda11594ca9de213a6e113312751dbbaf5,https://ukrstat.gov.ua/druk/publicat/kat_u/2020/zb/05/zb_chuselnist%2020-2.xlsx
wfs_gminy_20.xml,no (scratchpad),8227227,61fcee4a16869d91c7c212ed85f76b042c5f51fa570dfa6383a712a04d7388ab,"https://mapy.geoportal.gov.pl/wss/service/PZGIK/PRG/WFS/AdministrativeBoundaries (GetFeature A03_Granice_gmin, JPT_KOD_JE LIKE 20*)"
wfs_gminy_06.xml,no (scratchpad),14634007,77c5113ca8f673026c12aceb891a19706aac167101b90b4dacc7b1ccf969ce07,"https://mapy.geoportal.gov.pl/wss/service/PZGIK/PRG/WFS/AdministrativeBoundaries (GetFeature A03_Granice_gmin, JPT_KOD_JE LIKE 06*)"
