SortOrder,LocID,Notes,ISO3_code,ISO2_code,SDMX_code,LocTypeID,LocTypeName,ParentID,Location,VarID,Variant,Time,TPopulation1Jan,TPopulation1July,TPopulationMale1July,TPopulationFemale1July,PopDensity,PopSexRatio,MedianAgePop,NatChange,NatChangeRT,PopChange,PopGrowthRate,DoublingTime,Births,Births1519,CBR,TFR,NRR,MAC,SRB,Deaths,DeathsMale,DeathsFemale,CDR,LEx,LExMale,LExFemale,LE15,LE15Male,LE15Female,LE65,LE65Male,LE65Female,LE80,LE80Male,LE80Female,InfantDeaths,IMR,LBsurvivingAge1,Under5Deaths,Q5,Q0040,Q0040Male,Q0040Female,Q0060,Q0060Male,Q0060Female,Q1550,Q1550Male,Q1550Female,Q1560,Q1560Male,Q1560Female,NetMigrations,CNMR
185,112,,BLR,BY,112,4,Country/Area,923,Belarus,2,Medium,1950,7100.082,7127.594,3077.473,4050.122,35.1269,75.9847,23.7092,53.868,7.557,55.025,0.772,89.7859,163.567,6.218,22.948,2.6396,1.0931,28.964,106.1,109.699,51.116,58.583,15.391,58.6416,54.6017,62.1655,53.3446,50.1137,55.746,12.4123,11.3628,13.1339,5.2982,4.8845,5.5138,15.893,91.4742,153.081,22.904,130.4223,209.0649,250.6502,171.7459,349.1511,421.2883,290.8457,132.1034,174.4642,101.9542,238.1154,305.9441,190.2626,1.149,0.161
185,112,,BLR,BY,112,4,Country/Area,923,Belarus,2,Medium,1951,7155.107,7189.433,3114.584,4074.848,35.4316,76.4344,23.9098,65.994,9.18,68.652,0.955,72.5809,169.682,6.154,23.602,2.6596,1.1126,28.956,106.2,103.688,48.478,55.21,14.422,59.3877,55.3808,62.851,53.4115,50.1526,55.8385,12.4488,11.3723,13.1833,5.3161,4.8956,5.5354,14.524,85.6799,159.493,20.811,120.6553,199.0722,239.5279,162.9142,340.6023,412.6987,282.6727,131.4878,173.8132,101.0055,237.2803,305.3968,188.987,2.653,0.369
185,112,,BLR,BY,112,4,Country/Area,923,Belarus,2,Medium,1952,7223.759,7264.607,3158.217,4106.39,35.8021,76.9098,24.1074,74.503,10.255,81.696,1.125,61.6131,172.108,6.093,23.691,2.6249,1.1111,28.923,106.2,97.605,45.847,51.758,13.436,60.4511,56.514,63.8235,53.8262,50.5806,56.2428,12.5501,11.4296,13.3086,5.3521,4.9202,5.5792,13.841,80.1534,162.44,19.312,111.5183,185.4231,223.5772,151.2814,325.0475,395.8167,268.6666,124.9421,165.4092,95.5209,228.7095,295.5611,181.3767,7.198,0.991
185,112,,BLR,BY,112,4,Country/Area,923,Belarus,2,Medium,1953,7305.455,7350.636,3206.988,4143.648,36.2261,77.3953,24.3387,81.992,11.154,90.362,1.229,56.3993,174.55,5.959,23.746,2.6,1.1129,28.914,106.2,92.558,43.651,48.907,12.592,61.4858,57.6238,64.7555,54.2213,50.9963,56.6189,12.6512,11.4899,13.4262,5.3852,4.9469,5.6181,13.13,74.559,165.246,18.024,102.5503,172.2281,208.0981,140.1859,309.917,379.2493,255.3255,118.7814,157.392,90.4884,220.5607,286.0542,174.3543,8.376,1.139
185,112,,BLR,BY,112,4,Country/Area,923,Belarus,2,Medium,1954,7395.817,7448.889,3261.75,4187.14,36.7103,77.8992,24.5718,90.542,12.155,106.144,1.425,48.6419,178.676,6.077,23.987,2.6066,1.1276,28.905,106.2,88.134,41.724,46.41,11.832,62.5112,58.7173,65.6844,54.6096,51.394,56.9956,12.7644,11.5536,13.5572,5.4258,4.9775,5.6657,12.371,68.8904,169.628,16.749,93.6661,159.356,192.9599,129.3825,295.074,363.0408,242.2129,112.9346,149.8779,85.7365,212.7676,277.0719,167.5845,15.595,2.094
185,112,,BLR,BY,112,4,Country/Area,923,Belarus,2,Medium,1955,7501.961,7560.676,3323.298,4237.377,37.2612,78.4282,24.7897,99.384,13.145,117.429,1.553,44.6328,183.898,6.501,24.323,2.6332,1.1509,28.891,106.3,84.514,40.198,44.316,11.178,63.5116,59.7738,66.6064,54.9764,51.7543,57.3634,12.8781,11.6131,13.6964,5.4715,5.0084,5.719,11.776,63.1862,175.121,15.699,84.898,146.9291,178.3157,118.8558,280.7664,347.5903,229.4387,107.5498,143.1068,81.3441,205.5547,269.0172,161.2289,18.042,2.386
185,112,,BLR,BY,112,4,Country/Area,923,Belarus,2,Medium,1956,7619.39,7682.882,3389.872,4293.009,37.8635,78.9626,25.0038,107.667,14.013,126.983,1.653,41.9327,188.856,6.66,24.581,2.6597,1.174,28.905,106.3,81.189,38.763,42.426,10.568,64.5027,60.8084,67.5288,55.3425,52.1059,57.7356,13.0064,11.6849,13.8531,5.5292,5.049,5.7835,10.99,57.4458,180.441,14.528,76.2912,134.8937,164.1937,108.6295,266.8189,332.6052,216.9229,102.4836,136.8022,77.2239,198.6768,261.3917,155.1294,19.325,2.515
185,112,,BLR,BY,112,4,Country/Area,923,Belarus,2,Medium,1957,7746.373,7811.335,3459.272,4352.063,38.4966,79.4858,25.1921,115.675,14.809,129.924,1.663,41.6805,194.03,6.614,24.84,2.6895,1.1981,28.924,106.4,78.355,37.533,40.822,10.031,65.441,61.768,68.419,55.6799,52.413,58.0925,13.1304,11.7487,14.0136,5.5873,5.0867,5.8509,10.161,51.8306,186.031,13.309,68.0665,123.6025,151.071,98.9448,253.7357,318.9033,205.0721,97.945,131.3053,73.4909,192.4427,254.8155,149.5324,14.247,1.824
185,112,,BLR,BY,112,4,Country/Area,923,Belarus,2,Medium,1958,7876.297,7944.089,3530.363,4413.726,39.1508,79.986,25.3567,125.482,15.796,135.584,1.707,40.6062,199.905,6.533,25.164,2.7275,1.2252,28.913,106.5,74.423,35.68,38.743,9.368,66.6311,62.9741,69.5494,56.3444,53.0598,58.7437,13.3882,12.0054,14.2606,5.6326,5.1538,5.8802,9.309,46.5187,192.335,12.055,60.4527,113.1226,139.0997,89.9789,235.2933,300.2741,187.2265,91.8065,124.7183,67.976,179.8106,242.1074,137.1083,10.103,1.272
185,112,,BLR,BY,112,4,Country/Area,923,Belarus,2,Medium,1959,8011.881,8081.319,3603.404,4477.916,39.8271,80.4705,25.5256,135.636,16.784,138.877,1.719,40.3227,205.336,6.3,25.409,2.763,1.2502,28.921,106.6,69.7,33.489,36.212,8.625,67.987,64.3494,70.8413,57.2549,53.9472,59.6472,13.8267,12.4462,14.6867,5.728,5.2483,5.9757,8.53,41.6558,198.228,10.899,53.6223,103.3502,128.0433,81.5178,214.9769,278.8338,167.9417,85.1601,117.9785,61.5332,164.4255,225.8132,122.2058,3.238,0.401
185,112,,BLR,BY,112,4,Country/Area,923,Belarus,2,Medium,1960,8150.758,8207.998,3673.163,4534.835,40.4514,80.9988,25.7258,141.866,17.284,114.48,1.395,49.688,207.507,5.91,25.281,2.7572,1.2587,28.884,106.2,65.641,31.626,34.014,7.997,69.3223,65.6878,72.1371,58.1834,54.8639,60.5601,14.264,12.8478,15.1414,5.8507,5.3615,6.1075,7.729,37.351,200.951,9.79,47.6863,93.7736,116.8486,73.3585,195.7208,257.4292,150.2038,78.2684,109.8247,55.5823,149.7847,208.8664,108.9668,-27.382,-3.336
185,112,,BLR,BY,112,4,Country/Area,923,Belarus,2,Medium,1961,8265.238,8320.433,3737.462,4582.971,41.0055,81.5511,25.9228,137.174,16.486,110.391,1.327,52.2342,201.348,5.584,24.199,2.6731,1.2297,28.696,105.9,64.174,30.95,33.224,7.713,70.0217,66.3895,72.814,58.5164,55.1683,60.9138,14.4657,12.957,15.407,5.9636,5.4318,6.2483,6.772,33.6298,195.533,8.576,42.6431,86.082,107.5621,66.9727,187.331,246.4726,143.4715,74.8493,105.139,52.9152,145.7426,202.3736,106.1675,-26.78,-3.219
185,112,,BLR,BY,112,4,Country/Area,923,Belarus,2,Medium,1962,8375.629,8424.48,3797.484,4626.996,41.5183,82.0724,26.1468,130.684,15.512,97.703,1.16,59.7541,194.649,4.46,23.105,2.607,1.2048,28.663,106,63.965,30.877,33.088,7.593,70.4617,66.7825,73.2931,58.5996,55.2036,61.043,14.528,12.9487,15.5215,5.9968,5.4574,6.2886,5.94,30.4957,189.487,7.522,38.4495,80.2879,101.2183,61.4466,182.6845,240.6962,139.3199,73.4825,103.2279,51.6959,145.3814,200.7021,106.3224,-32.996,-3.917
185,112,,BLR,BY,112,4,Country/Area,923,Belarus,2,Medium,1963,8473.332,8517.704,3852.451,4665.253,41.9777,82.5775,26.4531,117.398,13.782,88.744,1.042,66.5208,181.457,3.854,21.303,2.4793,1.1479,28.621,106.4,64.059,30.818,33.24,7.521,70.7977,67.1149,73.6308,58.6639,55.2319,61.1503,14.5218,12.9092,15.5326,6.0438,5.49,6.3406,5.08,27.8977,177.01,6.463,35.0093,76.1843,96.975,57.2518,177.6312,235.5687,134.1062,72.7837,103.4969,49.8575,143.4988,199.0698,103.8047,-28.653,-3.364
185,112,,BLR,BY,112,4,Country/Area,923,Belarus,2,Medium,1964,8562.076,8602.838,3902.885,4699.953,42.3973,83.0409,26.8259,99.365,11.55,81.525,0.948,73.1168,162.371,3.335,18.874,2.2795,1.0616,28.482,106,63.006,30.39,32.616,7.324,71.3025,67.5471,74.2002,58.9499,55.4261,61.5262,14.7294,13.0482,15.7778,6.1297,5.5389,6.4436,4.222,25.7488,158.668,5.427,32.1932,72.6701,93.5244,53.3325,172.468,230.8705,128.3793,72.2619,103.8674,48.0918,140.9568,197.1533,100.4286,-17.837,-2.073
185,112,,BLR,BY,112,4,Country/Area,923,Belarus,2,Medium,1965,8643.601,8679.929,3948.768,4731.162,42.7772,83.463,27.2341,90.636,10.442,72.656,0.837,82.8133,153.828,3.997,17.722,2.2287,1.0418,28.392,105.8,63.192,30.514,32.677,7.28,71.6312,67.826,74.5728,59.1058,55.5157,61.7482,14.8234,13.0791,15.9024,6.2211,5.5904,6.5568,3.717,23.987,150.537,4.771,29.9029,69.3882,89.6248,50.2581,168.7899,228.3493,123.871,71.4892,103.0425,46.8631,139.3446,196.8776,97.7318,-17.979,-2.071
185,112,,BLR,BY,112,4,Country/Area,923,Belarus,2,Medium,1966,8716.257,8752.97,3992.515,4760.456,43.1372,83.8683,27.6401,87.965,10.05,73.426,0.839,82.6159,152.038,5.317,17.37,2.2729,1.0657,28.3,105.5,64.073,30.886,33.186,7.32,71.7979,67.9649,74.7676,59.1372,55.5203,61.8097,14.9691,13.2177,16.0387,6.2642,5.6194,6.6048,3.438,22.5525,148.964,4.368,28.0487,68.2062,88.2156,48.9825,168.9891,229.7113,123.2818,72.6924,104.0615,47.7681,141.2033,199.8917,98.7869,-14.544,-1.662
185,112,,BLR,BY,112,4,Country/Area,923,Belarus,2,Medium,1967,8789.683,8823.254,4034.864,4788.39,43.4836,84.2635,28.0385,80.55,9.129,67.141,0.761,91.0837,146.068,6.015,16.555,2.2447,1.0546,28.101,105.6,65.518,31.554,33.964,7.426,71.8661,67.9746,74.9048,59.0767,55.4074,61.8129,14.9463,13.1955,16.0129,6.2951,5.6276,6.6451,3.145,21.3925,143.274,3.983,26.5562,67.0271,87.6715,46.9492,168.4058,231.6501,120.7189,73.5926,105.7413,47.511,142.1549,203.3142,97.8311,-13.409,-1.52
185,112,,BLR,BY,112,4,Country/Area,923,Belarus,2,Medium,1968,8856.824,8891.328,4075.757,4815.571,43.8191,84.637,28.4304,76.519,8.606,69.008,0.776,89.3231,143.705,6.508,16.162,2.258,1.0614,27.998,105.7,67.186,32.401,34.784,7.556,71.8652,67.8998,74.9833,58.9782,55.2168,61.8153,14.9582,13.1963,16.0326,6.3321,5.6354,6.6879,2.952,20.4604,141.081,3.721,25.3607,66.6325,87.9176,45.8027,170.1525,236.1573,120.2184,75.7636,109.5576,47.7618,145.1036,209.2961,98.24,-7.511,-0.845
185,112,,BLR,BY,112,4,Country/Area,923,Belarus,2,Medium,1969,8925.832,8954.597,4113.81,4840.786,44.1309,84.9823,28.7997,70.364,7.858,57.53,0.642,107.9669,140.132,6.519,15.649,2.2315,1.0476,27.799,106.1,69.768,33.787,35.981,7.791,71.7103,67.6006,74.9843,58.7587,54.8351,61.7711,14.8847,13.0662,16.0006,6.3419,5.6147,6.6932,2.779,19.7199,137.67,3.497,24.4138,67.7311,90.3743,45.387,173.3682,243.0444,120.064,78.6096,114.8548,47.7808,149.0938,217.2318,98.5886,-12.833,-1.433
185,112,,BLR,BY,112,4,Country/Area,923,Belarus,2,Medium,1970,8983.362,9014.896,4148.736,4866.16,44.4281,85.2569,29.1417,71.715,7.955,63.069,0.7,99.021,143.229,7.391,15.888,2.2935,1.0794,27.531,105.7,71.514,34.849,36.665,7.933,71.6772,67.4298,75.1013,58.6837,54.614,61.8553,14.937,13.0561,16.0941,6.3836,5.6313,6.7279,2.728,19.1301,140.792,3.402,23.6633,68.7054,92.5508,45.0483,176.2576,248.2337,120.2651,80.719,118.8966,47.457,152.5333,223.0937,99.1983,-8.643,-0.959
185,112,,BLR,BY,112,4,Country/Area,923,Belarus,2,Medium,1971,9046.431,9079.748,4183.943,4895.804,44.7477,85.4598,29.4384,72.448,7.979,66.633,0.734,94.4342,146.227,8.401,16.105,2.3132,1.0908,27.331,105.5,73.779,36.089,37.69,8.126,71.5899,67.2304,75.1451,58.5523,54.3758,61.8487,14.9262,12.9864,16.1209,6.4092,5.6479,6.757,2.731,18.6747,143.8,3.372,23.0851,69.7104,94.9541,44.6006,178.7036,252.2937,120.366,83.0742,123.3905,47.384,155.5288,227.6305,99.9277,-5.818,-0.641
185,112,,BLR,BY,112,4,Country/Area,923,Belarus,2,Medium,1972,9113.064,9144.634,4219.111,4925.522,45.0674,85.6581,29.6622,71.11,7.776,63.139,0.69,100.4561,145.872,8.825,15.952,2.2802,1.0755,27.195,105.8,74.762,36.65,38.112,8.176,71.7636,67.3403,75.3813,58.6691,54.4194,62.0394,15.0344,13.0421,16.265,6.4582,5.6793,6.8236,2.681,18.3306,143.498,3.315,22.6471,67.9746,93.2046,42.8563,178.5527,252.719,119.2181,82.7292,123.4898,46.1511,156.1394,228.9193,99.3905,-7.966,-0.871
185,112,,BLR,BY,112,4,Country/Area,923,Belarus,2,Medium,1973,9176.203,9205.712,4252.606,4953.107,45.3685,85.8573,29.7589,66.377,7.211,59.019,0.641,108.1353,143.303,9.661,15.567,2.2063,1.0416,27.107,105.7,76.926,37.592,39.334,8.356,71.7422,67.3112,75.3749,58.5946,54.3126,62.0096,14.9843,12.9813,16.2189,6.4561,5.6926,6.8213,2.599,18.0665,141.006,3.224,22.3118,66.7843,91.5416,42.0571,179.3924,253.9518,119.0408,83.3028,124.6607,45.5945,157.6442,231.1164,99.4866,-7.357,-0.799
185,112,,BLR,BY,112,4,Country/Area,923,Belarus,2,Medium,1974,9235.222,9265.678,4285.33,4980.349,45.664,86.0448,29.6494,66.066,7.131,60.913,0.657,105.5019,145.403,10.866,15.693,2.191,1.0355,26.957,105.6,79.337,38.851,40.486,8.562,71.6568,67.1378,75.3864,58.478,54.0941,62.006,14.9659,12.9404,16.2094,6.4231,5.6675,6.7864,2.596,17.8532,143.101,3.213,22.0427,66.7838,92.064,41.4535,182.5298,259.4686,119.4343,84.7306,127.0675,45.2923,161.2123,237.2737,100.0687,-5.157,-0.557
185,112,,BLR,BY,112,4,Country/Area,923,Belarus,2,Medium,1975,9296.135,9324.28,4316.758,5007.522,45.9528,86.2055,29.4854,62.593,6.713,56.291,0.604,114.7595,145.194,11.549,15.572,2.1327,1.0093,26.776,105.5,82.601,40.414,42.186,8.859,71.4177,66.811,75.2678,58.2127,53.7522,61.8481,14.8728,12.8958,16.069,6.3969,5.6469,6.7564,2.569,17.6673,142.92,3.18,21.808,67.6769,94.4011,40.7549,187.2528,267.3997,120.0606,87.9309,132.6133,45.4386,166.2941,245.4796,101.175,-6.302,-0.676
185,112,,BLR,BY,112,4,Country/Area,923,Belarus,2,Medium,1976,9352.426,9380.086,4346.36,5033.725,46.2278,86.3448,29.3771,60.67,6.468,55.32,0.59,117.4826,146.094,12.021,15.575,2.0898,0.9898,26.636,105.5,85.424,42.051,43.373,9.107,71.2208,66.4551,75.2584,57.9912,53.3784,61.8056,14.8642,12.8395,16.0785,6.3818,5.6176,6.7503,2.556,17.4855,143.83,3.159,21.5781,68.9979,97.4223,40.1849,192.7676,276.3811,121.3437,91.6019,138.6093,46.0176,172.1771,254.8005,102.8901,-5.35,-0.57
185,112,,BLR,BY,112,4,Country/Area,923,Belarus,2,Medium,1977,9407.746,9434.944,4374.956,5059.987,46.4982,86.4618,29.4614,59.33,6.288,54.395,0.577,120.1295,147.421,12.337,15.625,2.0612,0.9781,26.521,105.2,88.091,43.414,44.677,9.337,71.0784,66.2414,75.2144,57.8255,53.1552,61.7221,14.8228,12.7648,16.0471,6.3966,5.6108,6.7804,2.548,17.283,145.164,3.144,21.3225,69.0546,97.8067,39.761,196.4114,281.8235,122.4605,93.6417,141.8936,46.3768,176.1373,260.4132,104.5094,-4.925,-0.522
185,112,,BLR,BY,112,4,Country/Area,923,Belarus,2,Medium,1978,9462.141,9485.805,4401.003,5084.802,46.7488,86.5521,29.6781,58.461,6.163,47.328,0.499,,148.921,12.668,15.699,2.0328,0.9652,26.308,105.1,90.46,45.058,45.403,9.536,70.9476,65.9323,75.2846,57.684,52.8302,61.7864,14.8529,12.6422,16.1662,6.4295,5.6094,6.8285,2.538,17.0446,146.674,3.125,21.021,70.1907,99.8283,39.8474,200.7962,288.8678,123.3493,96.2598,146.3898,46.7995,180.6884,267.709,105.479,-11.143,-1.175
185,112,,BLR,BY,112,4,Country/Area,923,Belarus,2,Medium,1979,9509.469,9537.705,4428.922,5108.783,47.0046,86.6923,29.8658,56.076,5.879,56.472,0.592,117.0857,149.028,12.662,15.625,1.996,0.9468,26.124,105.4,92.952,46.328,46.624,9.746,70.8118,65.7622,75.2053,57.5319,52.6379,61.6981,14.8497,12.5967,16.1757,6.4584,5.6214,6.8613,2.491,16.7634,146.818,3.065,20.6647,70.509,99.8986,40.2928,204.8291,294.1591,125.291,98.715,149.7549,48.1965,184.9481,273.3238,107.5251,0.395,0.041
185,112,,BLR,BY,112,4,Country/Area,923,Belarus,2,Medium,1980,9565.941,9603.17,4463.845,5139.326,47.3272,86.8566,30.018,57.851,6.025,74.459,0.775,89.4383,151.899,13.485,15.818,1.9832,0.9415,25.956,105.2,94.048,47.261,46.787,9.793,70.7483,65.5739,75.2997,57.467,52.4486,61.7886,14.9205,12.5753,16.2859,6.49,5.6273,6.9003,2.497,16.4335,149.692,3.073,20.2494,71.6304,101.9825,40.2138,207.9315,298.6606,125.3939,100.7285,153.3073,48.4154,188.09,277.8683,107.6679,16.616,1.73
185,112,,BLR,BY,112,4,Country/Area,923,Belarus,2,Medium,1981,9640.4,9678.048,4502.507,5175.54,47.6963,86.9959,30.1771,60.287,6.23,75.295,0.778,89.0935,155.95,13.273,16.114,1.9888,0.9445,25.986,105.1,95.663,47.831,47.831,9.884,70.7537,65.6182,75.2783,57.4522,52.4555,61.769,14.9486,12.6048,16.29,6.5127,5.6464,6.9105,2.507,16.0554,153.739,3.077,19.7746,70.8754,100.3707,40.3569,208.8891,299.0066,125.9323,101.0574,153.6092,48.7864,189.2852,278.6478,108.1526,14.998,1.55
185,112,,BLR,BY,112,4,Country/Area,923,Belarus,2,Medium,1982,9715.695,9748.282,4538.8,5209.482,48.0424,87.1258,30.3414,61.845,6.344,65.175,0.669,103.6094,159.042,13.026,16.315,1.9897,0.9462,25.96,105,97.197,48.499,48.697,9.971,70.7837,65.6538,75.3295,57.4456,52.4638,61.774,14.9735,12.6645,16.2792,6.5529,5.6602,6.9514,2.489,15.6399,156.847,3.053,19.2535,70.1524,99.5484,39.7235,209.6291,300.2976,124.9442,100.5157,152.7765,48.4059,190.456,280.2572,107.7066,3.339,0.343
185,112,,BLR,BY,112,4,Country/Area,923,Belarus,2,Medium,1983,9780.87,9815.555,4573.364,5242.19,48.3739,87.2415,30.5251,72.294,7.365,69.37,0.707,98.0406,172.027,13.153,17.526,2.1336,1.0136,26.025,105.3,99.733,49.714,50.019,10.161,70.7121,65.6117,75.251,57.2876,52.3007,61.6528,14.9524,12.6481,16.2432,6.5922,5.6802,6.9911,2.597,15.2076,169.721,3.152,18.7106,68.6643,96.8821,39.4524,213.2238,305.1904,126.2073,101.3592,153.3327,49.3443,195.139,286.6611,109.4835,-2.938,-0.299
185,112,,BLR,BY,112,4,Country/Area,923,Belarus,2,Medium,1984,9850.24,9881.694,4607.37,5274.324,48.6999,87.3547,30.6866,65.971,6.676,62.908,0.637,108.8143,167.246,12.886,16.925,2.0783,0.9873,25.932,105.5,101.275,50.274,51.001,10.249,70.791,65.7341,75.295,57.3217,52.3881,61.6424,14.9721,12.653,16.2606,6.6266,5.6996,7.0259,2.479,14.763,165.072,3.028,18.1531,66.374,93.2147,38.5377,213.0132,303.6794,126.1795,99.4257,149.188,49.5535,195.4487,285.5167,110.1096,-3.051,-0.309
185,112,,BLR,BY,112,4,Country/Area,923,Belarus,2,Medium,1985,9913.148,9944.186,4639.096,5305.09,49.0079,87.4461,30.8182,62.86,6.322,62.077,0.624,111.0813,163.617,12.826,16.454,2.0406,0.9698,25.852,105.5,100.757,49.531,51.226,10.132,71.1922,66.2548,75.5382,57.6887,52.86,61.8706,15.0491,12.6643,16.3678,6.6647,5.7295,7.0587,2.354,14.3301,161.554,2.898,17.6109,62.3552,86.8101,37.0302,204.7879,290.1179,122.6449,93.0781,139.0056,47.1521,187.5346,272.3062,106.7216,-0.784,-0.079
185,112,,BLR,BY,112,4,Country/Area,923,Belarus,2,Medium,1986,9975.225,10004.288,4670.108,5334.181,49.3041,87.5506,31.0004,69.621,6.959,58.126,0.581,119.3024,169.337,12.952,16.926,2.1262,1.0099,25.981,105.7,99.716,48.205,51.511,9.967,71.6715,66.9313,75.7748,58.156,53.5289,62.0918,15.1279,12.7489,16.4283,6.709,5.7762,7.095,2.354,13.9223,167.265,2.886,17.1015,57.9242,79.6622,35.4806,194.1233,272.7647,118.1432,85.6355,127.0414,44.3466,176.8801,254.7738,102.3577,-11.499,-1.149
185,112,,BLR,BY,112,4,Country/Area,923,Belarus,2,Medium,1987,10033.351,10057.605,4698.435,5359.17,49.5668,87.6709,31.252,60.967,6.062,48.508,0.482,,160.789,13.02,15.987,2.0552,0.9758,25.751,105.9,99.822,48.007,51.815,9.925,71.9488,67.2695,75.9893,58.39,53.8204,62.2686,15.1709,12.7645,16.4847,6.7474,5.7982,7.14,2.198,13.5571,158.875,2.72,16.6467,55.8601,76.761,34.3267,187.8372,263.7294,114.1904,81.5467,121.0205,42.1493,171.0414,246.1439,98.844,-12.462,-1.239
185,112,,BLR,BY,112,4,Country/Area,923,Belarus,2,Medium,1988,10081.859,10107.637,4728.23,5379.406,49.8134,87.895,31.463,56.992,5.639,51.556,0.51,135.9112,159.213,13.05,15.752,2.07,0.9814,25.688,106.3,102.221,49.788,52.434,10.113,71.7496,66.8877,76.0358,58.161,53.4218,62.2688,15.2022,12.7191,16.5593,6.797,5.8169,7.1998,2.113,13.2502,157.362,2.619,16.2639,57.3999,79.6227,34.4827,193.6551,274.032,114.8765,85.5874,127.3469,43.6264,177.2646,256.7363,100.1257,-5.424,-0.537
185,112,,BLR,BY,112,4,Country/Area,923,Belarus,2,Medium,1989,10133.415,10158.785,4759.584,5399.202,50.0655,88.1535,31.6802,45.093,4.439,50.74,0.499,,149.576,13.601,14.724,1.9785,0.9386,25.47,106.2,104.483,51.654,52.829,10.285,71.5034,66.461,76.0575,57.8868,52.962,62.2682,15.2498,12.6955,16.6574,6.8361,5.8242,7.2456,1.973,13.0055,147.87,2.465,15.9597,59.8316,84.1433,34.7088,200.9163,285.3985,117.1139,90.2667,134.6292,45.2254,184.9317,268.6245,102.6598,5.639,0.555
185,112,,BLR,BY,112,4,Country/Area,923,Belarus,2,Medium,1990,10184.155,10186.26,4776.793,5409.468,50.2009,88.3043,31.9513,30.711,3.015,4.211,0.041,,138.539,15.265,13.601,1.8599,0.8816,25.19,106.4,107.828,54.083,53.745,10.586,71.1446,65.886,76.0081,57.5212,52.386,62.2032,15.2577,12.5974,16.7351,6.8582,5.823,7.2702,1.803,12.8284,136.981,2.281,15.7402,62.5742,88.8858,35.3555,210.3656,299.8608,120.577,95.9069,143.8566,46.9234,194.5472,283.2579,106.3523,-26.497,-2.601
185,112,,BLR,BY,112,4,Country/Area,923,Belarus,2,Medium,1991,10188.366,10193.889,4783.477,5410.412,50.2385,88.4124,32.2483,16.915,1.659,11.046,0.108,,128.414,15.927,12.597,1.7521,0.8294,25.02,106.6,111.499,56.176,55.323,10.938,70.7224,65.3923,75.7469,57.0759,51.8473,61.9458,15.1412,12.4747,16.6316,6.8435,5.7932,7.2558,1.655,12.7068,126.984,2.111,15.59,65.1946,93.3051,36.1388,218.9975,311.7151,125.1461,101.0601,152.2285,48.5454,203.5217,295.7815,110.8746,-5.876,-0.576
185,112,,BLR,BY,112,4,Country/Area,923,Belarus,2,Medium,1992,10199.412,10217.562,4799.562,5418,50.3551,88.5855,32.5616,6.83,0.669,36.299,0.355,,123.505,16.073,12.088,1.704,0.8085,24.909,106.2,116.675,59.667,57.008,11.419,70.119,64.5827,75.4828,56.4518,51.0329,61.6414,14.9762,12.229,16.5452,6.8358,5.7592,7.2505,1.572,12.6227,122.139,2.002,15.4857,67.874,98.0572,36.6336,232.6036,332.0682,130.5883,108.4713,163.8922,51.2849,217.4921,316.4316,116.856,29.477,2.885
185,112,,BLR,BY,112,4,Country/Area,923,Belarus,2,Medium,1993,10235.711,10241.32,4815.626,5425.694,50.4722,88.756,32.8785,-8.443,-0.824,11.218,0.11,,113.992,15.317,11.131,1.5768,0.7478,24.915,106.4,122.435,63.084,59.351,11.955,69.5221,63.9183,75.0868,55.8171,50.3205,61.2212,14.7023,12.0196,16.269,6.7777,5.5909,7.2375,1.452,12.5472,112.739,1.855,15.3932,70.2267,102.5439,36.652,244.542,349.2575,135.5406,115.4061,174.6722,53.7546,229.9751,334.3894,122.1069,19.652,1.919
185,112,,BLR,BY,112,4,Country/Area,923,Belarus,2,Medium,1994,10246.929,10230.187,4798.801,5431.386,50.4174,88.3532,33.2412,-20.913,-2.045,-33.484,-0.327,,107.084,14.965,10.467,1.4864,0.7048,24.898,106.5,127.997,66.595,61.402,12.512,68.9659,63.2735,74.7474,55.2343,49.6459,60.8598,14.453,11.7721,16.0685,6.6988,5.4033,7.204,1.349,12.4512,105.916,1.723,15.2731,71.8807,105.2765,37.1252,256.1011,366.1861,140.4495,120.5273,182.6666,55.6358,241.9465,351.8736,127.3062,-12.57,-1.229
185,112,,BLR,BY,112,4,Country/Area,923,Belarus,2,Medium,1995,10213.445,10197.464,4772.021,5425.442,50.2561,87.9563,33.6329,-32.443,-3.182,-31.963,-0.313,,98.583,13.895,9.667,1.3693,0.6485,24.928,106.7,131.026,67.876,63.149,12.849,68.7521,63.0658,74.5262,54.9879,49.3807,60.6383,14.2541,11.6208,15.8647,6.6537,5.2822,7.1835,1.229,12.2976,97.522,1.571,15.0878,72.216,105.9528,37.5063,258.4228,370.6023,141.5967,121.247,184.9762,55.385,244.6477,356.9735,128.4254,0.481,0.047
185,112,,BLR,BY,112,4,Country/Area,923,Belarus,2,Medium,1996,10181.482,10164.028,4759.362,5404.665,50.0913,88.0603,34.0249,-40.109,-3.946,-34.909,-0.343,,93.884,12.961,9.237,1.3072,0.6195,24.974,106.5,133.993,69.502,64.491,13.183,68.5655,62.8719,74.3987,54.7762,49.1537,60.4958,14.1163,11.4519,15.7824,6.5983,5.234,7.1104,1.141,12.0544,92.894,1.452,14.7806,72.5045,106.0058,38.0059,261.0812,374.2371,143.0059,121.7788,185.7151,55.683,247.5986,360.9896,130.0074,5.205,0.512
185,112,,BLR,BY,112,4,Country/Area,923,Belarus,2,Medium,1997,10146.573,10122.364,4743.296,5379.068,49.886,88.1806,34.4077,-48.181,-4.76,-48.418,-0.478,,87.721,11.852,8.666,1.2226,0.58,25.096,106.4,135.902,70.516,65.387,13.426,68.5006,62.7922,74.3887,54.6732,49.0292,60.4574,14.0319,11.3524,15.734,6.5715,5.2266,7.065,1.038,11.7119,86.823,1.318,14.3615,72.2896,105.9537,37.579,262.0044,376.0469,142.6416,122.4074,186.9664,55.5919,248.9456,363.2864,129.9612,-0.235,-0.023
185,112,,BLR,BY,112,4,Country/Area,923,Belarus,2,Medium,1998,10098.155,10080.578,4726.188,5354.391,49.68,88.2675,34.8202,-48.343,-4.796,-35.153,-0.349,,90.887,11.428,9.016,1.2677,0.6005,25.293,106.7,139.23,72.158,67.072,13.812,68.2715,62.549,74.2277,54.4021,48.7345,60.2667,13.899,11.2351,15.6083,6.4497,5.1148,6.9344,1.021,11.2696,89.992,1.273,13.8122,74.204,109.0878,38.1231,265.9367,381.2528,144.4374,125.3327,191.4573,56.5734,253.3597,369.0693,132.0929,13.192,1.309
185,112,,BLR,BY,112,4,Country/Area,923,Belarus,2,Medium,1999,10063.002,10039.223,4705.359,5333.864,49.4762,88.2167,35.2229,-49.595,-4.941,-47.558,-0.474,,89.675,10.713,8.932,1.2627,0.599,25.413,106.5,139.27,72.223,67.047,13.873,68.4193,62.6888,74.383,54.4976,48.8159,60.3789,13.9521,11.2914,15.6701,6.5104,5.1623,6.9914,0.968,10.7424,88.835,1.196,13.1632,73.8476,108.7909,37.543,263.4309,378.5349,142.1864,124.7775,190.7486,56.2543,251.4152,366.9264,130.3406,2.028,0.202
185,112,,BLR,BY,112,4,Country/Area,923,Belarus,2,Medium,2000,10015.444,9991.313,4679.267,5312.046,49.2401,88.0878,35.5705,-50.068,-5.011,-48.262,-0.483,,90.546,10.194,9.063,1.272,0.6042,25.6,106.4,140.614,72.483,68.131,14.074,68.4637,62.7429,74.427,54.4785,48.8026,60.3657,13.9329,11.3249,15.6238,6.4762,5.3078,6.8744,0.922,10.1472,89.746,1.134,12.4292,73.4387,108.6848,36.8852,262.4711,377.5089,141.3237,124.1068,190.4539,55.3021,251.1597,366.5847,130.1611,1.812,0.181
185,112,,BLR,BY,112,4,Country/Area,923,Belarus,2,Medium,2001,9967.182,9938.065,4651.466,5286.599,48.9777,87.986,35.9004,-53.762,-5.41,-58.234,-0.586,,88.659,9.89,8.921,1.2413,0.5899,25.743,106.5,142.421,73.514,68.907,14.331,68.4351,62.6904,74.4647,54.4034,48.7146,60.3441,13.9013,11.2982,15.6151,6.452,5.4756,6.7764,0.85,9.5182,87.925,1.048,11.6567,72.0825,107.1163,35.812,263.7574,379.7038,141.4894,124.1628,190.9261,55.0438,252.9566,369.141,131.0334,-4.469,-0.45
185,112,,BLR,BY,112,4,Country/Area,923,Belarus,2,Medium,2002,9908.948,9873.45,4617.482,5255.968,48.6593,87.8522,36.2005,-59.056,-5.981,-70.997,-0.719,,86.166,9.406,8.727,1.202,0.5724,25.893,106.2,145.222,75.211,70.011,14.708,68.2983,62.5175,74.4218,54.1963,48.4588,60.2484,13.8175,11.2101,15.5648,6.362,5.5494,6.63,0.771,8.875,85.502,0.955,10.8693,71.6686,107.0125,35.1165,267.2026,384.9303,142.6896,126.133,194.728,55.1005,257.2154,375.2855,132.8651,-11.945,-1.21
185,112,,BLR,BY,112,4,Country/Area,923,Belarus,2,Medium,2003,9837.951,9803.176,4579.908,5223.268,48.3129,87.6828,36.4867,-58.751,-5.993,-69.549,-0.709,,85.838,9.263,8.756,1.192,0.5683,25.997,106.1,144.589,75.354,69.235,14.749,68.4289,62.6359,74.5605,54.2751,48.522,60.3405,13.8796,11.2106,15.6796,6.3723,5.5435,6.6469,0.71,8.2352,85.225,0.88,10.0878,70.2702,104.5795,34.932,265.0662,382.108,141.6906,126.3599,194.3361,56.1676,255.6363,372.9945,132.4169,-10.795,-1.101
185,112,,BLR,BY,112,4,Country/Area,923,Belarus,2,Medium,2004,9768.402,9735.091,4543.647,5191.444,47.9774,87.5218,36.764,-56.2,-5.773,-66.622,-0.684,,86.423,8.758,8.877,1.1959,0.5712,26.171,105.9,142.623,74.73,67.893,14.65,68.6879,62.8503,74.8527,54.4825,48.6846,60.582,14.0224,11.294,15.8644,6.4547,5.6118,6.7338,0.66,7.6138,85.853,0.815,9.3299,69.2297,103.2692,34.245,260.3483,376.8356,137.9445,125.3971,192.8442,55.8435,251.4654,368.202,129.2705,-10.424,-1.071
185,112,,BLR,BY,112,4,Country/Area,923,Belarus,2,Medium,2005,9701.78,9667.838,4507.348,5160.491,47.6459,87.3434,37.0257,-52.433,-5.424,-67.883,-0.702,,88.443,8.382,9.148,1.2207,0.5834,26.389,105.9,140.876,73.96,66.916,14.572,68.9822,63.1285,75.1382,54.7313,48.9175,60.8223,14.1644,11.3922,16.0387,6.5324,5.6898,6.8099,0.621,7.0194,87.906,0.763,8.6067,67.8362,101.0349,33.759,255.3606,370.7933,134.6222,123.5213,189.9925,55.154,246.9524,362.5703,126.4738,-15.451,-1.598
185,112,,BLR,BY,112,4,Country/Area,923,Belarus,2,Medium,2006,9633.897,9608.036,4474.67,5133.366,47.3512,87.1683,37.2586,-43.419,-4.519,-51.722,-0.538,,94.726,8.423,9.859,1.3055,0.6237,26.564,106.1,138.145,72.447,65.698,14.378,69.436,63.5876,75.5308,55.1284,49.313,61.1677,14.3388,11.5144,16.2451,6.6313,5.7459,6.9242,0.608,6.4603,94.197,0.739,7.927,65.41,97.8959,32.1241,247.2098,360.47,129.6344,119.2464,183.9216,52.9373,239.3957,352.8345,122.0338,-8.303,-0.864
185,112,,BLR,BY,112,4,Country/Area,923,Belarus,2,Medium,2007,9582.175,9563.134,4450.42,5112.713,47.1299,87.0462,37.461,-34.072,-3.563,-38.083,-0.398,,101.207,8.142,10.583,1.3938,0.666,26.795,106.2,135.279,70.744,64.536,14.146,69.9855,64.1852,75.9593,55.6165,49.8259,61.5656,14.5327,11.6656,16.4616,6.7166,5.7786,7.0366,0.597,5.9405,100.688,0.72,7.2962,61.7367,92.3335,30.4879,237.3733,347.8453,123.8775,113.6194,175.6235,50.3452,230.2252,341.0617,116.6205,-4.013,-0.42
185,112,,BLR,BY,112,4,Country/Area,923,Belarus,2,Medium,2008,9544.092,9529.358,4432.534,5096.824,46.9635,86.9666,37.6334,-28.976,-3.04,-29.468,-0.309,,105.086,7.867,11.028,1.4485,0.6925,26.95,106.3,134.062,69.936,64.126,14.068,70.3485,64.5689,76.2625,55.9503,50.1962,61.8199,14.6723,11.7709,16.6233,6.7745,5.8064,7.1196,0.573,5.4634,104.591,0.69,6.7182,59.2109,88.485,29.3068,230.7917,339.0837,120.2158,109.9144,169.6333,49.1954,223.9302,332.3543,113.5439,-0.495,-0.052
185,112,,BLR,BY,112,4,Country/Area,923,Belarus,2,Medium,2009,9514.624,9507.337,4421.224,5086.114,46.8549,86.9273,37.7769,-28.186,-2.965,-14.574,-0.153,,107.158,7.502,11.271,1.4811,0.7085,27.085,106.3,135.344,70.682,64.662,14.236,70.4088,64.5784,76.3981,55.9817,50.1852,61.9165,14.6937,11.7568,16.679,6.7666,5.8117,7.1191,0.539,5.0325,106.694,0.653,6.1969,58.2696,87.184,28.691,230.065,339.2868,118.5888,109.7105,169.4561,49.0179,223.5197,332.7593,112.3819,13.61,1.432
185,112,,BLR,BY,112,4,Country/Area,923,Belarus,2,Medium,2010,9500.05,9490.752,4412.608,5078.144,46.7732,86.8941,37.9179,-28.885,-3.043,-18.597,-0.196,,106.778,6.685,11.251,1.4782,0.7076,27.277,106.3,135.663,71.037,64.626,14.294,70.5005,64.6164,76.5557,56.0427,50.2095,62.0222,14.809,11.8256,16.8261,6.8412,5.844,7.2158,0.498,4.6477,106.351,0.609,5.7319,57.6603,86.3663,28.1969,230.5485,339.9392,118.8486,110.0484,169.5115,49.6833,224.3477,333.533,113.2809,10.3,1.085
185,112,,BLR,BY,112,4,Country/Area,923,Belarus,2,Medium,2011,9481.453,9472.735,4402.539,5070.196,46.6844,86.8317,38.0593,-23.129,-2.442,-17.436,-0.184,,109.637,6.27,11.574,1.5241,0.7304,27.412,106.2,132.766,69.172,63.594,14.016,71.0679,65.2377,76.9901,56.563,50.7783,62.4174,15.0131,11.9905,17.0498,6.9146,5.8688,7.3137,0.471,4.3073,109.231,0.578,5.3209,54.1481,80.9335,26.6144,220.0506,325.5535,113.1759,104.6687,160.8348,47.8855,214.3642,319.6535,108.0754,5.686,0.6
185,112,,BLR,BY,112,4,Country/Area,923,Belarus,2,Medium,2012,9464.017,9463.076,4397.152,5065.924,46.6368,86.7986,38.181,-12.786,-1.351,-1.881,-0.02,,115.932,6.164,12.251,1.6234,0.7781,27.485,106.2,128.718,66.232,62.487,13.602,71.8,66.1236,77.4384,57.2725,51.6356,62.8513,15.275,12.2658,17.2811,7.0144,5.9128,7.4366,0.461,4.0064,115.533,0.563,4.9577,50.2273,74.4406,25.3383,206.3856,305.3159,107.4045,97.0114,148.1437,45.6073,200.9176,299.6403,102.4624,10.903,1.152
185,112,,BLR,BY,112,4,Country/Area,923,Belarus,2,Medium,2013,9462.136,9464.453,4398.658,5065.794,46.6436,86.8306,38.2921,-5.912,-0.624,4.634,0.049,,118.179,5.565,12.487,1.6731,0.802,27.718,106.3,124.091,62.81,61.281,13.111,72.6808,67.2024,77.9852,58.1281,52.6748,63.392,15.5219,12.5311,17.498,7.0976,5.9941,7.5184,0.441,3.7382,117.8,0.54,4.6339,45.1127,66.0594,23.5457,188.7818,279.4413,99.1869,87.6879,132.995,42.4079,183.5558,274.1142,94.2907,10.55,1.115
185,112,,BLR,BY,112,4,Country/Area,923,Belarus,2,Medium,2014,9466.77,9472.708,4404.484,5068.224,46.6843,86.9039,38.4111,-3.106,-0.328,11.875,0.125,,118.739,4.849,12.535,1.702,0.8158,27.918,106.5,121.845,61.091,60.754,12.863,73.245,67.8746,78.3789,58.663,53.3083,63.7686,15.7058,12.7295,17.6661,7.1654,6.0766,7.5794,0.415,3.495,118.383,0.511,4.3403,41.1998,60.1043,21.7085,178.7745,265.0956,93.9231,81.6997,123.8113,39.7357,173.8743,260.1702,89.2227,14.979,1.581
185,112,,BLR,BY,112,4,Country/Area,923,Belarus,2,Medium,2015,9478.645,9487.293,4414.172,5073.122,46.7562,87.011,38.53,-0.792,-0.083,17.296,0.182,,119.028,4.105,12.546,1.7281,0.8294,28.169,106.3,119.82,59.84,59.98,12.629,73.7607,68.4651,78.77,59.1507,53.8644,64.1404,15.8776,12.8505,17.8795,7.2414,6.1303,7.6638,0.389,3.2708,118.694,0.482,4.0696,37.5416,54.1423,20.3854,169.7027,251.8045,89.4376,76.4598,115.3298,37.8164,165.1147,247.2367,84.9655,18.088,1.907
185,112,,BLR,BY,112,4,Country/Area,923,Belarus,2,Medium,2016,9495.941,9499.064,4422.812,5076.252,46.8142,87.1275,38.6537,-2.018,-0.213,6.245,0.066,,117.118,3.557,12.329,1.7271,0.8302,28.346,106.1,119.136,59.222,59.915,12.542,74.1532,68.936,79.0503,59.5248,54.3231,64.3953,15.9581,12.8988,17.9905,7.2613,6.1253,7.6946,0.36,3.0608,116.811,0.449,3.8163,34.0899,48.6667,18.9977,161.7728,240.5151,85.1062,71.5203,107.3854,35.9351,157.3786,236.0432,80.9366,8.272,0.871
185,112,,BLR,BY,112,4,Country/Area,923,Belarus,2,Medium,2017,9502.186,9495.79,4423.272,5072.518,46.798,87.2007,38.8152,-16.148,-1.7,-12.793,-0.135,,102.953,2.949,10.842,1.5499,0.7462,28.498,105.9,119.101,59.234,59.867,12.542,74.3618,69.1741,79.2227,59.71,54.5369,64.5458,16.0343,12.9322,18.1069,7.3144,6.148,7.7611,0.301,2.8628,102.701,0.386,3.5774,32.1512,45.6926,18.0938,158.7257,235.5382,84.0067,69.3442,103.5359,35.3822,154.6038,231.3303,80.106,3.337,0.351
185,112,,BLR,BY,112,4,Country/Area,923,Belarus,2,Medium,2018,9489.393,9480.031,4417.818,5062.214,46.7204,87.2705,39.0153,-27.338,-2.884,-18.724,-0.198,,94.468,2.616,9.965,1.4574,0.7025,28.601,105.7,121.806,59.696,62.11,12.849,74.3344,69.2252,79.1343,59.6608,54.5708,64.4308,16.0631,13.0696,18.0531,7.2323,6.1691,7.6375,0.256,2.6762,94.252,0.335,3.3521,31.0185,44.3813,17.0948,161.4148,238.9502,85.6934,69.5431,104.021,35.2007,157.5574,234.9541,82.1172,8.615,0.909
185,112,,BLR,BY,112,4,Country/Area,923,Belarus,2,Medium,2019,9470.669,9435.42,4398.714,5036.706,46.5005,87.3332,39.2884,-36.532,-3.872,-70.499,-0.747,,87.652,2.472,9.29,1.3892,0.6698,28.609,105.8,124.184,60.198,63.986,13.162,74.2555,69.2194,79.0081,59.5591,54.5412,64.2836,16.0958,13.2147,18.0035,7.1591,6.1903,7.5259,0.222,2.5011,87.464,0.293,3.1405,30.7549,44.2115,16.6745,165.6386,243.9793,88.7147,70.7128,105.8983,35.4975,162.0631,240.2788,85.3969,-33.954,-3.599
185,112,,BLR,BY,112,4,Country/Area,923,Belarus,2,Medium,2020,9400.17,9350.944,4358.798,4992.146,46.0842,87.3131,39.595,-64.503,-6.898,-98.452,-1.053,,83.089,2.337,8.886,1.3691,0.6599,28.618,105.8,147.592,73.408,74.184,15.784,72.269,67.1014,77.4276,57.5571,52.405,62.6916,14.6879,11.6373,16.8518,6.5141,5.3286,6.985,0.196,2.3381,82.923,0.258,2.9449,32.0216,46.1908,17.1586,190.8398,279.3927,102.689,78.773,118.432,38.847,187.4431,275.9453,99.4795,-33.954,-3.631
185,112,,BLR,BY,112,4,Country/Area,923,Belarus,2,Medium,2021,9301.718,9251.365,4310.858,4940.507,45.5934,87.2554,39.8814,-66.747,-7.215,-100.706,-1.089,,79.787,2.276,8.624,1.3706,0.6608,28.619,105.8,146.534,72.22,74.314,15.839,72.2206,67.2101,77.1756,57.4931,52.4978,62.4246,14.6403,11.7483,16.6492,6.5395,5.4256,6.9696,0.175,2.1839,79.638,0.229,2.7576,31.1697,44.7727,16.8693,191.7492,279.4727,104.5884,78.5349,117.4556,39.2472,188.5342,276.2074,101.5522,-33.954,-3.67
185,112,,BLR,BY,112,4,Country/Area,923,Belarus,2,Medium,2022,9201.012,9173.237,4274.359,4898.877,45.2084,87.2518,40.1922,-47.55,-5.184,-55.55,-0.606,,73.954,2.149,8.062,1.3264,0.6397,28.629,105.8,121.504,59.102,62.402,13.246,74.3612,69.4376,79.0019,59.6275,54.7197,64.244,16.1711,13.4014,17.9891,7.1136,6.2087,7.4472,0.152,2.0403,73.825,0.2,2.5839,29.5924,42.5885,15.891,165.5892,243.2822,89.2498,70.1598,104.9091,34.9693,162.4392,240.029,86.3171,-8,-0.872
185,112,,BLR,BY,112,4,Country/Area,923,Belarus,2,Medium,2023,9145.462,9115.68,4248.248,4867.432,44.9247,87.279,40.5346,-56.537,-6.202,-59.564,-0.653,,65.05,1.941,7.136,1.2076,0.5825,28.653,105.9,121.587,59.456,62.131,13.338,74.4339,69.5355,79.0653,59.6863,54.8028,64.2948,16.1884,13.4296,18.0135,7.1266,6.2238,7.4615,0.126,1.9051,64.944,0.169,2.4191,29.0656,41.8543,15.5565,164.1601,241.2604,88.3715,69.5197,103.8429,34.6017,161.1685,238.1685,85.5873,-3.034,-0.333
185,112,,BLR,BY,112,4,Country/Area,923,Belarus,2,Medium,2024,9085.898,9056.696,4220.426,4836.27,44.6341,87.2661,40.9166,-55.288,-6.105,-58.404,-0.645,,63.679,1.933,7.031,1.217,0.5861,28.77,105.9,118.967,59.396,59.571,13.136,74.6235,69.7388,79.2226,59.9298,55.0433,64.5255,16.1948,13.3323,18.1125,7.3364,6.3276,7.7119,0.158,2.4677,63.545,0.206,3.102,30.8459,43.3774,17.591,156.0745,229.0153,84.6432,68.0488,100.2939,35.0799,152.4425,225.4736,80.9852,-3.119,-0.344
185,112,,BLR,BY,112,4,Country/Area,923,Belarus,2,Medium,2025,9027.494,8997.603,4191.887,4805.716,44.3428,87.2271,41.3353,-56.761,-6.308,-59.782,-0.664,,62.332,1.947,6.928,1.2247,0.5898,28.89,105.9,119.093,59.38,59.713,13.236,74.7927,69.9351,79.3687,60.0863,55.2278,64.6579,16.2756,13.4243,18.1962,7.3807,6.3736,7.7609,0.147,2.3479,62.207,0.19,2.9555,30.102,42.3708,17.1094,153.6539,225.5063,83.1324,66.8512,98.4497,34.4026,150.1703,222.0938,79.6399,-3.02,-0.336
185,112,,BLR,BY,112,4,Country/Area,923,Belarus,2,Medium,2026,8967.712,8937.018,4162.685,4774.333,44.0442,87.1888,41.7704,-57.762,-6.463,-61.388,-0.687,,61.28,1.984,6.857,1.2345,0.5946,29.014,105.9,119.042,59.254,59.788,13.32,74.967,70.1402,79.5152,60.2521,55.4258,64.7947,16.3718,13.5387,18.2883,7.4244,6.4257,7.8084,0.139,2.2674,61.161,0.179,2.8566,29.5946,41.6829,16.7856,151.3611,222.0817,81.7593,65.8976,96.9456,33.8855,147.9758,218.7482,78.3838,-3.608,-0.404
185,112,,BLR,BY,112,4,Country/Area,923,Belarus,2,Medium,2027,8906.324,8875.626,4133.144,4742.482,43.7417,87.1515,42.2191,-58.671,-6.611,-61.396,-0.692,,60.242,1.994,6.787,1.2404,0.5975,29.141,105.9,118.913,59.124,59.789,13.398,75.1452,70.3498,79.6653,60.4224,55.6282,64.9362,16.4723,13.6561,18.385,7.4724,6.4797,7.8607,0.132,2.1928,60.129,0.169,2.7646,29.0859,40.9901,16.4707,149.0641,218.6239,80.3904,64.9262,95.4254,33.36,145.771,215.3682,77.12,-2.736,-0.308
185,112,,BLR,BY,112,4,Country/Area,923,Belarus,2,Medium,2028,8844.928,8813.86,4103.445,4710.416,43.4373,87.1143,42.6631,-59.219,-6.719,-62.135,-0.705,,59.582,1.961,6.76,1.2491,0.6017,29.27,105.9,118.801,59.033,59.767,13.479,75.3237,70.5577,79.8183,60.5928,55.8286,65.0807,16.5726,13.7716,18.4843,7.5222,6.5307,7.9149,0.126,2.1173,59.474,0.161,2.6716,28.5812,40.3085,16.157,146.7934,215.2146,79.0151,63.9749,93.9427,32.8297,143.5941,212.0422,75.8468,-2.919,-0.331
185,112,,BLR,BY,112,4,Country/Area,923,Belarus,2,Medium,2029,8782.793,8751.058,4073.28,4677.778,43.1278,87.0773,43.1055,-59.853,-6.839,-63.469,-0.725,,58.971,1.904,6.739,1.2541,0.6042,29.401,105.9,118.824,58.994,59.829,13.578,75.4911,70.7566,79.9598,60.7531,56.021,65.2144,16.6672,13.8832,18.5759,7.5687,6.5813,7.9642,0.121,2.0504,58.868,0.154,2.5887,28.11,39.6677,15.8679,144.6707,211.9906,77.7447,63.0648,92.531,32.342,141.5556,208.8902,74.6716,-3.613,-0.413
185,112,,BLR,BY,112,4,Country/Area,923,Belarus,2,Medium,2030,8719.324,8687.632,4042.86,4644.772,42.8152,87.0411,43.5539,-60.067,-6.914,-63.383,-0.73,,58.735,1.87,6.761,1.2626,0.6084,29.53,105.9,118.802,58.918,59.885,13.675,75.6638,70.9627,80.1047,60.9195,56.2214,65.3525,16.7711,14.0044,18.6736,7.6212,6.6388,8.0183,0.117,1.9945,58.635,0.149,2.5185,27.6342,39.0092,15.5876,142.6101,208.8117,76.5336,62.1493,91.1221,31.8694,139.5692,205.7748,73.5435,-3.319,-0.382
185,112,,BLR,BY,112,4,Country/Area,923,Belarus,2,Medium,2031,8655.941,8624.458,4012.631,4611.828,42.5039,87.0074,44.0023,-60.142,-6.974,-62.966,-0.73,,58.78,1.866,6.815,1.2722,0.613,29.659,105.9,118.922,58.888,60.035,13.789,75.83,71.1632,80.2426,61.0799,56.4164,65.4845,16.8713,14.1225,18.7676,7.6731,6.6945,8.0716,0.114,1.9439,58.682,0.145,2.4546,27.1819,38.3757,15.3303,140.6696,205.7473,75.3983,61.272,89.7669,31.4216,137.6968,202.7721,72.4801,-2.821,-0.327
185,112,,BLR,BY,112,4,Country/Area,923,Belarus,2,Medium,2032,8592.975,8561.292,3982.515,4578.778,42.1926,86.9777,44.4481,-60.21,-7.033,-63.366,-0.74,,58.895,1.834,6.879,1.2782,0.6158,29.789,106,119.105,58.86,60.245,13.912,76.0001,71.3673,80.3852,61.2438,56.6146,65.6208,16.974,14.2423,18.8645,7.7251,6.7495,8.1255,0.111,1.8893,58.8,0.14,2.3857,26.7322,37.7359,15.0626,138.6957,202.662,74.2289,60.3881,88.4136,30.964,135.7964,199.7539,71.3881,-3.158,-0.369
185,112,,BLR,BY,112,4,Country/Area,923,Belarus,2,Medium,2033,8529.609,8497.926,3952.457,4545.469,41.8803,86.9538,44.8893,-60.207,-7.085,-63.366,-0.746,,59.228,1.769,6.97,1.2844,0.6189,29.92,106,119.435,58.849,60.587,14.055,76.1646,71.5686,80.5207,61.4027,56.8105,65.7503,17.0732,14.3612,18.9565,7.776,6.8058,8.1763,0.109,1.8394,59.135,0.137,2.3227,26.3025,37.1156,14.8105,136.7794,199.6493,73.1251,59.524,87.0822,30.5332,133.9479,196.8015,70.3575,-3.156,-0.371
185,112,,BLR,BY,112,4,Country/Area,923,Belarus,2,Medium,2034,8466.243,8434.836,3922.738,4512.098,41.5693,86.9382,45.3225,-59.898,-7.101,-62.814,-0.745,,59.889,1.69,7.1,1.2937,0.6234,30.05,106,119.787,58.81,60.976,14.201,76.3363,71.7773,80.6625,61.5684,57.0134,65.8862,17.177,14.4844,19.0535,7.8291,6.863,8.2308,0.107,1.7876,59.798,0.134,2.2572,25.8511,36.4772,14.5527,134.7983,196.5571,71.9855,58.6323,85.7247,30.0857,132.0373,193.7754,69.2905,-2.912,-0.345
185,112,,BLR,BY,112,4,Country/Area,923,Belarus,2,Medium,2035,8403.429,8372.27,3893.526,4478.744,41.261,86.9334,45.7464,-59.587,-7.117,-62.317,-0.744,,60.581,1.566,7.236,1.3003,0.6267,30.181,106,120.168,58.733,61.435,14.353,76.5122,71.9943,80.8047,61.7387,57.2249,66.0227,17.284,14.6135,19.1513,7.8837,6.9258,8.286,0.105,1.739,60.491,0.132,2.1954,25.3878,35.8257,14.2994,132.7681,193.381,70.8553,57.7102,84.317,29.6406,130.0741,190.6614,68.23,-2.73,-0.326
185,112,,BLR,BY,112,4,Country/Area,923,Belarus,2,Medium,2036,8341.112,8310.226,3864.856,4445.37,40.9552,86.9411,46.1595,-59.231,-7.128,-61.772,-0.743,,61.447,1.382,7.394,1.3085,0.6306,30.31,106,120.678,58.705,61.973,14.522,76.6809,72.2022,80.9424,61.9019,57.4272,66.1554,17.3875,14.7365,19.2468,7.9365,6.9832,8.3414,0.104,1.6922,61.358,0.13,2.136,24.9483,35.2053,14.0619,130.8267,190.3653,69.78,56.8293,82.9946,29.2129,128.1974,187.7102,67.2166,-2.544,-0.306
185,112,,BLR,BY,112,4,Country/Area,923,Belarus,2,Medium,2037,8279.34,8248.68,3836.75,4411.931,40.6519,86.9631,46.5456,-59.12,-7.167,-61.32,-0.743,,62.179,1.198,7.538,1.3128,0.6328,30.437,106,121.299,58.686,62.614,14.705,76.843,72.4059,81.0724,62.0587,57.6255,66.2802,17.4859,14.8574,19.3362,7.9848,7.0402,8.3912,0.102,1.6467,62.092,0.128,2.0781,24.5295,34.6054,13.8336,128.9484,187.4406,68.7598,55.9747,81.7087,28.8129,126.3824,184.8465,66.2598,-2.202,-0.267
185,112,,BLR,BY,112,4,Country/Area,923,Belarus,2,Medium,2038,8218.02,8187.278,3809.06,4378.218,40.3493,87.0003,46.9045,-58.801,-7.182,-61.484,-0.751,,63.039,1.067,7.7,1.3194,0.6361,30.563,106,121.84,58.623,63.218,14.882,77.0122,72.6154,81.2101,62.2225,57.8296,66.4129,17.589,14.982,19.4316,8.0367,7.0989,8.4455,0.101,1.6008,62.953,0.126,2.0198,24.0976,33.9966,13.5987,127.0285,184.4667,67.696,55.099,80.4065,28.3927,124.5266,181.9359,65.2584,-2.682,-0.328
185,112,,BLR,BY,112,4,Country/Area,923,Belarus,2,Medium,2039,8156.536,8125.768,3781.68,4344.088,40.0462,87.0535,47.2345,-58.527,-7.202,-61.537,-0.757,,63.776,0.967,7.849,1.3239,0.6382,30.689,106,122.303,58.507,63.796,15.051,77.1859,72.8307,81.3514,62.3912,58.0399,66.5491,17.6956,15.1114,19.53,8.0911,7.1616,8.5019,0.099,1.558,63.691,0.124,1.9654,23.6644,33.3889,13.3615,125.0513,181.4507,66.6185,54.2071,79.0797,27.9658,122.6096,178.9766,64.2431,-3.011,-0.371
185,112,,BLR,BY,112,4,Country/Area,923,Belarus,2,Medium,2040,8094.999,8064.466,3754.766,4309.7,39.7441,87.1236,47.5411,-58.256,-7.224,-61.066,-0.757,,64.586,0.881,8.009,1.331,0.6417,30.814,106,122.842,58.425,64.417,15.233,77.3469,73.034,81.4802,62.5475,58.2385,66.6735,17.7938,15.2334,19.6202,8.141,7.2199,8.5544,0.098,1.5198,64.502,0.123,1.9167,23.2708,32.8219,13.1507,123.2024,178.6298,65.6485,53.3801,77.8432,27.5793,120.8151,176.2093,63.3262,-2.809,-0.348
185,112,,BLR,BY,112,4,Country/Area,923,Belarus,2,Medium,2041,8033.933,8003.444,3728.349,4275.095,39.4433,87.2109,47.8135,-57.886,-7.233,-60.977,-0.762,,65.252,0.79,8.153,1.3365,0.6443,30.939,106,123.138,58.238,64.901,15.386,77.5232,73.2538,81.6221,62.719,58.4534,66.8108,17.9015,15.366,19.7198,8.1968,7.2839,8.6122,0.096,1.4787,65.17,0.121,1.8644,22.8477,32.2174,12.9207,121.2065,175.6171,64.5889,52.4928,76.5228,27.1575,118.8776,173.2539,62.3245,-3.096,-0.387
185,112,,BLR,BY,112,4,Country/Area,923,Belarus,2,Medium,2042,7972.956,7943.01,3702.564,4240.446,39.1455,87.3155,48.0341,-57.548,-7.245,-59.892,-0.754,,65.89,0.701,8.295,1.3438,0.6479,31.063,106,123.438,58.062,65.376,15.54,77.6898,73.4651,81.7539,62.8809,58.6599,66.9381,18.0022,15.4933,19.8121,8.2485,7.3449,8.6651,0.095,1.4398,65.809,0.119,1.8147,22.4482,31.6438,12.7071,119.3219,172.7513,63.6085,51.6801,75.2701,26.7692,117.0487,170.4431,61.399,-2.338,-0.294
185,112,,BLR,BY,112,4,Country/Area,923,Belarus,2,Medium,2043,7913.064,7883.213,3677.404,4205.81,38.8508,87.4363,48.1853,-57.424,-7.284,-59.702,-0.757,,66.215,0.64,8.4,1.3478,0.6499,31.185,106,123.639,57.88,65.759,15.684,77.8531,73.672,81.8842,63.0397,58.8623,67.064,18.1014,15.6182,19.9034,8.2991,7.4045,8.7175,0.093,1.4023,66.136,0.116,1.767,22.0617,31.0887,12.4989,117.4846,169.972,62.6486,50.8963,74.0571,26.3886,115.2653,167.7172,60.492,-2.279,-0.289
185,112,,BLR,BY,112,4,Country/Area,923,Belarus,2,Medium,2044,7853.362,7823.422,3652.505,4170.916,38.5561,87.5708,48.2792,-57.538,-7.355,-59.881,-0.765,,66.14,0.627,8.454,1.3517,0.6519,31.186,106,123.678,57.665,66.014,15.809,78.0169,73.8805,82.0133,63.1992,59.0663,67.1895,18.2007,15.7443,19.9952,8.352,7.4651,8.7719,0.09,1.3675,66.063,0.114,1.7225,21.6819,30.5367,12.3011,115.6524,167.2013,61.7165,50.0977,72.8478,26.0143,113.4836,164.9994,59.6061,-2.346,-0.3
185,112,,BLR,BY,112,4,Country/Area,923,Belarus,2,Medium,2045,7793.481,7763.466,3627.728,4135.738,38.2606,87.7166,48.3052,-57.746,-7.438,-60.03,-0.773,,65.749,0.616,8.469,1.357,0.6545,31.186,106,123.495,57.385,66.11,15.907,78.1888,74.0971,82.1503,63.3667,59.2783,67.3222,18.3048,15.8759,20.0922,8.4084,7.5292,8.8287,0.088,1.3309,65.674,0.11,1.6758,21.2924,29.9718,12.0899,113.7467,164.3596,60.7326,49.2592,71.6056,25.6216,111.6312,162.2109,58.6738,-2.286,-0.294
185,112,,BLR,BY,112,4,Country/Area,923,Belarus,2,Medium,2046,7733.451,7703.322,3603.017,4100.304,37.9642,87.8719,48.2602,-58.234,-7.56,-60.259,-0.782,,65.016,0.606,8.44,1.3635,0.6577,31.187,106,123.25,57.111,66.139,16,78.3532,74.3068,82.2796,63.5269,59.4836,67.4478,18.404,16.0034,20.184,8.4618,7.591,8.8821,0.084,1.2967,64.944,0.107,1.632,20.9226,29.431,11.8933,111.9132,161.6349,59.8082,48.4616,70.4171,25.2529,109.8477,159.5378,57.7966,-2.02,-0.262
185,112,,BLR,BY,112,4,Country/Area,923,Belarus,2,Medium,2047,7673.192,7642.602,3578.131,4064.472,37.665,88.0343,48.1945,-59.102,-7.733,-61.179,-0.801,,63.79,0.599,8.347,1.3677,0.6599,31.188,106,122.892,56.822,66.07,16.08,78.5145,74.5137,82.4059,63.6842,59.6863,67.5703,18.5013,16.1296,20.2735,8.5143,7.653,8.9341,0.081,1.2636,63.721,0.102,1.5897,20.5594,28.9047,11.7019,110.1197,158.9774,58.912,47.6945,69.2552,24.8961,108.1028,156.9296,56.9468,-2.075,-0.271
185,112,,BLR,BY,112,4,Country/Area,923,Belarus,2,Medium,2048,7612.013,7580.623,3552.69,4027.933,37.3595,88.2013,48.1536,-60.264,-7.95,-62.781,-0.828,,62.207,0.595,8.206,1.3716,0.6618,31.188,106,122.471,56.541,65.93,16.156,78.6682,74.7139,82.5237,63.8341,59.8824,67.6849,18.5938,16.2517,20.3577,8.5647,7.7127,8.984,0.077,1.2338,62.142,0.098,1.5514,20.2157,28.4003,11.5299,108.4128,156.4288,58.0895,46.9541,68.1432,24.5656,106.4401,154.4291,56.1632,-2.519,-0.332
185,112,,BLR,BY,112,4,Country/Area,923,Belarus,2,Medium,2049,7549.232,7517.486,3526.692,3990.794,37.0484,88.3707,48.1288,-61.401,-8.168,-63.493,-0.845,,60.419,0.593,8.037,1.3774,0.6646,31.189,106,121.82,56.205,65.616,16.205,78.8319,74.9213,82.6538,63.9938,60.0855,67.8114,18.6931,16.3784,20.4508,8.6189,7.7745,9.0389,0.073,1.2015,60.357,0.093,1.5101,19.8565,27.8841,11.3396,106.6345,153.818,57.1882,46.1844,67.0064,24.2045,104.7096,151.8683,55.3061,-2.092,-0.278
185,112,,BLR,BY,112,4,Country/Area,923,Belarus,2,Medium,2050,7485.739,7453.546,3500.248,3953.298,36.7333,88.5399,48.1016,-62.686,-8.41,-64.386,-0.864,,58.43,0.594,7.839,1.383,0.6674,31.19,106,121.116,55.88,65.236,16.249,78.9923,75.1235,82.7828,64.1513,60.2846,67.9376,18.7884,16.4993,20.5416,8.6713,7.8341,9.092,0.069,1.179,58.371,0.088,1.4807,19.482,27.3471,11.1402,104.8526,151.2277,56.2613,45.38,65.8135,23.8075,102.9631,149.3139,54.4135,-1.701,-0.228
185,112,,BLR,BY,112,4,Country/Area,923,Belarus,2,Medium,2051,7421.353,7388.576,3473.206,3915.369,36.4131,88.707,48.0628,-64.139,-8.681,-65.555,-0.887,,56.262,0.596,7.615,1.387,0.6695,31.191,106,120.401,55.575,64.826,16.296,79.1447,75.3185,82.9023,64.3011,60.4769,68.0548,18.8781,16.6152,20.6265,8.7207,7.8889,9.1426,0.066,1.1592,56.206,0.084,1.4548,19.1302,26.8323,10.9608,103.1638,148.7378,55.4173,44.6162,64.6695,23.4455,101.3061,146.8567,53.5991,-1.418,-0.192
185,112,,BLR,BY,112,4,Country/Area,923,Belarus,2,Medium,2052,7355.798,7322.182,3445.354,3876.827,36.0859,88.8705,48.0281,-65.517,-8.948,-67.232,-0.918,,54.004,0.601,7.375,1.3896,0.6708,31.191,106,119.521,55.212,64.309,16.323,79.3039,75.5204,83.028,64.4576,60.676,68.1779,18.9731,16.7372,20.7163,8.7743,7.9497,9.1968,0.062,1.1389,53.952,0.079,1.4282,18.7753,26.3172,10.7746,101.4797,146.2143,54.545,43.8392,63.5123,23.072,99.6544,144.3654,52.7585,-1.715,-0.234
185,112,,BLR,BY,112,4,Country/Area,923,Belarus,2,Medium,2053,7288.566,7254.285,3416.636,3837.648,35.7512,89.0294,48.0104,-66.739,-9.2,-68.562,-0.945,,51.831,0.607,7.145,1.3934,0.6727,31.192,106,118.57,54.839,63.731,16.345,79.4673,75.7252,83.1584,64.6182,60.878,68.3057,19.0707,16.8603,20.8091,8.8278,8.0095,9.252,0.058,1.118,51.782,0.075,1.401,18.4131,25.796,10.5818,99.7735,143.6678,53.6393,43.0527,62.347,22.6842,97.9815,141.8525,51.8852,-1.825,-0.252
185,112,,BLR,BY,112,4,Country/Area,923,Belarus,2,Medium,2054,7220.004,7185.166,3387.181,3797.985,35.4106,89.1836,48.0312,-67.937,-9.455,-69.675,-0.97,,49.79,0.614,6.93,1.3979,0.675,31.192,106,117.727,54.509,63.218,16.385,79.617,75.9172,83.2751,64.7655,61.0677,68.4199,19.1594,16.9765,20.8915,8.8755,8.067,9.2998,0.055,1.0999,49.743,0.07,1.3771,18.081,25.3195,10.406,98.1757,141.3087,52.8224,42.3291,61.267,22.3354,96.4133,139.5213,51.0992,-1.732,-0.241
185,112,,BLR,BY,112,4,Country/Area,923,Belarus,2,Medium,2055,7150.329,7114.778,3356.955,3757.824,35.0637,89.3324,48.1062,-68.95,-9.691,-71.101,-0.999,,47.832,0.623,6.723,1.3999,0.6759,31.192,106,116.782,54.169,62.613,16.414,79.7728,76.1114,83.4015,64.9188,61.2594,68.5439,19.2538,17.0946,20.9818,8.9273,8.1259,9.3537,0.052,1.0807,47.788,0.066,1.352,17.7442,24.8423,10.2233,96.5353,138.9534,51.9595,41.6052,60.1928,21.966,94.8038,137.1969,50.2665,-2.156,-0.303
185,112,,BLR,BY,112,4,Country/Area,923,Belarus,2,Medium,2056,7079.228,7043.348,3326.062,3717.285,34.7117,89.4756,48.2503,-69.718,-9.899,-71.761,-1.019,,46.137,0.631,6.55,1.4037,0.6778,31.193,106,115.855,53.823,62.032,16.449,79.9301,76.3118,83.5231,65.0734,61.4569,68.6632,19.3489,17.2158,21.0695,8.9788,8.1851,9.4071,0.049,1.0611,46.095,0.063,1.3265,17.4071,24.3519,10.0516,94.8907,136.5391,51.1474,40.8797,59.094,21.6188,93.1905,134.8154,49.4833,-2.044,-0.29
185,112,,BLR,BY,112,4,Country/Area,923,Belarus,2,Medium,2057,7007.467,6971.346,3294.742,3676.603,34.3568,89.6138,48.4539,-70.414,-10.101,-72.243,-1.036,,44.591,0.639,6.396,1.4047,0.6784,31.193,106,115.005,53.511,61.493,16.497,80.0833,76.5051,83.6444,65.2244,61.648,68.7822,19.4433,17.334,21.1564,9.0291,8.2445,9.4589,0.047,1.044,44.551,0.06,1.3041,17.0872,23.8927,9.8799,93.324,134.2426,50.3321,40.1745,58.0483,21.27,91.6519,132.5466,48.6962,-1.817,-0.261
185,112,,BLR,BY,112,4,Country/Area,923,Belarus,2,Medium,2058,6935.224,6899.066,3263.138,3635.928,34.0006,89.747,48.6976,-70.789,-10.26,-72.315,-1.048,,43.4,0.648,6.291,1.4088,0.6804,31.194,106,114.189,53.227,60.962,16.551,80.2366,76.6968,83.7665,65.3752,61.837,68.9022,19.5387,17.4507,21.2451,9.0809,8.3021,9.5137,0.045,1.026,43.362,0.057,1.2807,16.7736,23.4369,9.7145,91.7665,131.9838,49.5365,39.4817,57.0237,20.9292,90.1233,130.3188,47.9267,-1.536,-0.223
185,112,,BLR,BY,112,4,Country/Area,923,Belarus,2,Medium,2059,6862.909,6826.546,3231.295,3595.25,33.6432,89.8768,48.9652,-71.077,-10.411,-72.727,-1.065,,42.397,0.655,6.211,1.4106,0.6813,31.194,106,113.474,52.944,60.529,16.622,80.3889,76.891,83.884,65.5251,62.0286,69.0174,19.6321,17.5701,21.3294,9.1303,8.3627,9.5638,0.043,1.0072,42.361,0.054,1.2563,16.4624,22.9857,9.5492,90.2183,129.7328,48.7578,38.7943,56.0047,20.597,88.6051,128.0988,47.1763,-1.65,-0.242
185,112,,BLR,BY,112,4,Country/Area,923,Belarus,2,Medium,2060,6790.182,6753.786,3199.24,3554.546,33.2846,90.0042,49.2423,-71.281,-10.554,-72.792,-1.078,,41.638,0.663,6.165,1.4123,0.6822,31.194,106,112.919,52.757,60.163,16.719,80.5299,77.0684,83.9958,65.6641,62.2039,69.1274,19.7184,17.6785,21.4106,9.1767,8.4164,9.6135,0.041,0.9923,41.603,0.052,1.2367,16.1793,22.5763,9.3992,88.8181,127.6769,48.0348,38.1627,55.0728,20.2875,87.2297,126.0685,46.4768,-1.51,-0.224
185,112,,BLR,BY,112,4,Country/Area,923,Belarus,2,Medium,2061,6717.39,6681.197,3167.175,3514.021,32.9269,90.1297,49.5249,-71.221,-10.659,-72.386,-1.083,,41.126,0.668,6.156,1.4148,0.6835,31.194,106,112.347,52.541,59.806,16.815,80.6806,77.2552,84.1166,65.8123,62.3882,69.246,19.8118,17.7935,21.4982,9.2271,8.4745,9.6666,0.04,0.9746,41.092,0.05,1.2138,15.882,22.1509,9.2371,87.352,125.5502,47.2564,37.5087,54.1132,19.9548,85.7921,123.9721,45.7243,-1.16,-0.174
185,112,,BLR,BY,112,4,Country/Area,923,Belarus,2,Medium,2062,6645.004,6608.835,3135.154,3473.682,32.5703,90.2545,49.8216,-71.085,-10.756,-72.338,-1.095,,40.774,0.671,6.17,1.4156,0.6839,31.195,106,111.859,52.35,59.51,16.926,80.8309,77.4411,84.2368,65.9605,62.5718,69.3641,19.9054,17.9071,21.5853,9.2766,8.53,9.7194,0.039,0.9577,40.741,0.049,1.1919,15.5866,21.7291,9.0752,85.8925,123.4301,46.4875,36.8586,53.1556,19.627,84.3602,121.8794,44.9828,-1.259,-0.19
185,112,,BLR,BY,112,4,Country/Area,923,Belarus,2,Medium,2063,6572.666,6536.558,3103.135,3433.423,32.2141,90.3802,50.1433,-70.673,-10.812,-72.216,-1.105,,40.681,0.67,6.224,1.4195,0.6858,31.195,106,111.354,52.129,59.225,17.036,80.9865,77.6321,84.362,66.1138,62.7603,69.4872,20.0035,18.0259,21.6769,9.3305,8.591,9.7759,0.038,0.9405,40.648,0.048,1.1696,15.2922,21.3096,8.913,84.4277,121.3095,45.7031,36.2054,52.202,19.2918,82.9232,119.7881,44.2242,-1.541,-0.236
185,112,,BLR,BY,112,4,Country/Area,923,Belarus,2,Medium,2064,6500.45,6464.519,3071.222,3393.296,31.859,90.5085,50.4854,-70.278,-10.872,-71.862,-1.112,,40.659,0.664,6.289,1.4211,0.6866,31.195,106,110.937,51.928,59.01,17.161,81.1381,77.8184,84.4834,66.2634,62.9448,69.6066,20.0995,18.1425,21.7658,9.383,8.651,9.8306,0.038,0.926,40.627,0.047,1.1507,15.012,20.912,8.757,83.0154,119.2646,44.9474,35.5733,51.283,18.9689,81.5351,117.7669,43.4929,-1.585,-0.245
185,112,,BLR,BY,112,4,Country/Area,923,Belarus,2,Medium,2065,6428.588,6392.854,3039.488,3353.365,31.5059,90.64,50.8381,-69.795,-10.918,-71.469,-1.118,,40.747,0.656,6.374,1.4225,0.6873,31.195,106,110.542,51.746,58.796,17.292,81.2916,78.0029,84.6099,66.4148,63.1272,69.7309,20.1977,18.2569,21.8587,9.4363,8.7078,9.8882,0.037,0.9105,40.715,0.046,1.1305,14.7304,20.5171,8.5951,81.6147,117.241,44.1722,34.9412,50.3748,18.6388,80.1601,115.7672,42.745,-1.667,-0.261
185,112,,BLR,BY,112,4,Country/Area,923,Belarus,2,Medium,2066,6357.119,6321.65,3007.99,3313.66,31.1549,90.7755,51.1931,-69.205,-10.948,-70.939,-1.122,,41.029,0.643,6.49,1.4276,0.6899,31.196,106,110.234,51.578,58.656,17.438,81.4362,78.1786,84.7274,66.5576,63.3014,69.8465,20.2903,18.3667,21.945,9.4864,8.7639,9.9414,0.037,0.8981,40.998,0.046,1.1141,14.4703,20.1506,8.4474,80.3045,115.3379,43.4536,34.3498,49.5196,18.3319,78.8713,113.8839,42.0494,-1.74,-0.275
185,112,,BLR,BY,112,4,Country/Area,923,Belarus,2,Medium,2067,6286.18,6251.087,2976.831,3274.256,30.8072,90.9163,51.5489,-68.572,-10.969,-70.186,-1.123,,41.319,0.627,6.61,1.431,0.6917,31.197,106,109.891,51.387,58.504,17.579,81.5797,78.3529,84.844,66.6994,63.4739,69.9615,20.3837,18.4773,22.0317,9.5388,8.8225,9.9965,0.037,0.8851,41.288,0.045,1.0973,14.2203,19.7973,8.3066,79.0293,113.4978,42.7619,33.7832,48.6968,18.0363,77.6176,112.0652,41.3792,-1.619,-0.259
185,112,,BLR,BY,112,4,Country/Area,923,Belarus,2,Medium,2068,6215.994,6181.422,2946.136,3235.285,30.4639,91.0627,51.9034,-67.84,-10.975,-69.145,-1.119,,41.657,0.609,6.739,1.435,0.6936,31.197,106,109.497,51.177,58.32,17.714,81.7303,78.5331,84.968,66.8481,63.6524,70.0834,20.481,18.5897,22.1235,9.5919,8.8787,10.0539,0.036,0.8715,41.626,0.045,1.0794,13.9554,19.4269,8.1533,77.6837,111.5723,42.0247,33.1902,47.834,17.7227,76.2952,110.1601,40.6678,-1.3,-0.21
185,112,,BLR,BY,112,4,Country/Area,923,Belarus,2,Medium,2069,6146.849,6112.59,2915.878,3196.712,30.1246,91.2149,52.2593,-67.105,-10.978,-68.518,-1.121,,41.944,0.587,6.862,1.4368,0.6945,31.197,106,109.049,50.934,58.115,17.84,81.879,78.7091,85.0929,66.9951,63.8267,70.2065,20.5801,18.7033,22.2171,9.6471,8.9382,10.1123,0.036,0.8586,41.913,0.044,1.0628,13.7112,19.0882,8.0093,76.4177,109.7839,41.3097,32.6415,47.0456,17.4212,75.0508,108.3927,39.9749,-1.419,-0.232
185,112,,BLR,BY,112,4,Country/Area,923,Belarus,2,Medium,2070,6078.331,6044.486,2886.012,3158.474,29.789,91.3736,52.5856,-66.348,-10.977,-67.691,-1.12,,42.259,0.567,6.991,1.4403,0.6962,31.198,106,108.607,50.685,57.922,17.968,82.0177,78.8762,85.2063,67.1323,63.9924,70.3183,20.6734,18.8118,22.303,9.7003,8.9965,10.1676,0.036,0.8477,42.228,0.044,1.0485,13.4882,18.7744,7.8823,75.2486,108.1055,40.6798,32.132,46.3035,17.1555,73.9003,106.7314,39.3651,-1.347,-0.223
185,112,,BLR,BY,112,4,Country/Area,923,Belarus,2,Medium,2071,6010.64,5977.05,2856.514,3120.536,29.4567,91.5392,52.8647,-65.658,-10.985,-67.181,-1.124,,42.507,0.543,7.112,1.443,0.6977,31.198,106,108.165,50.434,57.731,18.097,82.1492,79.0346,85.3142,67.2622,64.1493,70.4247,20.7614,18.9146,22.3842,9.7495,9.051,10.2184,0.036,0.8368,42.477,0.044,1.0344,13.2768,18.4775,7.7616,74.1489,106.5297,40.0728,31.6525,45.6106,16.8992,72.8189,105.1744,38.7756,-1.514,-0.253
185,112,,BLR,BY,112,4,Country/Area,923,Belarus,2,Medium,2072,5943.459,5910.45,2827.446,3083.004,29.1284,91.7108,53.0708,-64.829,-10.968,-66.017,-1.117,,42.671,0.522,7.22,1.4452,0.6988,31.198,106,107.5,50.108,57.392,18.188,82.2923,79.2023,85.435,67.4038,64.3156,70.5441,20.8579,19.0231,22.4761,9.8057,9.1078,10.2775,0.035,0.8263,42.641,0.043,1.0206,13.0528,18.1658,7.6304,72.9768,104.8635,39.4116,31.1405,44.8763,16.6197,71.6652,103.5256,38.1337,-1.183,-0.2
185,112,,BLR,BY,112,4,Country/Area,923,Belarus,2,Medium,2073,5877.442,5844.722,2798.809,3045.914,28.8045,91.8873,53.2167,-64.048,-10.958,-65.439,-1.12,,42.766,0.502,7.317,1.4478,0.7001,31.199,106,106.814,49.778,57.036,18.275,82.4242,79.357,85.5467,67.5344,64.469,70.6544,20.9472,19.1236,22.5614,9.8587,9.1613,10.3331,0.035,0.817,42.736,0.043,1.0082,12.8499,17.8831,7.5122,71.9082,103.3454,38.8116,30.6746,44.2077,16.3657,70.613,102.0233,37.5506,-1.397,-0.239
185,112,,BLR,BY,112,4,Country/Area,923,Belarus,2,Medium,2074,5812.003,5779.793,2770.562,3009.231,28.4845,92.0688,53.3109,-63.228,-10.94,-64.42,-1.115,,42.75,0.482,7.396,1.4502,0.7013,31.199,106,105.978,49.364,56.613,18.336,82.5605,79.5186,85.6599,67.6693,64.6293,70.766,21.0393,19.2294,22.6473,9.912,9.2184,10.3879,0.034,0.8062,42.721,0.042,0.9943,12.6404,17.5927,7.3883,70.8042,101.7815,38.1976,30.1963,43.5196,16.1072,69.5271,100.4759,36.9563,-1.201,-0.208
185,112,,BLR,BY,112,4,Country/Area,923,Belarus,2,Medium,2075,5747.583,5715.777,2742.74,2973.037,28.169,92.2538,53.3697,-62.35,-10.908,-63.612,-1.113,,42.615,0.466,7.456,1.4525,0.7024,31.199,106,104.965,48.905,56.059,18.364,82.6987,79.6802,85.7764,67.8059,64.7892,70.8812,21.1336,19.335,22.737,9.9672,9.2746,10.4472,0.034,0.7951,42.586,0.042,0.98,12.433,17.3025,7.2687,69.7074,100.2334,37.589,29.7239,42.8428,15.8496,68.4488,98.9473,36.3649,-1.248,-0.218
185,112,,BLR,BY,112,4,Country/Area,923,Belarus,2,Medium,2076,5683.971,5652.578,2715.275,2937.303,27.8576,92.4411,53.3952,-61.472,-10.875,-62.786,-1.111,,42.344,0.451,7.491,1.4544,0.7034,31.2,106,103.816,48.39,55.426,18.366,82.8379,79.8422,85.8946,67.9438,64.9499,70.9979,21.2288,19.441,22.8276,10.0226,9.3314,10.5062,0.033,0.7851,42.316,0.041,0.967,12.2263,17.0162,7.1464,68.6104,98.6893,36.9686,29.2489,42.1655,15.5874,67.3691,97.4199,35.7621,-1.316,-0.233
185,112,,BLR,BY,112,4,Country/Area,923,Belarus,2,Medium,2077,5621.185,5590.076,2688.097,2901.978,27.5495,92.6298,53.3443,-60.739,-10.865,-62.219,-1.113,,41.873,0.439,7.491,1.4539,0.7032,31.199,106,102.612,47.851,54.761,18.356,82.9674,79.9949,86.0027,68.072,65.1014,71.1047,21.3171,19.5412,22.9102,10.0739,9.3853,10.5593,0.033,0.7759,41.845,0.04,0.9551,12.0348,16.7496,7.0343,67.5955,97.2483,36.3988,28.8081,41.534,15.3467,66.3701,95.9947,35.2083,-1.48,-0.265
185,112,,BLR,BY,112,4,Country/Area,923,Belarus,2,Medium,2078,5558.966,5528.406,2661.247,2867.158,27.2456,92.8183,53.199,-59.815,-10.82,-61.121,-1.106,,41.36,0.429,7.481,1.4565,0.7045,31.2,106,101.175,47.237,53.938,18.301,83.1009,80.1501,86.1161,68.2042,65.2554,71.2167,21.4105,19.6452,22.9986,10.1295,9.4424,10.618,0.032,0.7671,41.333,0.039,0.9436,11.8509,16.496,6.9242,66.6066,95.8383,35.8391,28.3812,40.9227,15.1135,65.3964,94.5977,34.6661,-1.308,-0.237
185,112,,BLR,BY,112,4,Country/Area,923,Belarus,2,Medium,2079,5497.845,5467.664,2634.729,2832.934,26.9462,93.0035,53.0271,-58.972,-10.786,-60.363,-1.104,,40.67,0.423,7.438,1.4568,0.7046,31.2,106,99.642,46.605,53.037,18.224,83.2305,80.2986,86.2286,68.3328,65.403,71.3281,21.5011,19.7448,23.0862,10.1831,9.4966,10.6754,0.031,0.7596,40.644,0.038,0.9336,11.6751,16.2549,6.8172,65.6545,94.4968,35.2822,27.9705,40.342,14.8812,64.458,93.2686,34.1243,-1.381,-0.253
185,112,,BLR,BY,112,4,Country/Area,923,Belarus,2,Medium,2080,5437.482,5407.683,2608.433,2799.25,26.6506,93.1833,52.8508,-58.107,-10.745,-59.598,-1.102,,39.896,0.416,7.378,1.4579,0.7052,31.2,106,98.003,45.955,52.049,18.123,83.3546,80.4397,86.338,68.4559,65.5431,71.4363,21.5886,19.84,23.1719,10.2369,9.5498,10.7327,0.03,0.7524,39.87,0.037,0.924,11.5101,16.0298,6.7158,64.7568,93.2407,34.7533,27.5839,39.7976,14.66,63.5733,92.0243,33.6096,-1.496,-0.277
185,112,,BLR,BY,112,4,Country/Area,923,Belarus,2,Medium,2081,5377.884,5348.627,2582.408,2766.219,26.3596,93.3552,52.6754,-57.026,-10.662,-58.514,-1.094,,39.085,0.414,7.307,1.4609,0.7068,31.2,106,96.111,45.205,50.905,17.969,83.4994,80.604,86.464,68.5995,65.7063,71.561,21.6909,19.9505,23.271,10.299,9.6101,10.7993,0.029,0.7438,39.06,0.036,0.9128,11.3195,15.7682,6.6003,63.7195,91.7835,34.1524,27.1387,39.1682,14.4087,62.5512,90.581,33.0252,-1.484,-0.277
185,112,,BLR,BY,112,4,Country/Area,923,Belarus,2,Medium,2082,5319.37,5290.581,2556.68,2733.901,26.0735,93.5177,52.507,-56.131,-10.61,-57.578,-1.088,,38.169,0.412,7.214,1.4626,0.7077,31.201,106,94.3,44.49,49.81,17.824,83.6268,80.7501,86.5743,68.7257,65.8515,71.6699,21.781,20.0499,23.357,10.3536,9.6664,10.8557,0.028,0.7353,38.145,0.035,0.9017,11.1516,15.5407,6.4954,62.8113,90.5112,33.6201,26.7487,38.6175,14.1877,61.6576,89.321,32.5097,-1.448,-0.274
185,112,,BLR,BY,112,4,Country/Area,923,Belarus,2,Medium,2083,5261.792,5233.511,2531.2,2702.311,25.7923,93.668,52.3532,-55.111,-10.531,-56.561,-1.081,,37.19,0.414,7.106,1.4636,0.7082,31.201,106,92.301,43.751,48.55,17.637,83.7701,80.9075,86.7043,68.8677,66.0078,71.7986,21.8835,20.1558,23.4598,10.4167,9.724,10.9257,0.027,0.7269,37.167,0.034,0.8906,10.9688,15.2948,6.3793,61.8159,89.1377,33.0163,26.322,38.0256,13.935,60.6771,87.9607,31.9227,-1.459,-0.279
185,112,,BLR,BY,112,4,Country/Area,923,Belarus,2,Medium,2084,5205.231,5177.397,2505.946,2671.451,25.5157,93.8047,52.2226,-54.269,-10.482,-55.668,-1.075,,36.186,0.414,6.989,1.4643,0.7086,31.201,106,90.455,43.043,47.412,17.471,83.8963,81.0527,86.813,68.993,66.152,71.9062,21.9735,20.2549,23.5451,10.4717,9.7805,10.9823,0.026,0.7195,36.164,0.032,0.8809,10.8075,15.0735,6.2814,60.9338,87.8978,32.5048,25.9434,37.49,13.7215,59.8081,86.7333,31.425,-1.391,-0.269
185,112,,BLR,BY,112,4,Country/Area,923,Belarus,2,Medium,2085,5149.563,5122.14,2480.882,2641.258,25.2434,93.928,52.1197,-53.483,-10.441,-54.846,-1.071,,35.193,0.417,6.871,1.4652,0.709,31.201,106,88.676,42.386,46.29,17.312,84.0193,81.1939,86.9189,69.1151,66.2925,72.0111,22.0609,20.3502,23.6288,10.5253,9.833,11.0391,0.025,0.7136,35.172,0.031,0.873,10.6516,14.8584,6.1882,60.074,86.6792,32.0179,25.5734,36.9622,13.5177,58.9593,85.5238,30.9512,-1.376,-0.269
185,112,,BLR,BY,112,4,Country/Area,923,Belarus,2,Medium,2086,5094.717,5067.766,2456.014,2611.752,24.9754,94.037,52.0463,-52.723,-10.404,-53.902,-1.064,,34.225,0.419,6.753,1.4659,0.7094,31.201,106,86.948,41.746,45.202,17.157,84.1441,81.3362,87.0274,69.2388,66.4338,72.1185,22.1501,20.4476,23.7144,10.5805,9.8887,11.0963,0.024,0.7062,34.204,0.03,0.8634,10.4957,14.6457,6.0924,59.2202,85.4855,31.5172,25.2076,36.4475,13.3086,58.1185,84.3424,30.4639,-1.177,-0.232
185,112,,BLR,BY,112,4,Country/Area,923,Belarus,2,Medium,2087,5040.815,5014.225,2431.318,2582.906,24.7116,94.1311,52.006,-51.979,-10.366,-53.18,-1.061,,33.365,0.423,6.654,1.469,0.7109,31.201,106,85.344,41.179,44.165,17.02,84.2676,81.4737,87.1384,69.3612,66.5704,72.2281,22.2384,20.5409,23.8018,10.6342,9.94,11.1548,0.023,0.698,33.345,0.029,0.8528,10.3407,14.4389,5.992,58.3801,84.3257,31.0089,24.8493,35.9492,13.0975,57.2925,83.1942,29.9724,-1.191,-0.238
185,112,,BLR,BY,112,4,Country/Area,923,Belarus,2,Medium,2088,4987.635,4961.454,2406.769,2554.686,24.4515,94.21,51.9998,-51.329,-10.346,-52.362,-1.055,,32.513,0.426,6.553,1.4696,0.7112,31.201,106,83.842,40.645,43.197,16.899,84.3936,81.6144,87.251,69.4862,66.7101,72.3396,22.3292,20.6371,23.891,10.6903,9.9943,11.2153,0.023,0.6905,32.494,0.028,0.8431,10.1868,14.2312,5.8951,57.5375,83.1592,30.5032,24.4892,35.4478,12.8861,56.4628,82.0399,29.4805,-1.031,-0.208
185,112,,BLR,BY,112,4,Country/Area,923,Belarus,2,Medium,2089,4935.273,4909.294,2382.305,2526.988,24.1944,94.2745,52.0268,-50.797,-10.347,-51.959,-1.058,,31.718,0.428,6.461,1.4689,0.711,31.201,106,82.515,40.182,42.333,16.808,84.5183,81.7541,87.3616,69.61,66.8491,72.4491,22.4189,20.7321,23.9793,10.7462,10.0472,11.2763,0.022,0.6844,31.7,0.027,0.835,10.0365,14.0266,5.8023,56.7059,81.9948,30.0191,24.1323,34.9449,12.6833,55.6425,80.8847,29.0099,-1.171,-0.238
185,112,,BLR,BY,112,4,Country/Area,923,Belarus,2,Medium,2090,4883.314,4857.564,2357.865,2499.698,23.9395,94.326,52.0846,-50.257,-10.346,-51.501,-1.06,,31.074,0.432,6.397,1.4711,0.7121,31.202,106,81.331,39.752,41.578,16.743,84.6483,81.8984,87.4782,69.7389,66.9924,72.5646,22.5134,20.8318,24.0722,10.8058,10.1052,11.3402,0.021,0.6764,31.056,0.026,0.8248,9.8826,13.8196,5.7046,55.8619,80.8302,29.5096,23.7716,34.4444,12.4701,54.812,79.7329,28.5144,-1.242,-0.256
185,112,,BLR,BY,112,4,Country/Area,923,Belarus,2,Medium,2091,4831.813,4806.297,2333.498,2472.799,23.6868,94.3667,52.1677,-49.949,-10.392,-51.032,-1.062,,30.5,0.433,6.346,1.4721,0.7126,31.202,106,80.449,39.447,41.002,16.738,84.7663,82.0285,87.5853,69.8559,67.1216,72.6707,22.5986,20.9204,24.1575,10.8583,10.1539,11.3983,0.02,0.6698,30.483,0.025,0.8161,9.7422,13.6305,5.6158,55.0904,79.7666,29.0419,23.4429,33.9895,12.2744,54.0523,78.6807,28.059,-1.081,-0.225
185,112,,BLR,BY,112,4,Country/Area,923,Belarus,2,Medium,2092,4780.781,4755.353,2309.175,2446.177,23.4358,94.3993,52.2727,-49.711,-10.454,-50.856,-1.069,,30.013,0.434,6.311,1.4724,0.7128,31.202,106,79.724,39.173,40.551,16.765,84.8862,82.1619,87.6924,69.975,67.2543,72.777,22.6856,21.0121,24.2432,10.9131,10.2068,11.4571,0.02,0.6644,29.996,0.025,0.8089,9.6033,13.4424,5.529,54.3161,78.6923,28.5812,23.1108,33.5256,12.0813,53.2881,77.6152,27.6097,-1.145,-0.241
185,112,,BLR,BY,112,4,Country/Area,923,Belarus,2,Medium,2093,4729.925,4704.489,2284.812,2419.676,23.1851,94.4263,52.3978,-49.507,-10.524,-50.873,-1.081,,29.655,0.433,6.303,1.4743,0.7138,31.202,106,79.162,38.956,40.205,16.827,85.0103,82.2978,87.8057,70.0981,67.3892,72.8891,22.776,21.1054,24.3339,10.9697,10.259,11.5197,0.02,0.6565,29.638,0.024,0.7988,9.4588,13.2495,5.4358,53.5263,77.6059,28.1014,22.7749,33.0613,11.8811,52.5116,76.5409,27.1445,-1.37,-0.291
185,112,,BLR,BY,112,4,Country/Area,923,Belarus,2,Medium,2094,4679.052,4653.766,2260.476,2393.291,22.9351,94.4505,52.539,-49.341,-10.602,-50.571,-1.087,,29.394,0.432,6.316,1.4768,0.715,31.202,106,78.735,38.759,39.976,16.918,85.1385,82.44,87.9203,70.2252,67.5303,73.0026,22.8699,21.2039,24.4262,11.0293,10.3159,11.5842,0.019,0.6491,29.378,0.023,0.7894,9.3135,13.0517,5.3459,52.7236,76.4918,27.6251,22.4329,32.5848,11.6812,51.7215,75.4398,26.6803,-1.224,-0.263
185,112,,BLR,BY,112,4,Country/Area,923,Belarus,2,Medium,2095,4628.481,4603.212,2236.22,2366.992,22.686,94.4752,52.6922,-49.333,-10.717,-50.539,-1.098,,29.211,0.428,6.346,1.479,0.716,31.203,106,78.544,38.649,39.895,17.063,85.2543,82.5671,88.0258,70.3403,67.6568,73.1073,22.9545,21.2916,24.511,11.0828,10.3666,11.6429,0.019,0.6441,29.195,0.023,0.7828,9.1834,12.8771,5.2631,51.9963,75.4894,27.1854,22.1211,32.1522,11.4968,51.0037,74.4454,26.2516,-1.212,-0.263
185,112,,BLR,BY,112,4,Country/Area,923,Belarus,2,Medium,2096,4577.942,4552.796,2212.048,2340.748,22.4375,94.5018,52.8538,-49.359,-10.841,-50.293,-1.105,,29.068,0.424,6.385,1.4795,0.7162,31.203,106,78.427,38.564,39.863,17.226,85.3751,82.6975,88.138,70.4602,67.7864,73.2186,23.0431,21.3812,24.6016,11.139,10.4171,11.7065,0.019,0.638,29.052,0.023,0.7748,9.0488,12.6969,5.1769,51.2499,74.4666,26.7281,21.8027,31.714,11.3048,50.2682,73.4328,25.8059,-0.928,-0.204
185,112,,BLR,BY,112,4,Country/Area,923,Belarus,2,Medium,2097,4527.649,4502.446,2187.961,2314.485,22.1894,94.5334,53.0212,-49.427,-10.978,-50.407,-1.12,,28.975,0.418,6.435,1.4792,0.7161,31.203,106,78.402,38.471,39.931,17.413,85.4942,82.831,88.2431,70.5786,67.9193,73.3228,23.1304,21.474,24.6864,11.1949,10.4717,11.7656,0.018,0.633,28.959,0.022,0.7681,8.9176,12.518,5.0963,50.5136,73.4368,26.2997,21.4866,31.2691,11.1251,49.5413,72.4111,25.3882,-0.987,-0.219
185,112,,BLR,BY,112,4,Country/Area,923,Belarus,2,Medium,2098,4477.242,4452.024,2163.912,2288.112,21.9409,94.572,53.1908,-49.402,-11.096,-50.437,-1.133,,28.96,0.41,6.505,1.4807,0.7169,31.203,106,78.362,38.385,39.977,17.601,85.6201,82.9664,88.3602,70.7036,68.0538,73.4389,23.2234,21.5678,24.7815,11.2552,10.5254,11.8332,0.018,0.6265,28.945,0.022,0.7597,8.7811,12.3353,5.0088,49.7561,72.3984,25.8366,21.1636,30.8245,10.9305,48.7953,71.3835,24.9372,-1.03,-0.231
185,112,,BLR,BY,112,4,Country/Area,923,Belarus,2,Medium,2099,4426.805,4401.466,2139.883,2261.583,21.6917,94.6188,53.3593,-49.368,-11.217,-50.679,-1.151,,29.003,0.403,6.589,1.4835,0.7183,31.203,106,78.371,38.285,40.086,17.806,85.7404,83.0983,88.4695,70.823,68.1848,73.5474,23.3123,21.6601,24.8697,11.3124,10.5799,11.8945,0.018,0.6202,28.988,0.022,0.7516,8.651,12.1607,4.926,49.0337,71.407,25.3961,20.8556,30.3997,10.7458,48.0838,70.4031,24.5076,-1.312,-0.298
185,112,,BLR,BY,112,4,Country/Area,923,Belarus,2,Medium,2100,4376.126,4350.962,2115.984,2234.977,21.4428,94.6759,53.5226,-49.284,-11.327,-50.329,-1.157,,29.06,0.394,6.679,1.4865,0.7198,31.204,106,78.344,38.172,40.172,18.006,85.8591,83.2259,88.58,70.9409,68.3118,73.657,23.4003,21.749,24.9596,11.3699,10.6324,11.9584,0.018,0.6151,29.045,0.022,0.7449,8.5258,11.994,4.8448,48.3309,70.4447,24.9653,20.5545,29.9848,10.5648,47.3904,69.4486,24.0879,-1.043,-0.24
185,112,,BLR,BY,112,4,Country/Area,923,Belarus,2,Medium,2101,4325.797,,,,,,,,,,,,,,,,,,,,,,,,,,,,,,,,,,,,,,,,,,,,,,,,,,,,,
